日期,收盘,涨跌幅,成交量,成交额,PER,PBR,時価総額,営業利益率,ROA,ROE,配当利回り,EPS,开盘,最高,最低
2018-01-01,327.5269775390625,,0,0.0,14.366999,5.2344007,59369500672.0,37.221,28.386,40.511,419.00000000000006,49.21,,,
2018-01-02,327.5269775390625,0.0,0,0.0,14.366999,5.2344007,59369500672.0,37.221,28.386,40.511,419.00000000000006,49.21,,,
2018-01-03,327.5269775390625,0.0,0,0.0,14.366999,5.2344007,59369500672.0,37.221,28.386,40.511,419.00000000000006,49.21,,,
2018-01-04,333.92218017578125,1.9525727879792896,573000,191337409.24072263,14.366999,5.2344007,59369500672.0,37.221,28.386,40.511,419.00000000000006,49.21,,,
2018-01-05,358.1327209472656,7.250354186936492,1080000,386783338.6230469,14.366999,5.2344007,59369500672.0,37.221,28.386,40.511,419.00000000000006,49.21,,,
2018-01-08,358.1327209472656,0.0,0,0.0,14.366999,5.2344007,59369500672.0,37.221,28.386,40.511,419.00000000000006,49.21,,,
2018-01-09,334.8357849121094,-6.505112398983137,1816000,608061785.4003906,14.366999,5.2344007,59369500672.0,37.221,28.386,40.511,419.00000000000006,49.21,,,
2018-01-10,347.6262512207031,3.819922148390176,1175000,408460845.1843262,14.366999,5.2344007,59369500672.0,37.221,28.386,40.511,419.00000000000006,49.21,,,
2018-01-11,351.2807006835937,1.0512581975779645,557000,195663350.2807617,14.366999,5.2344007,59369500672.0,37.221,28.386,40.511,419.00000000000006,49.21,,,
2018-01-12,351.73748779296875,0.1300347865641704,599000,210690755.18798828,14.366999,5.2344007,59369500672.0,37.221,28.386,40.511,419.00000000000006,49.21,,,
2018-01-15,365.4415893554688,3.896116290728213,889000,324877572.9370117,14.366999,5.2344007,59369500672.0,37.221,28.386,40.511,419.00000000000006,49.21,,,
2018-01-16,359.0462951660156,-1.7500181631577627,766000,275029462.097168,14.366999,5.2344007,59369500672.0,37.221,28.386,40.511,419.00000000000006,49.21,,,
2018-01-17,385.9976196289063,7.50636472949231,1956000,755011343.9941406,14.366999,5.2344007,59369500672.0,37.221,28.386,40.511,419.00000000000006,49.21,,,
2018-01-18,380.0592041015625,-1.538459105797818,888000,337492573.2421875,14.366999,5.2344007,59369500672.0,37.221,28.386,40.511,419.00000000000006,49.21,,,
2018-01-19,403.8128967285156,6.24999799257735,1148000,463577205.444336,14.366999,5.2344007,59369500672.0,37.221,28.386,40.511,419.00000000000006,49.21,,,
2018-01-22,412.0353393554688,2.0362010954992016,2154000,887524120.9716797,14.366999,5.2344007,59369500672.0,37.221,28.386,40.511,419.00000000000006,49.21,,,
2018-01-23,428.93701171875,4.101995811747572,1189000,510006106.93359375,14.366999,5.2344007,59369500672.0,37.221,28.386,40.511,419.00000000000006,49.21,,,
2018-01-24,422.9985961914063,-1.3844493165904526,1697000,717828617.7368164,14.366999,5.2344007,59369500672.0,37.221,28.386,40.511,419.00000000000006,49.21,,,
2018-01-25,412.4920959472656,-2.483814447314725,728000,300294245.8496094,14.366999,5.2344007,59369500672.0,37.221,28.386,40.511,419.00000000000006,49.21,,,
2018-01-26,411.5785217285156,-0.221476781670693,1464000,602550955.8105469,14.366999,5.2344007,59369500672.0,37.221,28.386,40.511,419.00000000000006,49.21,,,
2018-01-29,412.4920959472656,0.2219683901174551,1027000,423629382.5378418,14.366999,5.2344007,59369500672.0,37.221,28.386,40.511,419.00000000000006,49.21,,,
2018-01-30,415.6897277832031,0.775198329217508,751000,312182985.56518555,14.366999,5.2344007,59369500672.0,37.221,28.386,40.511,419.00000000000006,49.21,,,
2018-01-31,412.0353393554688,-0.8791144412498619,717000,295429338.3178711,14.366999,5.2344007,59369500672.0,37.221,28.386,40.511,419.00000000000006,49.21,,,
2018-02-01,426.1961975097656,3.436806701203876,1106000,471372994.4458008,14.366999,5.2344007,59369500672.0,37.221,28.386,40.511,419.00000000000006,49.21,,,
2018-02-02,413.8625183105469,-2.8938970528793018,1160000,480080521.2402344,14.366999,5.2344007,59369500672.0,37.221,28.386,40.511,419.00000000000006,49.21,,,
2018-02-05,349.9102478027344,-15.452539835903943,2988000,1045531820.4345704,14.366999,5.2344007,59369500672.0,37.221,28.386,40.511,419.00000000000006,49.21,,,
2018-02-06,319.76129150390625,-8.61619700713222,2744000,877424983.8867188,14.366999,5.2344007,59369500672.0,37.221,28.386,40.511,419.00000000000006,49.21,,,
2018-02-07,300.57568359375,-5.999978239993409,2568000,771878355.46875,14.366999,5.2344007,59369500672.0,37.221,28.386,40.511,419.00000000000006,49.21,,,
2018-02-08,301.032470703125,0.1519707462405373,1997000,601161843.9941406,14.366999,5.2344007,59369500672.0,37.221,28.386,40.511,419.00000000000006,49.21,,,
2018-02-09,301.946044921875,0.3034802912178058,1262000,381055908.6914063,14.366999,5.2344007,59369500672.0,37.221,28.386,40.511,419.00000000000006,49.21,,,
2018-02-12,301.946044921875,0.0,0,0.0,14.366999,5.2344007,59369500672.0,37.221,28.386,40.511,419.00000000000006,49.21,,,
2018-02-13,307.88446044921875,1.966714128969716,1408000,433501320.3125,14.366999,5.2344007,59369500672.0,37.221,28.386,40.511,419.00000000000006,49.21,,,
2018-02-14,300.1188049316406,-2.5222628989614027,2355000,706779785.6140137,14.366999,5.2344007,59369500672.0,37.221,28.386,40.511,419.00000000000006,49.21,,,
2018-02-15,312.4525146484375,4.109609099505174,2507000,783318454.2236328,14.366999,5.2344007,59369500672.0,37.221,28.386,40.511,419.00000000000006,49.21,,,
2018-02-16,295.09405517578125,-5.555551214618159,1194000,352342301.8798828,14.366999,5.2344007,59369500672.0,37.221,28.386,40.511,419.00000000000006,49.21,,,
2018-02-19,303.7732238769531,2.9411533539711154,864000,262460065.4296875,14.366999,5.2344007,59369500672.0,37.221,28.386,40.511,419.00000000000006,49.21,,,
2018-02-20,298.2916259765625,-1.8045033167936488,775000,231176010.131836,14.366999,5.2344007,59369500672.0,37.221,28.386,40.511,419.00000000000006,49.21,,,
2018-02-21,299.6620788574219,0.4594339101450462,2492000,746757900.5126953,14.366999,5.2344007,59369500672.0,37.221,28.386,40.511,419.00000000000006,49.21,,,
2018-02-22,341.6878356933594,14.02438273009954,2545000,869595541.8395996,14.366999,5.2344007,59369500672.0,37.221,28.386,40.511,419.00000000000006,49.21,,,
2018-02-23,324.32940673828125,-5.080201031989939,2176000,705740789.0625,14.366999,5.2344007,59369500672.0,37.221,28.386,40.511,419.00000000000006,49.21,,,
2018-02-26,329.8110046386719,1.6901328669262528,1449000,477896145.7214356,14.366999,5.2344007,59369500672.0,37.221,28.386,40.511,419.00000000000006,49.21,,,
2018-02-27,339.4038391113281,2.9085853224229963,1775000,602441814.4226074,14.366999,5.2344007,59369500672.0,37.221,28.386,40.511,419.00000000000006,49.21,,,
2018-02-28,332.5517883300781,-2.018848932054196,833000,277015639.6789551,14.366999,5.2344007,59369500672.0,37.221,28.386,40.511,419.00000000000006,49.21,,,
2018-03-01,340.31744384765625,2.335171780784484,1089000,370605696.35009766,14.366999,5.2344007,59369500672.0,37.221,28.386,40.511,419.00000000000006,49.21,,,
2018-03-02,328.4405822753906,-3.489936171941377,866000,284429544.2504883,14.366999,5.2344007,59369500672.0,37.221,28.386,40.511,419.00000000000006,49.21,,,
2018-03-05,322.9589233398437,-1.668995620934144,1052000,339752787.3535156,14.366999,5.2344007,59369500672.0,37.221,28.386,40.511,419.00000000000006,49.21,,,
2018-03-06,341.6878356933594,5.799162370196398,1046000,357405476.1352539,14.366999,5.2344007,59369500672.0,37.221,28.386,40.511,419.00000000000006,49.21,,,
2018-03-07,327.0701599121094,-4.278079069331675,1021000,333938633.2702637,14.366999,5.2344007,59369500672.0,37.221,28.386,40.511,419.00000000000006,49.21,,,
2018-03-08,343.5150451660156,5.027938121388176,940000,322904142.4560547,14.366999,5.2344007,59369500672.0,37.221,28.386,40.511,419.00000000000006,49.21,,,
2018-03-09,352.1942749023437,2.526593771790564,990000,348672332.1533203,14.366999,5.2344007,59369500672.0,37.221,28.386,40.511,419.00000000000006,49.21,,,
2018-03-12,359.9599304199219,2.204935193716984,1078000,388036804.9926758,14.366999,5.2344007,59369500672.0,37.221,28.386,40.511,419.00000000000006,49.21,,,
2018-03-13,384.627197265625,6.852781312888578,1914000,736176455.5664062,14.366999,5.2344007,59369500672.0,37.221,28.386,40.511,419.00000000000006,49.21,,,
2018-03-14,394.2200622558594,2.494068297414098,1865000,735220416.1071777,14.366999,5.2344007,59369500672.0,37.221,28.386,40.511,419.00000000000006,49.21,,,
2018-03-15,393.3064575195313,-0.2317499345670493,971000,381900570.2514648,14.366999,5.2344007,59369500672.0,37.221,28.386,40.511,419.00000000000006,49.21,,,
2018-03-16,399.2449035644531,1.5098775856297708,928000,370499270.5078125,14.366999,5.2344007,59369500672.0,37.221,28.386,40.511,419.00000000000006,49.21,,,
2018-03-19,385.08404541015625,-3.5469101866721253,1018000,392015558.2275391,14.366999,5.2344007,59369500672.0,37.221,28.386,40.511,419.00000000000006,49.21,,,
2018-03-20,386.9112243652344,0.4744883556866197,827000,319975582.5500488,14.366999,5.2344007,59369500672.0,37.221,28.386,40.511,419.00000000000006,49.21,,,
2018-03-21,386.9112243652344,0.0,0,0.0,14.366999,5.2344007,59369500672.0,37.221,28.386,40.511,419.00000000000006,49.21,,,
2018-03-22,407.010498046875,5.194802429062495,1255000,510798175.0488281,14.366999,5.2344007,59369500672.0,37.221,28.386,40.511,419.00000000000006,49.21,,,
2018-03-23,408.38092041015625,0.33670442650926,1500000,612571380.6152344,14.366999,5.2344007,59369500672.0,37.221,28.386,40.511,419.00000000000006,49.21,,,
2018-03-26,412.4920959472656,1.0067011781501378,1491000,615025715.057373,14.366999,5.2344007,59369500672.0,37.221,28.386,40.511,419.00000000000006,49.21,,,
2018-03-27,433.0482177734375,4.983397749468588,1771000,766928393.6767578,14.366999,5.2344007,59369500672.0,37.221,28.386,40.511,419.00000000000006,49.21,,,
2018-03-28,446.2955017089844,3.0590782716204634,1411000,629722952.911377,14.366999,5.2344007,59369500672.0,37.221,28.386,40.511,419.00000000000006,49.21,,,
2018-03-29,437.6162414550781,-1.944733975733804,1110000,485754028.0151367,14.366999,5.2344007,59369500672.0,37.221,28.386,40.511,419.00000000000006,49.21,,,
2018-03-30,436.2458190917969,-0.3131561933635285,1535000,669637332.3059082,14.366999,5.2344007,59369500672.0,37.221,28.386,40.511,419.00000000000006,49.21,,,
2018-04-02,426.6529846191406,-2.198951612333433,1100000,469318283.0810547,14.366999,5.2344007,59369500672.0,37.221,28.386,40.511,419.00000000000006,49.21,,,
2018-04-03,473.2467651367188,10.92076750832316,5994000,2836641110.229492,14.366999,5.2344007,59369500672.0,37.221,28.386,40.511,419.00000000000006,49.21,,,
2018-04-04,468.6788024902344,-0.965239064056722,2028000,950480611.4501952,14.366999,5.2344007,59369500672.0,37.221,28.386,40.511,419.00000000000006,49.21,,,
2018-04-05,450.863525390625,-3.801169800074456,1462000,659162474.1210938,14.366999,5.2344007,59369500672.0,37.221,28.386,40.511,419.00000000000006,49.21,,,
2018-04-06,456.8019104003906,1.3171136442276188,973000,444468258.8195801,14.366999,5.2344007,59369500672.0,37.221,28.386,40.511,419.00000000000006,49.21,,,
2018-04-09,479.6419982910156,4.999998329824296,1715000,822586027.0690918,14.366999,5.2344007,59369500672.0,37.221,28.386,40.511,419.00000000000006,49.21,,,
2018-04-10,474.160400390625,-1.142851943725065,969000,459461427.9785156,14.366999,5.2344007,59369500672.0,37.221,28.386,40.511,419.00000000000006,49.21,,,
2018-04-11,475.073974609375,0.1926719772459728,1406000,667954008.3007812,14.366999,5.2344007,59369500672.0,37.221,28.386,40.511,419.00000000000006,49.21,,,
2018-04-12,480.5556335449219,1.153853763522639,829000,398380620.2087402,14.366999,5.2344007,59369500672.0,37.221,28.386,40.511,419.00000000000006,49.21,,,
2018-04-13,473.2467651367188,-1.520920346784349,640000,302877929.6875,14.366999,5.2344007,59369500672.0,37.221,28.386,40.511,419.00000000000006,49.21,,,
2018-04-16,444.9251098632813,-5.98454281356905,1348000,599759048.0957031,14.366999,5.2344007,59369500672.0,37.221,28.386,40.511,419.00000000000006,49.21,,,
2018-04-17,446.2955017089844,0.3080050586770078,1911000,852870703.7658691,14.366999,5.2344007,59369500672.0,37.221,28.386,40.511,419.00000000000006,49.21,,,
2018-04-18,456.3451232910156,2.251786438256387,746000,340433461.97509766,14.366999,5.2344007,59369500672.0,37.221,28.386,40.511,419.00000000000006,49.21,,,
2018-04-19,443.5546875,-2.80279883321094,765000,339319335.9375,14.366999,5.2344007,59369500672.0,37.221,28.386,40.511,419.00000000000006,49.21,,,
2018-04-20,408.38092041015625,-7.929973029502424,2141000,874343550.5981445,14.366999,5.2344007,59369500672.0,37.221,28.386,40.511,419.00000000000006,49.21,,,
2018-04-23,403.3560791015625,-1.2304299876563896,1150000,463859490.9667969,14.366999,5.2344007,59369500672.0,37.221,28.386,40.511,419.00000000000006,49.21,,,
2018-04-24,401.9856872558594,-0.3397474134406386,819000,329226277.8625488,14.366999,5.2344007,59369500672.0,37.221,28.386,40.511,419.00000000000006,49.21,,,
2018-04-25,395.7731628417969,-1.5454591073806756,460500,182253541.48864743,14.366999,5.2344007,59369500672.0,37.221,28.386,40.511,419.00000000000006,49.21,,,
2018-04-26,395.7731628417969,0.0,1102000,436142025.45166016,14.366999,5.2344007,59369500672.0,37.221,28.386,40.511,419.00000000000006,49.21,,,
2018-04-27,404.72650146484375,2.2622399555236594,573000,231908285.33935547,14.366999,5.2344007,59369500672.0,37.221,28.386,40.511,419.00000000000006,49.21,,,
2018-04-30,404.72650146484375,0.0,0,0.0,14.366999,5.2344007,59369500672.0,37.221,28.386,40.511,419.00000000000006,49.21,,,
2018-05-01,405.8228149414063,0.2708776105825983,419000,170039759.46044922,14.366999,5.2344007,59369500672.0,37.221,28.386,40.511,419.00000000000006,49.21,,,
2018-05-02,401.9856872558594,-0.9455179808214752,327500,131650312.57629396,14.366999,5.2344007,59369500672.0,37.221,28.386,40.511,419.00000000000006,49.21,,,
2018-05-03,401.9856872558594,0.0,0,0.0,14.366999,5.2344007,59369500672.0,37.221,28.386,40.511,419.00000000000006,49.21,,,
2018-05-04,401.9856872558594,0.0,0,0.0,14.366999,5.2344007,59369500672.0,37.221,28.386,40.511,419.00000000000006,49.21,,,
2018-05-07,400.8893127441406,-0.2727396886200384,321500,128885914.0472412,14.366999,5.2344007,59369500672.0,37.221,28.386,40.511,419.00000000000006,49.21,,,
2018-05-08,424.0949401855469,5.788537310351494,867000,367690313.14086914,14.366999,5.2344007,59369500672.0,37.221,28.386,40.511,419.00000000000006,49.21,,,
2018-05-09,402.5338439941406,-5.084025803744085,671000,270100209.3200684,14.366999,5.2344007,59369500672.0,37.221,28.386,40.511,419.00000000000006,49.21,,,
2018-05-10,403.99560546875,0.3631400182665611,422000,170486145.5078125,14.366999,5.2344007,59369500672.0,37.221,28.386,40.511,419.00000000000006,49.21,,,
2018-05-11,393.5804748535156,-2.578030670197473,599500,235951494.67468265,14.366999,5.2344007,59369500672.0,37.221,28.386,40.511,419.00000000000006,49.21,,,
2018-05-14,415.3243103027344,5.524622494881504,668000,277436639.28222656,14.366999,5.2344007,59369500672.0,37.221,28.386,40.511,419.00000000000006,49.21,,,
2018-05-15,429.02838134765625,3.2996072478716387,777500,333569566.49780273,14.366999,5.2344007,59369500672.0,37.221,28.386,40.511,419.00000000000006,49.21,,,
2018-05-16,431.2210083007813,0.5110680431531289,669000,288486854.55322266,14.366999,5.2344007,59369500672.0,37.221,28.386,40.511,419.00000000000006,49.21,,,
2018-05-17,448.2140502929688,3.9406804550521146,720000,322714116.2109375,14.366999,5.2344007,59369500672.0,37.221,28.386,40.511,419.00000000000006,49.21,,,
2018-05-18,449.4930725097656,0.2853596882919751,654500,294193215.9576416,14.366999,5.2344007,59369500672.0,37.221,28.386,40.511,419.00000000000006,49.21,,,
2018-05-21,473.79486083984375,5.406487845160313,1240500,587742524.8718262,14.366999,5.2344007,59369500672.0,37.221,28.386,40.511,419.00000000000006,49.21,,,
2018-05-22,503.7611083984375,6.324730391856903,2252000,1134470016.1132812,14.366999,5.2344007,59369500672.0,37.221,28.386,40.511,419.00000000000006,49.21,,,
2018-05-23,498.4622802734375,-1.051853356017518,1537500,766385755.9204102,14.366999,5.2344007,59369500672.0,37.221,28.386,40.511,419.00000000000006,49.21,,,
2018-05-24,494.2596435546875,-0.843120309212686,786500,388735209.6557617,14.366999,5.2344007,59369500672.0,37.221,28.386,40.511,419.00000000000006,49.21,,,
2018-05-25,475.6220703125,-3.77080619169049,1109000,527464875.9765625,14.366999,5.2344007,59369500672.0,37.221,28.386,40.511,419.00000000000006,49.21,,,
2018-05-28,484.575439453125,1.882454515776,526000,254886681.1523437,14.366999,5.2344007,59369500672.0,37.221,28.386,40.511,419.00000000000006,49.21,,,
2018-05-29,454.9747009277344,-6.108592412111724,739500,336453791.3360596,14.366999,5.2344007,59369500672.0,37.221,28.386,40.511,419.00000000000006,49.21,,,
2018-05-30,459.542724609375,1.0040170744276544,691500,317773794.0673828,14.366999,5.2344007,59369500672.0,37.221,28.386,40.511,419.00000000000006,49.21,,,
2018-05-31,448.7621765136719,-2.345929446465922,667500,299548752.822876,14.366999,5.2344007,59369500672.0,37.221,28.386,40.511,419.00000000000006,49.21,,,
2018-06-01,442.9151611328125,-1.302920719897449,432500,191560807.1899414,14.366999,5.2344007,59369500672.0,37.221,28.386,40.511,419.00000000000006,49.21,,,
2018-06-04,431.9518737792969,-2.475256734376763,564000,243620856.81152344,14.366999,5.2344007,59369500672.0,37.221,28.386,40.511,419.00000000000006,49.21,,,
2018-06-05,435.0581970214844,0.7191364202241424,720000,313241901.85546875,14.366999,5.2344007,59369500672.0,37.221,28.386,40.511,419.00000000000006,49.21,,,
2018-06-06,422.8157958984375,-2.813968615431539,772500,326625202.33154297,14.366999,5.2344007,59369500672.0,37.221,28.386,40.511,419.00000000000006,49.21,,,
2018-06-07,411.8525390625,-2.592915624791592,1226000,504931212.890625,14.366999,5.2344007,59369500672.0,37.221,28.386,40.511,419.00000000000006,49.21,,,
2018-06-08,440.7224731445313,7.00977445659261,1155500,509254817.71850586,14.366999,5.2344007,59369500672.0,37.221,28.386,40.511,419.00000000000006,49.21,,,
2018-06-11,440.3570556640625,-0.0829132850570402,1000500,440577234.1918945,14.366999,5.2344007,59369500672.0,37.221,28.386,40.511,419.00000000000006,49.21,,,
2018-06-12,451.6857299804688,2.572611059750707,748500,338086768.89038086,14.366999,5.2344007,59369500672.0,37.221,28.386,40.511,419.00000000000006,49.21,,,
2018-06-13,463.9280395507813,2.7103600485323787,912500,423334336.0900879,14.366999,5.2344007,59369500672.0,37.221,28.386,40.511,419.00000000000006,49.21,,,
2018-06-14,460.0909118652344,-0.827095445505377,714000,328504911.07177734,14.366999,5.2344007,59369500672.0,37.221,28.386,40.511,419.00000000000006,49.21,,,
2018-06-15,453.3302307128906,-1.4694228853457614,693000,314157849.8840332,14.366999,5.2344007,59369500672.0,37.221,28.386,40.511,419.00000000000006,49.21,,,
2018-06-18,443.2805480957031,-2.2168569259949256,879500,389865242.0501709,14.366999,5.2344007,59369500672.0,37.221,28.386,40.511,419.00000000000006,49.21,,,
2018-06-19,446.2041320800781,0.6595335610674713,886000,395336861.0229492,14.366999,5.2344007,59369500672.0,37.221,28.386,40.511,419.00000000000006,49.21,,,
2018-06-20,443.6460266113281,-0.5733038501514631,747000,331403581.8786621,14.366999,5.2344007,59369500672.0,37.221,28.386,40.511,419.00000000000006,49.21,,,
2018-06-21,451.8684387207031,1.853372196789338,547500,247397970.19958496,14.366999,5.2344007,59369500672.0,37.221,28.386,40.511,419.00000000000006,49.21,,,
2018-06-22,438.5298461914063,-2.9518752332117093,520000,228035520.01953125,14.366999,5.2344007,59369500672.0,37.221,28.386,40.511,419.00000000000006,49.21,,,
2018-06-25,404.5437622070313,-7.7500047669596945,1262500,510736499.78637695,14.366999,5.2344007,59369500672.0,37.221,28.386,40.511,419.00000000000006,49.21,,,
2018-06-26,403.2646789550781,-0.3161792051804113,1336500,538963243.4234619,14.366999,5.2344007,59369500672.0,37.221,28.386,40.511,419.00000000000006,49.21,,,
2018-06-27,406.5536804199219,0.8155937369387356,727500,295767802.5054932,14.366999,5.2344007,59369500672.0,37.221,28.386,40.511,419.00000000000006,49.21,,,
2018-06-28,403.6301574707031,-0.7190988767335926,749500,302520803.024292,14.366999,5.2344007,59369500672.0,37.221,28.386,40.511,419.00000000000006,49.21,,,
2018-06-29,420.9886474609375,4.300592923732238,788000,331739054.19921875,14.366999,5.2344007,59369500672.0,37.221,28.386,40.511,419.00000000000006,49.21,,,
2018-07-02,411.8525390625,-2.170155526411244,786000,323716095.703125,14.366999,5.2344007,59369500672.0,37.221,28.386,40.511,419.00000000000006,49.21,,,
2018-07-03,420.8059387207031,2.1739333399725336,953500,401238462.5701904,14.366999,5.2344007,59369500672.0,37.221,28.386,40.511,419.00000000000006,49.21,,,
2018-07-04,416.9687805175781,-0.9118593275537878,586000,244343705.3833008,14.366999,5.2344007,59369500672.0,37.221,28.386,40.511,419.00000000000006,49.21,,,
2018-07-05,397.05224609375,-4.776504945791382,709000,281510042.48046875,14.366999,5.2344007,59369500672.0,37.221,28.386,40.511,419.00000000000006,49.21,,,
2018-07-06,408.746337890625,2.945227463620448,473000,193337017.8222656,14.366999,5.2344007,59369500672.0,37.221,28.386,40.511,419.00000000000006,49.21,,,
2018-07-09,446.3868103027344,9.208760769908464,1411000,629851789.3371582,14.366999,5.2344007,59369500672.0,37.221,28.386,40.511,419.00000000000006,49.21,,,
2018-07-10,467.3997192382813,4.707331948561877,1474500,689180886.0168457,14.366999,5.2344007,59369500672.0,37.221,28.386,40.511,419.00000000000006,49.21,,,
2018-07-11,469.5923461914063,0.4691117394546751,1680000,788915141.6015625,14.366999,5.2344007,59369500672.0,37.221,28.386,40.511,419.00000000000006,49.21,,,
2018-07-12,472.6985778808594,0.6614740880352965,1481000,700066593.8415527,14.366999,5.2344007,59369500672.0,37.221,28.386,40.511,419.00000000000006,49.21,,,
2018-07-13,488.7780456542969,3.4016323563998974,1263500,617571060.6842041,14.366999,5.2344007,59369500672.0,37.221,28.386,40.511,419.00000000000006,49.21,,,
2018-07-16,488.7780456542969,0.0,0,0.0,14.366999,5.2344007,59369500672.0,37.221,28.386,40.511,419.00000000000006,49.21,,,
2018-07-17,452.23388671875,-7.47663673940745,1715000,775581115.7226562,14.366999,5.2344007,59369500672.0,37.221,28.386,40.511,419.00000000000006,49.21,,,
2018-07-18,456.6191711425781,0.969693902340274,720500,328994112.80822754,14.366999,5.2344007,59369500672.0,37.221,28.386,40.511,419.00000000000006,49.21,,,
2018-07-19,452.7820434570313,-0.8403343372433092,278500,126099799.1027832,14.366999,5.2344007,59369500672.0,37.221,28.386,40.511,419.00000000000006,49.21,,,
2018-07-20,473.79486083984375,4.64082392101457,902500,427599861.907959,14.366999,5.2344007,59369500672.0,37.221,28.386,40.511,419.00000000000006,49.21,,,
2018-07-23,508.1463928222656,7.250296451407401,2041500,1037380860.9466552,14.366999,5.2344007,59369500672.0,37.221,28.386,40.511,419.00000000000006,49.21,,,
2018-07-24,505.4056396484375,-0.5393629104805564,2212500,1118209977.722168,14.366999,5.2344007,59369500672.0,37.221,28.386,40.511,419.00000000000006,49.21,,,
2018-07-25,503.9438171386719,-0.2892374748296178,1137000,572984120.0866699,14.366999,5.2344007,59369500672.0,37.221,28.386,40.511,419.00000000000006,49.21,,,
2018-07-26,502.84765625,-0.217516487233782,966500,486002259.765625,14.366999,5.2344007,59369500672.0,37.221,28.386,40.511,419.00000000000006,49.21,,,
2018-07-27,465.20709228515625,-7.485480641502695,3135500,1458656837.8601074,14.366999,5.2344007,59369500672.0,37.221,28.386,40.511,419.00000000000006,49.21,,,
2018-07-30,472.3331604003906,1.5318055621702298,1024000,483669156.25,14.366999,5.2344007,59369500672.0,37.221,28.386,40.511,419.00000000000006,49.21,,,
2018-07-31,450.7720947265625,-4.564800331941776,1526500,688103602.6000977,14.366999,5.2344007,59369500672.0,37.221,28.386,40.511,419.00000000000006,49.21,,,
2018-08-01,459.1773376464844,1.8646324868491384,558500,256450543.07556152,14.366999,5.2344007,59369500672.0,37.221,28.386,40.511,419.00000000000006,49.21,,,
2018-08-02,455.8883361816406,-0.7162813133813506,589500,268746174.17907715,14.366999,5.2344007,59369500672.0,37.221,28.386,40.511,419.00000000000006,49.21,,,
2018-08-03,434.6926574707031,-4.649313664934929,793500,344928623.7030029,14.366999,5.2344007,59369500672.0,37.221,28.386,40.511,419.00000000000006,49.21,,,
2018-08-06,420.9886474609375,-3.152574531510055,812500,342053276.0620117,14.366999,5.2344007,59369500672.0,37.221,28.386,40.511,419.00000000000006,49.21,,,
2018-08-07,427.0184326171875,1.4322916289113197,382500,163334550.47607422,14.366999,5.2344007,59369500672.0,37.221,28.386,40.511,419.00000000000006,49.21,,,
2018-08-08,441.4533996582031,3.380408417628256,519500,229335041.1224365,14.366999,5.2344007,59369500672.0,37.221,28.386,40.511,419.00000000000006,49.21,,,
2018-08-09,440.7224731445313,-0.1655727454444311,373000,164389482.48291016,14.366999,5.2344007,59369500672.0,37.221,28.386,40.511,419.00000000000006,49.21,,,
2018-08-10,442.0015258789063,0.2902172710297801,420000,185640640.86914065,14.366999,5.2344007,59369500672.0,37.221,28.386,40.511,419.00000000000006,49.21,,,
2018-08-13,444.5596008300781,0.5787479909905802,720500,320305192.3980713,14.366999,5.2344007,59369500672.0,37.221,28.386,40.511,419.00000000000006,49.21,,,
2018-08-14,458.0809631347656,3.041518455442316,541000,247821801.0559082,14.366999,5.2344007,59369500672.0,37.221,28.386,40.511,419.00000000000006,49.21,,,
2018-08-15,442.5497131347656,-3.3905032625053177,558000,246942739.9291992,14.366999,5.2344007,59369500672.0,37.221,28.386,40.511,419.00000000000006,49.21,,,
2018-08-16,419.8923034667969,-5.119743385997655,619500,260123281.99768063,14.366999,5.2344007,59369500672.0,37.221,28.386,40.511,419.00000000000006,49.21,,,
2018-08-17,424.0949401855469,1.0008844372834114,343000,145464564.48364258,14.366999,5.2344007,59369500672.0,37.221,28.386,40.511,419.00000000000006,49.21,,,
2018-08-20,424.4603576660156,0.0861640745605019,427500,181456802.90222168,14.366999,5.2344007,59369500672.0,37.221,28.386,40.511,419.00000000000006,49.21,,,
2018-08-21,416.7861022949219,-1.8080028517367897,459000,191304820.9533692,14.366999,5.2344007,59369500672.0,37.221,28.386,40.511,419.00000000000006,49.21,,,
2018-08-22,426.28759765625,2.2797054194011457,410500,174991058.83789062,14.366999,5.2344007,59369500672.0,37.221,28.386,40.511,419.00000000000006,49.21,,,
2018-08-23,456.43646240234375,7.072423620075674,1004000,458262208.2519531,14.366999,5.2344007,59369500672.0,37.221,28.386,40.511,419.00000000000006,49.21,,,
2018-08-24,462.6489868164063,1.3610929287648066,629000,291006212.70751953,14.366999,5.2344007,59369500672.0,37.221,28.386,40.511,419.00000000000006,49.21,,,
2018-08-27,472.5158996582031,2.13269954608426,681500,322019585.6170654,14.366999,5.2344007,59369500672.0,37.221,28.386,40.511,419.00000000000006,49.21,,,
2018-08-28,471.0541076660156,-0.3093635564951125,583000,274624544.7692871,14.366999,5.2344007,59369500672.0,37.221,28.386,40.511,419.00000000000006,49.21,,,
2018-08-29,461.55267333984375,-2.0170579497225227,517000,238622732.1166992,14.366999,5.2344007,59369500672.0,37.221,28.386,40.511,419.00000000000006,49.21,,,
2018-08-30,481.2864990234375,4.275530578297326,1300000,625672448.7304688,14.366999,5.2344007,59369500672.0,37.221,28.386,40.511,419.00000000000006,49.21,,,
2018-08-31,486.5854187011719,1.1009907172726097,1361500,662486047.5616455,14.366999,5.2344007,59369500672.0,37.221,28.386,40.511,419.00000000000006,49.21,,,
2018-09-03,467.7651672363281,-3.867820682970746,866500,405318517.4102783,14.366999,5.2344007,59369500672.0,37.221,28.386,40.511,419.00000000000006,49.21,,,
2018-09-04,447.6658630371094,-4.296879205001602,1709500,765284792.8619385,14.366999,5.2344007,59369500672.0,37.221,28.386,40.511,419.00000000000006,49.21,,,
2018-09-05,448.2140502929688,0.1224545584379122,415500,186232937.8967285,14.366999,5.2344007,59369500672.0,37.221,28.386,40.511,419.00000000000006,49.21,,,
2018-09-06,451.8684387207031,0.8153221491708607,422000,190688481.14013672,14.366999,5.2344007,59369500672.0,37.221,28.386,40.511,419.00000000000006,49.21,,,
2018-09-07,455.157470703125,0.7278738014395492,395500,180014779.66308594,14.366999,5.2344007,59369500672.0,37.221,28.386,40.511,419.00000000000006,49.21,,,
2018-09-10,455.7055969238281,0.120425623214837,616500,280942500.50354004,14.366999,5.2344007,59369500672.0,37.221,28.386,40.511,419.00000000000006,49.21,,,
2018-09-11,449.3103332519531,-1.4033761522889487,400500,179948788.46740723,14.366999,5.2344007,59369500672.0,37.221,28.386,40.511,419.00000000000006,49.21,,,
2018-09-12,441.2706298828125,-1.7893430829760917,460500,203205125.0610352,14.366999,5.2344007,59369500672.0,37.221,28.386,40.511,419.00000000000006,49.21,,,
2018-09-13,431.58642578125,-2.1946178707008657,493000,212772107.91015625,14.366999,5.2344007,59369500672.0,37.221,28.386,40.511,419.00000000000006,49.21,,,
2018-09-14,431.2210083007813,-0.0846684368738581,374000,161276657.1044922,14.366999,5.2344007,59369500672.0,37.221,28.386,40.511,419.00000000000006,49.21,,,
2018-09-17,431.2210083007813,0.0,0,0.0,14.366999,5.2344007,59369500672.0,37.221,28.386,40.511,419.00000000000006,49.21,,,
2018-09-18,443.6460266113281,2.8813573715964047,905000,401499654.083252,14.366999,5.2344007,59369500672.0,37.221,28.386,40.511,419.00000000000006,49.21,,,
2018-09-19,459.9081726074219,3.665567822236082,1346500,619266354.4158936,14.366999,5.2344007,59369500672.0,37.221,28.386,40.511,419.00000000000006,49.21,,,
2018-09-20,456.2537536621094,-0.7945975224997626,579000,264170923.37036133,14.366999,5.2344007,59369500672.0,37.221,28.386,40.511,419.00000000000006,49.21,,,
2018-09-21,448.3967590332031,-1.7220668467584743,759000,340333140.1062012,14.366999,5.2344007,59369500672.0,37.221,28.386,40.511,419.00000000000006,49.21,,,
2018-09-24,448.3967590332031,0.0,0,0.0,14.366999,5.2344007,59369500672.0,37.221,28.386,40.511,419.00000000000006,49.21,,,
2018-09-25,459.9081726074219,2.56723835360424,409500,188332396.6827393,14.366999,5.2344007,59369500672.0,37.221,28.386,40.511,419.00000000000006,49.21,,,
2018-09-26,471.4747314453125,2.514971363155971,659000,310701848.02246094,14.366999,5.2344007,59369500672.0,37.221,28.386,40.511,419.00000000000006,49.21,,,
2018-09-27,462.8457336425781,-1.8302142675349908,512500,237208438.4918213,14.366999,5.2344007,59369500672.0,37.221,28.386,40.511,419.00000000000006,49.21,,,
2018-09-28,462.6620788574219,-0.0396794810467171,416500,192698755.8441162,14.366999,5.2344007,59369500672.0,37.221,28.386,40.511,419.00000000000006,49.21,,,
2018-10-01,472.9434814453125,2.2222272059299275,419000,198163318.725586,14.366999,5.2344007,59369500672.0,37.221,28.386,40.511,419.00000000000006,49.21,,,
2018-10-02,470.7402648925781,-0.4658519758008572,361500,170172605.758667,14.366999,5.2344007,59369500672.0,37.221,28.386,40.511,419.00000000000006,49.21,,,
2018-10-03,459.908203125,-2.301069735356076,451000,207418599.609375,14.366999,5.2344007,59369500672.0,37.221,28.386,40.511,419.00000000000006,49.21,,,
2018-10-04,473.4942932128906,2.9540873582109217,542000,256633906.92138672,14.366999,5.2344007,59369500672.0,37.221,28.386,40.511,419.00000000000006,49.21,,,
2018-10-05,454.9510803222656,-3.916248444052029,649000,295263251.1291504,14.366999,5.2344007,59369500672.0,37.221,28.386,40.511,419.00000000000006,49.21,,,
2018-10-08,454.9510803222656,0.0,0,0.0,14.366999,5.2344007,59369500672.0,37.221,28.386,40.511,419.00000000000006,49.21,,,
2018-10-09,442.0993957519531,-2.8248497753228685,567500,250891407.0892334,14.366999,5.2344007,59369500672.0,37.221,28.386,40.511,419.00000000000006,49.21,,,
2018-10-10,429.7984313964844,-2.78239791179683,687000,295271522.3693848,14.366999,5.2344007,59369500672.0,37.221,28.386,40.511,419.00000000000006,49.21,,,
2018-10-11,410.3372497558594,-4.527978749804296,989000,405823540.0085449,14.366999,5.2344007,59369500672.0,37.221,28.386,40.511,419.00000000000006,49.21,,,
2018-10-12,418.96624755859375,2.102903845036841,497500,208435708.1604004,14.366999,5.2344007,59369500672.0,37.221,28.386,40.511,419.00000000000006,49.21,,,
2018-10-15,408.6849060058594,-2.4539784798049857,405000,165517386.93237305,14.366999,5.2344007,59369500672.0,37.221,28.386,40.511,419.00000000000006,49.21,,,
2018-10-16,395.0987548828125,-3.3243584295359563,698500,275976480.28564453,14.366999,5.2344007,59369500672.0,37.221,28.386,40.511,419.00000000000006,49.21,,,
2018-10-17,406.481689453125,2.8810352929835803,427500,173770922.24121094,14.366999,5.2344007,59369500672.0,37.221,28.386,40.511,419.00000000000006,49.21,,,
2018-10-18,411.8059997558594,1.3098524339183903,450000,185312699.89013672,14.366999,5.2344007,59369500672.0,37.221,28.386,40.511,419.00000000000006,49.21,,,
2018-10-19,417.31390380859375,1.337499710057588,433500,180905577.3010254,14.366999,5.2344007,59369500672.0,37.221,28.386,40.511,419.00000000000006,49.21,,,
2018-10-22,422.63812255859375,1.2758306640178407,369500,156164786.2854004,14.366999,5.2344007,59369500672.0,37.221,28.386,40.511,419.00000000000006,49.21,,,
2018-10-23,453.6659240722656,7.341458296718195,1827000,828847643.2800293,14.366999,5.2344007,59369500672.0,37.221,28.386,40.511,419.00000000000006,49.21,,,
2018-10-24,437.6930236816406,-3.52085081622322,649000,284062772.3693848,14.366999,5.2344007,59369500672.0,37.221,28.386,40.511,419.00000000000006,49.21,,,
2018-10-25,404.6457214355469,-7.550337898492742,654000,264638301.8188477,14.366999,5.2344007,59369500672.0,37.221,28.386,40.511,419.00000000000006,49.21,,,
2018-10-26,384.6337890625,-4.945544043330363,666000,256166103.515625,14.366999,5.2344007,59369500672.0,37.221,28.386,40.511,419.00000000000006,49.21,,,
2018-10-29,335.9808654785156,-12.649154850012057,1018500,342196511.48986816,14.366999,5.2344007,59369500672.0,37.221,28.386,40.511,419.00000000000006,49.21,,,
2018-10-30,365.7233581542969,8.85243647236309,1182500,432467871.01745605,14.366999,5.2344007,59369500672.0,37.221,28.386,40.511,419.00000000000006,49.21,,,
2018-10-31,370.8641052246094,1.4056381567358445,718500,266465859.60388184,14.366999,5.2344007,59369500672.0,37.221,28.386,40.511,419.00000000000006,49.21,,,
2018-11-01,374.1688232421875,0.8910859721990683,366000,136945789.30664062,14.366999,5.2344007,59369500672.0,37.221,28.386,40.511,419.00000000000006,49.21,,,
2018-11-02,369.9460754394531,-1.128567518304735,600000,221967645.26367188,14.366999,5.2344007,59369500672.0,37.221,28.386,40.511,419.00000000000006,49.21,,,
2018-11-05,377.4735412597656,2.0347467698828003,416000,157028993.1640625,14.366999,5.2344007,59369500672.0,37.221,28.386,40.511,419.00000000000006,49.21,,,
2018-11-06,378.2079162597656,0.1945500597337668,331500,125375924.2401123,14.366999,5.2344007,59369500672.0,37.221,28.386,40.511,419.00000000000006,49.21,,,
2018-11-07,378.9422912597656,0.1941722974131421,462500,175260809.7076416,14.366999,5.2344007,59369500672.0,37.221,28.386,40.511,419.00000000000006,49.21,,,
2018-11-08,402.4425964355469,6.201552510187303,512500,206251830.67321777,14.366999,5.2344007,59369500672.0,37.221,28.386,40.511,419.00000000000006,49.21,,,
2018-11-09,390.5088806152344,-2.965321247305819,859500,335642382.88879395,14.366999,5.2344007,59369500672.0,37.221,28.386,40.511,419.00000000000006,49.21,,,
2018-11-12,444.118896484375,13.728244997829432,2439000,1083205988.5253906,14.366999,5.2344007,59369500672.0,37.221,28.386,40.511,419.00000000000006,49.21,,,
2018-11-13,457.7050476074219,3.0591247592917536,1253000,573504424.6520996,14.366999,5.2344007,59369500672.0,37.221,28.386,40.511,419.00000000000006,49.21,,,
2018-11-14,436.5914306640625,-4.612930762666334,683000,298191947.1435547,14.366999,5.2344007,59369500672.0,37.221,28.386,40.511,419.00000000000006,49.21,,,
2018-11-15,454.5838928222656,4.121121234751746,530000,240929463.1958008,14.366999,5.2344007,59369500672.0,37.221,28.386,40.511,419.00000000000006,49.21,,,
2018-11-16,455.8690490722656,0.2827104678129188,502000,228846262.6342773,14.366999,5.2344007,59369500672.0,37.221,28.386,40.511,419.00000000000006,49.21,,,
2018-11-19,466.51763916015625,2.3358879286851097,764500,356652735.13793945,14.366999,5.2344007,59369500672.0,37.221,28.386,40.511,419.00000000000006,49.21,,,
2018-11-20,459.908203125,-1.4167601566051902,464000,213397406.25,14.366999,5.2344007,59369500672.0,37.221,28.386,40.511,419.00000000000006,49.21,,,
2018-11-21,449.9940185546875,-2.1556877009253683,395000,177747637.32910156,14.366999,5.2344007,59369500672.0,37.221,28.386,40.511,419.00000000000006,49.21,,,
2018-11-22,456.23626708984375,1.3871847797455985,337000,153751622.00927734,14.366999,5.2344007,59369500672.0,37.221,28.386,40.511,419.00000000000006,49.21,,,
2018-11-23,456.23626708984375,0.0,0,0.0,14.366999,5.2344007,59369500672.0,37.221,28.386,40.511,419.00000000000006,49.21,,,
2018-11-26,454.0330810546875,-0.4829046250990787,296500,134620808.53271484,14.366999,5.2344007,59369500672.0,37.221,28.386,40.511,419.00000000000006,49.21,,,
2018-11-27,458.0722351074219,0.8896166868175515,410500,188038652.51159668,14.366999,5.2344007,59369500672.0,37.221,28.386,40.511,419.00000000000006,49.21,,,
2018-11-28,464.8652648925781,1.4829603858359297,563500,261951576.76696777,14.366999,5.2344007,59369500672.0,37.221,28.386,40.511,419.00000000000006,49.21,,,
2018-11-29,461.744140625,-0.6714040611959571,588000,271505554.6875,14.366999,5.2344007,59369500672.0,37.221,28.386,40.511,419.00000000000006,49.21,,,
2018-11-30,453.6659240722656,-1.7495006091035603,572500,259723741.53137207,14.366999,5.2344007,59369500672.0,37.221,28.386,40.511,419.00000000000006,49.21,,,
2018-12-03,449.9940185546875,-0.8093853478387314,310500,139723142.76123047,14.366999,5.2344007,59369500672.0,37.221,28.386,40.511,419.00000000000006,49.21,,,
2018-12-04,446.138427734375,-0.8568093488655837,471000,210131199.46289065,14.366999,5.2344007,59369500672.0,37.221,28.386,40.511,419.00000000000006,49.21,,,
2018-12-05,454.2167053222656,1.810711000375953,435000,197584266.81518555,14.366999,5.2344007,59369500672.0,37.221,28.386,40.511,419.00000000000006,49.21,,,
2018-12-06,443.751708984375,-2.3039655334705755,464500,206122668.8232422,14.366999,5.2344007,59369500672.0,37.221,28.386,40.511,419.00000000000006,49.21,,,
2018-12-07,440.0797729492188,-0.8274753563339066,280000,123222336.42578124,14.366999,5.2344007,59369500672.0,37.221,28.386,40.511,419.00000000000006,49.21,,,
2018-12-10,422.4545593261719,-4.0050042529631735,500000,211227279.663086,14.366999,5.2344007,59369500672.0,37.221,28.386,40.511,419.00000000000006,49.21,,,
2018-12-11,397.3019104003906,-5.9539300430087705,622000,247121788.26904297,14.366999,5.2344007,59369500672.0,37.221,28.386,40.511,419.00000000000006,49.21,,,
2018-12-12,418.7826843261719,5.406662631985193,551500,230958650.4058838,14.366999,5.2344007,59369500672.0,37.221,28.386,40.511,419.00000000000006,49.21,,,
2018-12-13,413.2748107910156,-1.315210428057334,297000,122742618.80493164,14.366999,5.2344007,59369500672.0,37.221,28.386,40.511,419.00000000000006,49.21,,,
2018-12-14,398.4034423828125,-3.5984212005902405,481500,191831257.50732425,14.366999,5.2344007,59369500672.0,37.221,28.386,40.511,419.00000000000006,49.21,,,
2018-12-17,390.5088806152344,-1.9815495871123745,445000,173776451.8737793,14.366999,5.2344007,59369500672.0,37.221,28.386,40.511,419.00000000000006,49.21,,,
2018-12-18,370.4968872070313,-5.124593678042578,486000,180061487.1826172,14.366999,5.2344007,59369500672.0,37.221,28.386,40.511,419.00000000000006,49.21,,,
2018-12-19,375.8211669921875,1.4370646472344315,401500,150892198.54736328,14.366999,5.2344007,59369500672.0,37.221,28.386,40.511,419.00000000000006,49.21,,,
2018-12-20,352.50445556640625,-6.204203880370041,459500,161975797.33276367,14.366999,5.2344007,59369500672.0,37.221,28.386,40.511,419.00000000000006,49.21,,,
2018-12-21,341.4886779785156,-3.1250037875948045,519500,177403368.20983887,14.366999,5.2344007,59369500672.0,37.221,28.386,40.511,419.00000000000006,49.21,,,
2018-12-24,341.4886779785156,0.0,0,0.0,14.366999,5.2344007,59369500672.0,37.221,28.386,40.511,419.00000000000006,49.21,,,
2018-12-25,309.5429992675781,-9.354828072205468,899500,278433927.8411865,14.366999,5.2344007,59369500672.0,37.221,28.386,40.511,419.00000000000006,49.21,,,
2018-12-26,330.2893371582031,6.702247487332524,669000,220963566.5588379,14.366999,5.2344007,59369500672.0,37.221,28.386,40.511,419.00000000000006,49.21,,,
2018-12-27,342.4066467285156,3.668695354978557,832000,284882330.078125,14.366999,5.2344007,59369500672.0,37.221,28.386,40.511,419.00000000000006,49.21,,,
2018-12-28,335.4300231933594,-2.0375257319954487,695500,233291581.13098145,14.366999,5.2344007,59369500672.0,37.221,28.386,40.511,419.00000000000006,49.21,,,
2018-12-31,335.4300231933594,0.0,0,0.0,14.366999,5.2344007,59369500672.0,37.221,28.386,40.511,419.00000000000006,49.21,,,
2019-01-04,316.8868408203125,-5.528182062092169,444000,140697757.32421875,14.366999,5.2344007,59369500672.0,37.221,28.386,40.511,419.00000000000006,49.21,,,
2019-01-07,340.3870849609375,7.415973500127304,381000,129687479.3701172,14.366999,5.2344007,59369500672.0,37.221,28.386,40.511,419.00000000000006,49.21,,,
2019-01-08,337.6331481933594,-0.8090602990692641,650000,219461546.3256836,14.366999,5.2344007,59369500672.0,37.221,28.386,40.511,419.00000000000006,49.21,,,
2019-01-09,339.1019592285156,0.4350316439649671,438000,148526658.14208984,14.366999,5.2344007,59369500672.0,37.221,28.386,40.511,419.00000000000006,49.21,,,
2019-01-10,326.2502136230469,-3.78993552107676,639500,208637011.61193848,14.366999,5.2344007,59369500672.0,37.221,28.386,40.511,419.00000000000006,49.21,,,
2019-01-11,338.9183654785156,3.882955880637584,519000,175898631.6833496,14.366999,5.2344007,59369500672.0,37.221,28.386,40.511,419.00000000000006,49.21,,,
2019-01-15,346.26220703125,2.1668467397349955,391500,135561654.05273438,14.366999,5.2344007,59369500672.0,37.221,28.386,40.511,419.00000000000006,49.21,,,
2019-01-16,346.0785827636719,-0.0530304098597556,281500,97421121.04797363,14.366999,5.2344007,59369500672.0,37.221,28.386,40.511,419.00000000000006,49.21,,,
2019-01-17,343.6918640136719,-0.6896464759363119,478500,164456556.930542,14.366999,5.2344007,59369500672.0,37.221,28.386,40.511,419.00000000000006,49.21,,,
2019-01-18,344.42626953125,0.2136813798853554,409500,141042557.37304688,14.366999,5.2344007,59369500672.0,37.221,28.386,40.511,419.00000000000006,49.21,,,
2019-01-21,335.6136474609375,-2.5586381904917133,804000,269833372.5585937,14.366999,5.2344007,59369500672.0,37.221,28.386,40.511,419.00000000000006,49.21,,,
2019-01-22,339.6527404785156,1.2034948662354994,442500,150296337.66174316,14.366999,5.2344007,59369500672.0,37.221,28.386,40.511,419.00000000000006,49.21,,,
2019-01-23,331.94171142578125,-2.2702684635698134,309000,102569988.8305664,14.366999,5.2344007,59369500672.0,37.221,28.386,40.511,419.00000000000006,49.21,,,
2019-01-24,338.9183654785156,2.1017708268020074,402500,136414642.10510254,14.366999,5.2344007,59369500672.0,37.221,28.386,40.511,419.00000000000006,49.21,,,
2019-01-25,352.32086181640625,3.9544910229245778,783000,275867234.8022461,14.366999,5.2344007,59369500672.0,37.221,28.386,40.511,419.00000000000006,49.21,,,
2019-01-28,401.341064453125,13.913511219288257,4668500,1873660759.399414,14.366999,5.2344007,59369500672.0,37.221,28.386,40.511,419.00000000000006,49.21,,,
2019-01-29,411.9895935058594,2.65323685908998,1870000,770420539.855957,14.366999,5.2344007,59369500672.0,37.221,28.386,40.511,419.00000000000006,49.21,,,
2019-01-30,382.4306335449219,-7.1746860665588885,1090000,416849390.5639648,14.366999,5.2344007,59369500672.0,37.221,28.386,40.511,419.00000000000006,49.21,,,
2019-01-31,403.911376953125,5.61689925545148,964500,389572523.07128906,14.366999,5.2344007,59369500672.0,37.221,28.386,40.511,419.00000000000006,49.21,,,
2019-02-01,407.032470703125,0.7727174642971679,692500,281869985.96191406,14.366999,5.2344007,59369500672.0,37.221,28.386,40.511,419.00000000000006,49.21,,,
2019-02-04,414.7435302734375,1.8944580900369208,325000,134791647.3388672,14.366999,5.2344007,59369500672.0,37.221,28.386,40.511,419.00000000000006,49.21,,,
2019-02-05,418.7826843261719,0.9738919978019568,711500,297963879.8980713,14.366999,5.2344007,59369500672.0,37.221,28.386,40.511,419.00000000000006,49.21,,,
2019-02-06,410.7044067382813,-1.9289903547203056,454500,186665152.86254883,14.366999,5.2344007,59369500672.0,37.221,28.386,40.511,419.00000000000006,49.21,,,
2019-02-07,403.5441589355469,-1.743406616841392,442000,178366518.24951172,14.366999,5.2344007,59369500672.0,37.221,28.386,40.511,419.00000000000006,49.21,,,
2019-02-08,411.6224060058594,2.00182480440827,608500,250472234.05456543,14.366999,5.2344007,59369500672.0,37.221,28.386,40.511,419.00000000000006,49.21,,,
2019-02-12,416.7630920410156,1.2488839188902423,378000,157536448.7915039,14.366999,5.2344007,59369500672.0,37.221,28.386,40.511,419.00000000000006,49.21,,,
2019-02-13,411.9895935058594,-1.1453745848220342,419000,172623639.67895508,14.366999,5.2344007,59369500672.0,37.221,28.386,40.511,419.00000000000006,49.21,,,
2019-02-14,413.6419677734375,0.4010718458971496,190500,78798794.86083984,14.366999,5.2344007,59369500672.0,37.221,28.386,40.511,419.00000000000006,49.21,,,
2019-02-15,406.481689453125,-1.7310328443835177,217000,88206526.61132812,14.366999,5.2344007,59369500672.0,37.221,28.386,40.511,419.00000000000006,49.21,,,
2019-02-18,413.4583740234375,1.7163588794611773,136500,56437068.05419922,14.366999,5.2344007,59369500672.0,37.221,28.386,40.511,419.00000000000006,49.21,,,
2019-02-19,440.2634582519531,6.483139757860146,908500,399979351.8218994,14.366999,5.2344007,59369500672.0,37.221,28.386,40.511,419.00000000000006,49.21,,,
2019-02-20,434.9391174316406,-1.2093533361711597,444500,193330437.69836423,14.366999,5.2344007,59369500672.0,37.221,28.386,40.511,419.00000000000006,49.21,,,
2019-02-21,434.3883056640625,-0.1266411195274264,181500,78841477.47802734,14.366999,5.2344007,59369500672.0,37.221,28.386,40.511,419.00000000000006,49.21,,,
2019-02-22,433.2867431640625,-0.2535893544178158,188000,81457907.71484375,14.366999,5.2344007,59369500672.0,37.221,28.386,40.511,419.00000000000006,49.21,,,
2019-02-25,443.200927734375,2.288134757577498,167000,74014554.93164062,14.366999,5.2344007,59369500672.0,37.221,28.386,40.511,419.00000000000006,49.21,,,
2019-02-26,437.8766784667969,-1.2013172659171678,165000,72249651.94702148,14.366999,5.2344007,59369500672.0,37.221,28.386,40.511,419.00000000000006,49.21,,,
2019-02-27,435.1227111816406,-0.6289367350641117,227500,98990416.79382324,14.366999,5.2344007,59369500672.0,37.221,28.386,40.511,419.00000000000006,49.21,,,
2019-02-28,418.41546630859375,-3.839662799414878,389500,162972824.12719727,14.366999,5.2344007,59369500672.0,37.221,28.386,40.511,419.00000000000006,49.21,,,
2019-03-01,429.7984313964844,2.7204933862304603,363500,156231729.81262207,14.366999,5.2344007,59369500672.0,37.221,28.386,40.511,419.00000000000006,49.21,,,
2019-03-04,429.9819946289063,0.0427091443366611,286000,122974850.4638672,14.366999,5.2344007,59369500672.0,37.221,28.386,40.511,419.00000000000006,49.21,,,
2019-03-05,419.1498718261719,-2.519203812727777,266000,111493865.90576172,14.366999,5.2344007,59369500672.0,37.221,28.386,40.511,419.00000000000006,49.21,,,
2019-03-06,419.8842468261719,0.1752058271664136,232000,97413145.26367188,14.366999,5.2344007,59369500672.0,37.221,28.386,40.511,419.00000000000006,49.21,,,
2019-03-07,407.2160949707031,-3.0170581419105336,190500,77574666.09191895,14.366999,5.2344007,59369500672.0,37.221,28.386,40.511,419.00000000000006,49.21,,,
2019-03-08,391.2433166503906,-3.922432958221278,464500,181732520.58410645,14.366999,5.2344007,59369500672.0,37.221,28.386,40.511,419.00000000000006,49.21,,,
2019-03-11,390.8760681152344,-0.093867043736473,131500,51400202.95715332,14.366999,5.2344007,59369500672.0,37.221,28.386,40.511,419.00000000000006,49.21,,,
2019-03-12,400.2394714355469,2.3954915852131498,231000,92455317.90161131,14.366999,5.2344007,59369500672.0,37.221,28.386,40.511,419.00000000000006,49.21,,,
2019-03-13,413.4583740234375,3.302748362243757,256500,106052072.93701172,14.366999,5.2344007,59369500672.0,37.221,28.386,40.511,419.00000000000006,49.21,,,
2019-03-14,431.4507751464844,4.351683809898344,430500,185739558.70056152,14.366999,5.2344007,59369500672.0,37.221,28.386,40.511,419.00000000000006,49.21,,,
2019-03-15,421.16943359375,-2.3829697719847,307000,129299016.11328124,14.366999,5.2344007,59369500672.0,37.221,28.386,40.511,419.00000000000006,49.21,,,
2019-03-18,438.7946472167969,4.184827344343267,451500,198115783.2183838,14.366999,5.2344007,59369500672.0,37.221,28.386,40.511,419.00000000000006,49.21,,,
2019-03-19,440.6305847167969,0.418404716567311,170000,74907199.40185547,14.366999,5.2344007,59369500672.0,37.221,28.386,40.511,419.00000000000006,49.21,,,
2019-03-20,449.6267700195313,2.041661567482067,319000,143430939.63623047,14.366999,5.2344007,59369500672.0,37.221,28.386,40.511,419.00000000000006,49.21,,,
2019-03-22,454.4002990722656,1.061664778662319,267500,121552080.00183104,14.366999,5.2344007,59369500672.0,37.221,28.386,40.511,419.00000000000006,49.21,,,
2019-03-25,444.302490234375,-2.222227595031734,254000,112852832.51953124,14.366999,5.2344007,59369500672.0,37.221,28.386,40.511,419.00000000000006,49.21,,,
2019-03-26,454.0330810546875,2.1900824402716124,182000,82634020.75195312,14.366999,5.2344007,59369500672.0,37.221,28.386,40.511,419.00000000000006,49.21,,,
2019-03-27,456.23626708984375,0.4852479096982165,331000,151014204.40673828,14.366999,5.2344007,59369500672.0,37.221,28.386,40.511,419.00000000000006,49.21,,,
2019-03-28,446.8728942871094,-2.0523078672503914,145000,64796569.67163086,14.366999,5.2344007,59369500672.0,37.221,28.386,40.511,419.00000000000006,49.21,,,
2019-03-29,449.9940185546875,0.6984366936278796,243000,109348546.50878906,14.366999,5.2344007,59369500672.0,37.221,28.386,40.511,419.00000000000006,49.21,,,
2019-04-01,445.2204895019531,-1.060798334179247,83500,37175910.873413086,14.366999,5.2344007,59369500672.0,37.221,28.386,40.511,419.00000000000006,49.21,,,
2019-04-02,443.0173034667969,-0.4948527947626235,273500,121165232.49816896,14.366999,5.2344007,59369500672.0,37.221,28.386,40.511,419.00000000000006,49.21,,,
2019-04-03,447.9744262695313,1.118945640258917,222500,99674309.8449707,14.366999,5.2344007,59369500672.0,37.221,28.386,40.511,419.00000000000006,49.21,,,
2019-04-04,446.3220825195313,-0.3688477852987648,187000,83462229.43115234,14.366999,5.2344007,59369500672.0,37.221,28.386,40.511,419.00000000000006,49.21,,,
2019-04-05,448.3416442871094,0.4524897706556396,495000,221929113.9221192,14.366999,5.2344007,59369500672.0,37.221,28.386,40.511,419.00000000000006,49.21,,,
2019-04-08,446.5056457519531,-0.4095088106471967,326500,145784093.3380127,14.366999,5.2344007,59369500672.0,37.221,28.386,40.511,419.00000000000006,49.21,,,
2019-04-09,426.4937133789063,-4.481899067445183,646500,275728185.6994629,14.366999,5.2344007,59369500672.0,37.221,28.386,40.511,419.00000000000006,49.21,,,
2019-04-10,413.6419677734375,-3.013349365375284,372000,153874812.01171875,14.366999,5.2344007,59369500672.0,37.221,28.386,40.511,419.00000000000006,49.21,,,
2019-04-11,401.157470703125,-3.0181891691296148,433000,173701184.81445312,14.366999,5.2344007,59369500672.0,37.221,28.386,40.511,419.00000000000006,49.21,,,
2019-04-12,407.2160949707031,1.5102857880121112,416000,169401895.5078125,14.366999,5.2344007,59369500672.0,37.221,28.386,40.511,419.00000000000006,49.21,,,
2019-04-15,409.6028442382813,0.5861136868251293,202000,82739774.53613281,14.366999,5.2344007,59369500672.0,37.221,28.386,40.511,419.00000000000006,49.21,,,
2019-04-16,429.2476501464844,4.796061888861058,556000,238661693.4814453,14.366999,5.2344007,59369500672.0,37.221,28.386,40.511,419.00000000000006,49.21,,,
2019-04-17,418.96624755859375,-2.395214646925148,260500,109140707.48901369,14.366999,5.2344007,59369500672.0,37.221,28.386,40.511,419.00000000000006,49.21,,,
2019-04-18,407.399658203125,-2.7607449103286386,431000,175589252.68554688,14.366999,5.2344007,59369500672.0,37.221,28.386,40.511,419.00000000000006,49.21,,,
2019-04-19,413.8255004882813,1.577282198394081,284500,117733354.88891602,14.366999,5.2344007,59369500672.0,37.221,28.386,40.511,419.00000000000006,49.21,,,
2019-04-22,414.9271240234375,0.2662048457275912,299000,124063210.0830078,14.366999,5.2344007,59369500672.0,37.221,28.386,40.511,419.00000000000006,49.21,,,
2019-04-23,420.9858093261719,1.4601805839986826,318000,133873487.36572266,14.366999,5.2344007,59369500672.0,37.221,28.386,40.511,419.00000000000006,49.21,,,
2019-04-24,425.57568359375,1.09026816721558,350500,149164277.09960938,14.366999,5.2344007,59369500672.0,37.221,28.386,40.511,419.00000000000006,49.21,,,
2019-04-25,429.0640258789063,0.819676128038882,621000,266448760.0708008,14.366999,5.2344007,59369500672.0,37.221,28.386,40.511,419.00000000000006,49.21,,,
2019-04-26,426.67724609375,-0.5562759031748521,581500,248112818.6035156,14.366999,5.2344007,59369500672.0,37.221,28.386,40.511,419.00000000000006,49.21,,,
2019-05-07,481.2053527832031,12.779708125675905,2279500,1096907601.6693115,14.366999,5.2344007,59369500672.0,37.221,28.386,40.511,419.00000000000006,49.21,,,
2019-05-08,479.5530395507813,-0.3433696701138466,1261000,604716382.8735352,14.366999,5.2344007,59369500672.0,37.221,28.386,40.511,419.00000000000006,49.21,,,
2019-05-09,473.6778564453125,-1.2251372884576672,645500,305759056.3354492,14.366999,5.2344007,59369500672.0,37.221,28.386,40.511,419.00000000000006,49.21,,,
2019-05-10,496.44378662109375,4.806205286146748,839000,416516336.97509766,14.366999,5.2344007,59369500672.0,37.221,28.386,40.511,419.00000000000006,49.21,,,
2019-05-13,488.9163818359375,-1.5162652828005885,676000,330507474.1210937,14.366999,5.2344007,59369500672.0,37.221,28.386,40.511,419.00000000000006,49.21,,,
2019-05-14,487.8148193359375,-0.2253069320081957,439500,214394613.09814453,14.366999,5.2344007,59369500672.0,37.221,28.386,40.511,419.00000000000006,49.21,,,
2019-05-15,491.1195068359375,0.677447131372233,278500,136776782.6538086,14.366999,5.2344007,59369500672.0,37.221,28.386,40.511,419.00000000000006,49.21,,,
2019-05-16,480.1037902832031,-2.242980862988664,299000,143551033.29467773,14.366999,5.2344007,59369500672.0,37.221,28.386,40.511,419.00000000000006,49.21,,,
2019-05-17,481.3889770507813,0.2676893608400732,334000,160783918.33496094,14.366999,5.2344007,59369500672.0,37.221,28.386,40.511,419.00000000000006,49.21,,,
2019-05-20,470.1895446777344,-2.326482928973561,407500,191602239.4561768,14.366999,5.2344007,59369500672.0,37.221,28.386,40.511,419.00000000000006,49.21,,,
2019-05-21,469.6387634277344,-0.1171402589093095,128500,60348581.10046387,14.366999,5.2344007,59369500672.0,37.221,28.386,40.511,419.00000000000006,49.21,,,
2019-05-22,485.611572265625,3.401083999393606,295000,143255413.81835938,14.366999,5.2344007,59369500672.0,37.221,28.386,40.511,419.00000000000006,49.21,,,
2019-05-23,503.4205322265625,3.667326105481728,499000,251206845.5810547,14.366999,5.2344007,59369500672.0,37.221,28.386,40.511,419.00000000000006,49.21,,,
2019-05-24,507.6431579589844,0.8387869508908796,649000,329460409.51538086,14.366999,5.2344007,59369500672.0,37.221,28.386,40.511,419.00000000000006,49.21,,,
2019-05-27,544.3623657226562,7.233271479774106,1245500,678003326.5075684,14.366999,5.2344007,59369500672.0,37.221,28.386,40.511,419.00000000000006,49.21,,,
2019-05-28,535.9169921875,-1.5514249453936424,982000,526270486.328125,14.366999,5.2344007,59369500672.0,37.221,28.386,40.511,419.00000000000006,49.21,,,
2019-05-29,533.7138061523438,-0.4111058367758269,465000,248176919.86083984,14.366999,5.2344007,59369500672.0,37.221,28.386,40.511,419.00000000000006,49.21,,,
2019-05-30,520.127685546875,-2.5455816298652567,414000,215332861.81640625,14.366999,5.2344007,59369500672.0,37.221,28.386,40.511,419.00000000000006,49.21,,,
2019-05-31,509.6627807617188,-2.01198764763948,342500,174559502.41088867,14.366999,5.2344007,59369500672.0,37.221,28.386,40.511,419.00000000000006,49.21,,,
2019-06-03,500.8501281738281,-1.7291144106539649,548500,274716295.3033447,14.366999,5.2344007,59369500672.0,37.221,28.386,40.511,419.00000000000006,49.21,,,
2019-06-04,409.0520629882813,-18.32844997369889,3858500,1578327385.0402832,14.366999,5.2344007,59369500672.0,37.221,28.386,40.511,419.00000000000006,49.21,,,
2019-06-05,455.3182678222656,11.31059075854357,5130000,2335782713.9282227,14.366999,5.2344007,59369500672.0,37.221,28.386,40.511,419.00000000000006,49.21,,,
2019-06-06,453.8494873046875,-0.3225832612873458,1908000,865944821.7773438,14.366999,5.2344007,59369500672.0,37.221,28.386,40.511,419.00000000000006,49.21,,,
2019-06-07,464.3144836425781,2.3058297146130835,1703500,790959722.8851318,14.366999,5.2344007,59369500672.0,37.221,28.386,40.511,419.00000000000006,49.21,,,
2019-06-10,462.6620788574219,-0.3558805170566725,2846000,1316736276.428223,14.366999,5.2344007,59369500672.0,37.221,28.386,40.511,419.00000000000006,49.21,,,
2019-06-11,449.4432373046875,-2.857126649622821,4011000,1802716824.8291016,14.366999,5.2344007,59369500672.0,37.221,28.386,40.511,419.00000000000006,49.21,,,
2019-06-12,448.7088012695313,-0.1634101871374582,3742000,1679068334.350586,14.366999,5.2344007,59369500672.0,37.221,28.386,40.511,419.00000000000006,49.21,,,
2019-06-13,454.2167053222656,1.2275007838381755,1170500,531660653.5797119,14.366999,5.2344007,59369500672.0,37.221,28.386,40.511,419.00000000000006,49.21,,,
2019-06-14,466.33404541015625,2.6677442608134427,1450000,676184365.8447266,14.366999,5.2344007,59369500672.0,37.221,28.386,40.511,419.00000000000006,49.21,,,
2019-06-17,454.2167053222656,-2.598424928901133,1296500,588891958.4503174,14.366999,5.2344007,59369500672.0,37.221,28.386,40.511,419.00000000000006,49.21,,,
2019-06-18,427.4116821289063,-5.901373260664489,4988000,2131929470.4589844,14.366999,5.2344007,59369500672.0,37.221,28.386,40.511,419.00000000000006,49.21,,,
2019-06-19,425.0249328613281,-0.5584192869249383,1044500,443938542.3736572,14.366999,5.2344007,59369500672.0,37.221,28.386,40.511,419.00000000000006,49.21,,,
2019-06-20,447.2400512695313,5.226780052324886,785000,351083440.24658203,14.366999,5.2344007,59369500672.0,37.221,28.386,40.511,419.00000000000006,49.21,,,
2019-06-21,449.8103637695313,0.5747053495553267,606500,272809985.6262207,14.366999,5.2344007,59369500672.0,37.221,28.386,40.511,419.00000000000006,49.21,,,
2019-06-24,452.7479248046875,0.6530665524330459,464500,210301411.0717773,14.366999,5.2344007,59369500672.0,37.221,28.386,40.511,419.00000000000006,49.21,,,
2019-06-25,452.7479248046875,0.0,910000,412000611.5722656,14.366999,5.2344007,59369500672.0,37.221,28.386,40.511,419.00000000000006,49.21,,,
2019-06-26,449.6267700195313,-0.6893802520470338,549000,246845096.74072263,14.366999,5.2344007,59369500672.0,37.221,28.386,40.511,419.00000000000006,49.21,,,
2019-06-27,461.744140625,2.6949842432518745,774000,357389964.84375,14.366999,5.2344007,59369500672.0,37.221,28.386,40.511,419.00000000000006,49.21,,,
2019-06-28,472.2091369628906,2.266405876580402,928000,438210079.1015625,14.366999,5.2344007,59369500672.0,37.221,28.386,40.511,419.00000000000006,49.21,,,
2019-07-01,469.4551696777344,-0.583209232855797,815500,382840690.8721924,14.366999,5.2344007,59369500672.0,37.221,28.386,40.511,419.00000000000006,49.21,,,
2019-07-02,464.3144836425781,-1.0950323624479783,647500,300643628.15856934,14.366999,5.2344007,59369500672.0,37.221,28.386,40.511,419.00000000000006,49.21,,,
2019-07-03,448.7088012695313,-3.361015631177222,551000,247238549.4995117,14.366999,5.2344007,59369500672.0,37.221,28.386,40.511,419.00000000000006,49.21,,,
2019-07-04,429.4312133789063,-4.296235740436327,1263000,542371622.4975586,14.366999,5.2344007,59369500672.0,37.221,28.386,40.511,419.00000000000006,49.21,,,
2019-07-05,429.6148376464844,0.0427598790812888,535000,229843938.1408692,14.366999,5.2344007,59369500672.0,37.221,28.386,40.511,419.00000000000006,49.21,,,
2019-07-08,422.27099609375,-1.7094012844075412,453000,191288761.23046875,14.366999,5.2344007,59369500672.0,37.221,28.386,40.511,419.00000000000006,49.21,,,
2019-07-09,433.8375549316406,2.739131729360511,563500,244467462.2039795,14.366999,5.2344007,59369500672.0,37.221,28.386,40.511,419.00000000000006,49.21,,,
2019-07-10,443.0173034667969,2.115941423421197,669500,296600084.6710205,14.366999,5.2344007,59369500672.0,37.221,28.386,40.511,419.00000000000006,49.21,,,
2019-07-11,462.6620788574219,4.434313341013185,993500,459654775.34484863,14.366999,5.2344007,59369500672.0,37.221,28.386,40.511,419.00000000000006,49.21,,,
2019-07-12,459.5409851074219,-0.6745946756016363,854500,392677771.774292,14.366999,5.2344007,59369500672.0,37.221,28.386,40.511,419.00000000000006,49.21,,,
2019-07-16,477.7170104980469,3.955256653849104,852000,407014892.944336,14.366999,5.2344007,59369500672.0,37.221,28.386,40.511,419.00000000000006,49.21,,,
2019-07-17,511.3150939941406,7.033051525853318,1917000,980191035.1867676,14.366999,5.2344007,59369500672.0,37.221,28.386,40.511,419.00000000000006,49.21,,,
2019-07-18,510.0299377441406,-0.2513433037857338,1713000,873681283.3557129,14.366999,5.2344007,59369500672.0,37.221,28.386,40.511,419.00000000000006,49.21,,,
2019-07-19,540.5068969726562,5.975523586579068,1263000,682660210.8764648,14.366999,5.2344007,59369500672.0,37.221,28.386,40.511,419.00000000000006,49.21,,,
2019-07-22,556.2960815429688,2.921180961565284,1227000,682575292.0532227,14.366999,5.2344007,59369500672.0,37.221,28.386,40.511,419.00000000000006,49.21,,,
2019-07-23,565.4759521484375,1.6501771107225949,1034500,584984872.4975586,14.366999,5.2344007,59369500672.0,37.221,28.386,40.511,419.00000000000006,49.21,,,
2019-07-24,585.6715087890625,3.571426258516408,983500,576007928.894043,14.366999,5.2344007,59369500672.0,37.221,28.386,40.511,419.00000000000006,49.21,,,
2019-07-25,546.1983032226562,-6.739820014127251,1349000,736821511.0473633,14.366999,5.2344007,59369500672.0,37.221,28.386,40.511,419.00000000000006,49.21,,,
2019-07-26,559.9680786132812,2.5210212681696653,686000,384138101.9287109,14.366999,5.2344007,59369500672.0,37.221,28.386,40.511,419.00000000000006,49.21,,,
2019-07-29,570.9837036132812,1.9671880274460207,1101500,628938549.5300293,14.366999,5.2344007,59369500672.0,37.221,28.386,40.511,419.00000000000006,49.21,,,
2019-07-30,566.3938598632812,-0.8038484672950763,912000,516551200.1953125,14.366999,5.2344007,59369500672.0,37.221,28.386,40.511,419.00000000000006,49.21,,,
2019-07-31,590.2613525390625,4.213939162677804,641000,378357526.9775391,14.366999,5.2344007,59369500672.0,37.221,28.386,40.511,419.00000000000006,49.21,,,
2019-08-01,581.0816040039062,-1.5552006743570046,300500,174615022.00317383,14.366999,5.2344007,59369500672.0,37.221,28.386,40.511,419.00000000000006,49.21,,,
2019-08-02,570.9837036132812,-1.7377766429097163,455500,260083076.9958496,14.366999,5.2344007,59369500672.0,37.221,28.386,40.511,419.00000000000006,49.21,,,
2019-08-05,553.5421752929688,-3.054645554669877,475000,262932533.26416016,14.366999,5.2344007,59369500672.0,37.221,28.386,40.511,419.00000000000006,49.21,,,
2019-08-06,550.6046142578125,-0.5306842308088866,562500,309715095.52001953,14.366999,5.2344007,59369500672.0,37.221,28.386,40.511,419.00000000000006,49.21,,,
2019-08-07,559.050048828125,1.5338474018596004,281500,157372588.7451172,14.366999,5.2344007,59369500672.0,37.221,28.386,40.511,419.00000000000006,49.21,,,
2019-08-08,551.7062377929688,-1.313623181064072,171000,94341766.66259766,14.366999,5.2344007,59369500672.0,37.221,28.386,40.511,419.00000000000006,49.21,,,
2019-08-09,550.2374877929688,-0.2662195747279439,343500,189006577.0568848,14.366999,5.2344007,59369500672.0,37.221,28.386,40.511,419.00000000000006,49.21,,,
2019-08-13,558.1321411132812,1.434771983998839,280000,156276999.51171875,14.366999,5.2344007,59369500672.0,37.221,28.386,40.511,419.00000000000006,49.21,,,
2019-08-14,560.8860473632812,0.4934147394749288,257500,144428157.19604492,14.366999,5.2344007,59369500672.0,37.221,28.386,40.511,419.00000000000006,49.21,,,
2019-08-15,549.3195190429688,-2.0621886343378693,405500,222749064.97192383,14.366999,5.2344007,59369500672.0,37.221,28.386,40.511,419.00000000000006,49.21,,,
2019-08-16,548.4014282226562,-0.167132386249813,220500,120922514.9230957,14.366999,5.2344007,59369500672.0,37.221,28.386,40.511,419.00000000000006,49.21,,,
2019-08-19,541.0576171875,-1.3391305451113111,246500,133370702.63671876,14.366999,5.2344007,59369500672.0,37.221,28.386,40.511,419.00000000000006,49.21,,,
2019-08-20,552.6240844726562,2.137751492212692,190000,104998576.04980467,14.366999,5.2344007,59369500672.0,37.221,28.386,40.511,419.00000000000006,49.21,,,
2019-08-21,545.2803955078125,-1.328876024621961,242000,131957855.71289062,14.366999,5.2344007,59369500672.0,37.221,28.386,40.511,419.00000000000006,49.21,,,
2019-08-22,539.5889282226562,-1.0437689181647336,309500,167002773.2849121,14.366999,5.2344007,59369500672.0,37.221,28.386,40.511,419.00000000000006,49.21,,,
2019-08-23,544.7294921875,0.9526815129020872,518000,282169876.953125,14.366999,5.2344007,59369500672.0,37.221,28.386,40.511,419.00000000000006,49.21,,,
2019-08-26,575.57373046875,5.662303716545081,724500,417003167.7246094,14.366999,5.2344007,59369500672.0,37.221,28.386,40.511,419.00000000000006,49.21,,,
2019-08-27,541.0576171875,-5.99681873131005,680500,368189708.49609375,14.366999,5.2344007,59369500672.0,37.221,28.386,40.511,419.00000000000006,49.21,,,
2019-08-28,528.0223388671875,-2.4092218474017324,628000,331598028.8085937,14.366999,5.2344007,59369500672.0,37.221,28.386,40.511,419.00000000000006,49.21,,,
2019-08-29,542.2969360351562,2.703407813880232,380800,206506673.2421875,14.366999,5.2344007,59369500672.0,37.221,28.386,40.511,419.00000000000006,49.21,,,
2019-08-30,553.3126831054688,2.031312799008389,543600,300780774.5361328,14.366999,5.2344007,59369500672.0,37.221,28.386,40.511,419.00000000000006,49.21,,,
2019-09-02,548.2637939453125,-0.9124839018363584,647600,355055632.9589844,14.366999,5.2344007,59369500672.0,37.221,28.386,40.511,419.00000000000006,49.21,,,
2019-09-03,562.2630004882812,2.553370603269322,509600,286529225.0488281,14.366999,5.2344007,59369500672.0,37.221,28.386,40.511,419.00000000000006,49.21,,,
2019-09-04,553.5421752929688,-1.5510224197109124,852000,471617933.3496094,14.366999,5.2344007,59369500672.0,37.221,28.386,40.511,419.00000000000006,49.21,,,
2019-09-05,577.86865234375,4.394692606377504,820000,473852294.921875,14.366999,5.2344007,59369500672.0,37.221,28.386,40.511,419.00000000000006,49.21,,,
2019-09-06,550.3291625976562,-4.76570058514122,643200,353971717.3828125,14.366999,5.2344007,59369500672.0,37.221,28.386,40.511,419.00000000000006,49.21,,,
2019-09-09,561.8040161132812,2.0850891240183467,473600,266070382.03125,14.366999,5.2344007,59369500672.0,37.221,28.386,40.511,419.00000000000006,49.21,,,
2019-09-10,534.7235107421875,-4.820276216329733,637200,340725821.0449219,14.366999,5.2344007,59369500672.0,37.221,28.386,40.511,419.00000000000006,49.21,,,
2019-09-11,546.6573486328125,2.231777292541537,378800,207073803.6621093,14.366999,5.2344007,59369500672.0,37.221,28.386,40.511,419.00000000000006,49.21,,,
2019-09-12,517.5115356445312,-5.331642035211781,755200,390824711.71875,14.366999,5.2344007,59369500672.0,37.221,28.386,40.511,419.00000000000006,49.21,,,
2019-09-13,526.6912841796875,1.7738249107284831,888800,468123213.3789063,14.366999,5.2344007,59369500672.0,37.221,28.386,40.511,419.00000000000006,49.21,,,
2019-09-17,526.2322387695312,-0.0871564470392161,507600,267115484.3994141,14.366999,5.2344007,59369500672.0,37.221,28.386,40.511,419.00000000000006,49.21,,,
2019-09-18,538.166015625,2.2677776039288444,419600,225814460.15625,14.366999,5.2344007,59369500672.0,37.221,28.386,40.511,419.00000000000006,49.21,,,
2019-09-19,560.4270629882812,4.136464718499244,528000,295905489.2578125,14.366999,5.2344007,59369500672.0,37.221,28.386,40.511,419.00000000000006,49.21,,,
2019-09-20,573.7378540039062,2.3751156742234825,1628000,934045226.3183594,14.366999,5.2344007,59369500672.0,37.221,28.386,40.511,419.00000000000006,49.21,,,
2019-09-24,590.7203979492188,2.959983174684666,486800,287562689.7216797,14.366999,5.2344007,59369500672.0,37.221,28.386,40.511,419.00000000000006,49.21,,,
2019-09-25,592.7858276367188,0.3496459060277068,535600,317496089.28222656,14.366999,5.2344007,59369500672.0,37.221,28.386,40.511,419.00000000000006,49.21,,,
2019-09-26,634.783447265625,7.084788075372805,1139600,723399216.5039062,14.366999,5.2344007,59369500672.0,37.221,28.386,40.511,419.00000000000006,49.21,,,
2019-09-27,632.9368286132812,-0.2909052938129042,860000,544325672.6074219,14.366999,5.2344007,59369500672.0,37.221,28.386,40.511,419.00000000000006,49.21,,,
2019-09-30,625.7810668945312,-1.1305649150528565,1234400,772464148.9746094,14.366999,5.2344007,59369500672.0,37.221,28.386,40.511,419.00000000000006,49.21,,,
2019-10-01,645.401611328125,3.135368816918937,1009200,651339306.1523438,14.366999,5.2344007,59369500672.0,37.221,28.386,40.511,419.00000000000006,49.21,,,
2019-10-02,638.4767456054688,-1.072954514074742,734800,469152712.6708984,14.366999,5.2344007,59369500672.0,37.221,28.386,40.511,419.00000000000006,49.21,,,
2019-10-03,645.6324462890625,1.1207457018356903,1056400,682046116.2597656,14.366999,5.2344007,59369500672.0,37.221,28.386,40.511,419.00000000000006,49.21,,,
2019-10-04,604.7754516601562,-6.328212725946825,980000,592679942.6269531,14.366999,5.2344007,59369500672.0,37.221,28.386,40.511,419.00000000000006,49.21,,,
2019-10-07,579.3841552734375,-4.198466772587683,1372400,795146814.6972656,14.366999,5.2344007,59369500672.0,37.221,28.386,40.511,419.00000000000006,49.21,,,
2019-10-08,585.6165771484375,1.0756976728261811,817600,478800113.4765625,14.366999,5.2344007,59369500672.0,37.221,28.386,40.511,419.00000000000006,49.21,,,
2019-10-09,595.3113403320312,1.6554796366593294,512400,305037530.7861328,14.366999,5.2344007,59369500672.0,37.221,28.386,40.511,419.00000000000006,49.21,,,
2019-10-10,585.1548461914062,-1.7060810793492198,591600,346177607.00683594,14.366999,5.2344007,59369500672.0,37.221,28.386,40.511,419.00000000000006,49.21,,,
2019-10-11,584.4624633789062,-0.1183247164415535,552400,322857064.7705078,14.366999,5.2344007,59369500672.0,37.221,28.386,40.511,419.00000000000006,49.21,,,
2019-10-15,613.77783203125,5.015782961127235,730400,448303328.515625,14.366999,5.2344007,59369500672.0,37.221,28.386,40.511,419.00000000000006,49.21,,,
2019-10-16,615.6245727539062,0.3008809745612018,576000,354599753.90625,14.366999,5.2344007,59369500672.0,37.221,28.386,40.511,419.00000000000006,49.21,,,
2019-10-17,619.7794799804688,0.674909256460654,310400,192379550.5859375,14.366999,5.2344007,59369500672.0,37.221,28.386,40.511,419.00000000000006,49.21,,,
2019-10-18,604.7754516601562,-2.420865615103185,381600,230782312.3535156,14.366999,5.2344007,59369500672.0,37.221,28.386,40.511,419.00000000000006,49.21,,,
2019-10-21,614.7012329101562,1.6412341510808617,356400,219079519.4091797,14.366999,5.2344007,59369500672.0,37.221,28.386,40.511,419.00000000000006,49.21,,,
2019-10-23,664.7913818359375,8.148698301553981,1456800,968468085.0585938,14.366999,5.2344007,59369500672.0,37.221,28.386,40.511,419.00000000000006,49.21,,,
2019-10-24,661.79052734375,-0.4513979233455312,706800,467753544.7265625,14.366999,5.2344007,59369500672.0,37.221,28.386,40.511,419.00000000000006,49.21,,,
2019-10-25,666.6380004882812,0.7324784723026667,519200,346118449.8535156,14.366999,5.2344007,59369500672.0,37.221,28.386,40.511,419.00000000000006,49.21,,,
2019-10-28,669.1771240234375,0.380884908045509,423200,283195758.88671875,14.366999,5.2344007,59369500672.0,37.221,28.386,40.511,419.00000000000006,49.21,,,
2019-10-29,687.4127807617188,2.725086689849632,512800,352505273.9746094,14.366999,5.2344007,59369500672.0,37.221,28.386,40.511,419.00000000000006,49.21,,,
2019-10-30,669.6387329101562,-2.585644077182736,1240000,830352028.8085938,14.366999,5.2344007,59369500672.0,37.221,28.386,40.511,419.00000000000006,49.21,,,
2019-10-31,670.5621337890625,0.1378953805275307,418000,280294971.9238281,14.366999,5.2344007,59369500672.0,37.221,28.386,40.511,419.00000000000006,49.21,,,
2019-11-01,674.9479370117188,0.6540487453226662,344000,232182090.33203125,14.366999,5.2344007,59369500672.0,37.221,28.386,40.511,419.00000000000006,49.21,,,
2019-11-05,680.2570190429688,0.7865913413641401,434000,295231546.26464844,14.366999,5.2344007,59369500672.0,37.221,28.386,40.511,419.00000000000006,49.21,,,
2019-11-06,679.1029052734375,-0.1696584874868234,426000,289297837.6464844,14.366999,5.2344007,59369500672.0,37.221,28.386,40.511,419.00000000000006,49.21,,,
2019-11-07,675.1787719726562,-0.5778407470074409,604400,408078049.78027344,14.366999,5.2344007,59369500672.0,37.221,28.386,40.511,419.00000000000006,49.21,,,
2019-11-08,666.1763305664062,-1.3333418910591257,702000,467655784.0576172,14.366999,5.2344007,59369500672.0,37.221,28.386,40.511,419.00000000000006,49.21,,,
2019-11-11,754.815185546875,13.305614581818736,1762400,1330286283.0078125,14.366999,5.2344007,59369500672.0,37.221,28.386,40.511,419.00000000000006,49.21,,,
2019-11-12,721.3447875976562,-4.43425073979784,1457200,1051143624.4873048,14.366999,5.2344007,59369500672.0,37.221,28.386,40.511,419.00000000000006,49.21,,,
2019-11-13,734.04052734375,1.760009909876148,542800,398437198.2421875,14.366999,5.2344007,59369500672.0,37.221,28.386,40.511,419.00000000000006,49.21,,,
2019-11-14,759.4318237304688,3.4591136920738563,715200,543145640.3320312,14.366999,5.2344007,59369500672.0,37.221,28.386,40.511,419.00000000000006,49.21,,,
2019-11-15,755.9694213867188,-0.4559201017863667,486000,367401138.7939453,14.366999,5.2344007,59369500672.0,37.221,28.386,40.511,419.00000000000006,49.21,,,
2019-11-18,782.5148315429688,3.5114396700803407,529200,414106848.8525391,14.366999,5.2344007,59369500672.0,37.221,28.386,40.511,419.00000000000006,49.21,,,
2019-11-19,772.12744140625,-1.327436838000473,703600,543268867.7734375,14.366999,5.2344007,59369500672.0,37.221,28.386,40.511,419.00000000000006,49.21,,,
2019-11-20,760.5858764648438,-1.4947746087596636,392400,298453897.9248047,14.366999,5.2344007,59369500672.0,37.221,28.386,40.511,419.00000000000006,49.21,,,
2019-11-21,775.5899658203125,1.9727015475500045,452000,350566664.55078125,14.366999,5.2344007,59369500672.0,37.221,28.386,40.511,419.00000000000006,49.21,,,
2019-11-22,774.435791015625,-0.148812498298223,297600,230472091.40625,14.366999,5.2344007,59369500672.0,37.221,28.386,40.511,419.00000000000006,49.21,,,
2019-11-25,797.518798828125,2.980622548736811,657600,524448362.109375,14.366999,5.2344007,59369500672.0,37.221,28.386,40.511,419.00000000000006,49.21,,,
2019-11-26,800.981201171875,0.4341467999046111,1686000,1350454305.1757812,14.366999,5.2344007,59369500672.0,37.221,28.386,40.511,419.00000000000006,49.21,,,
2019-11-27,795.2105102539062,-0.7204527284193407,480800,382337213.3300781,14.366999,5.2344007,59369500672.0,37.221,28.386,40.511,419.00000000000006,49.21,,,
2019-11-28,795.2105102539062,0.0,286400,227748290.13671875,14.366999,5.2344007,59369500672.0,37.221,28.386,40.511,419.00000000000006,49.21,,,
2019-11-29,783.6689453125,-1.451384858799354,296800,232592942.96875,14.366999,5.2344007,59369500672.0,37.221,28.386,40.511,419.00000000000006,49.21,,,
2019-12-02,792.9021606445312,1.1782035497590604,395200,313354933.88671875,14.366999,5.2344007,59369500672.0,37.221,28.386,40.511,419.00000000000006,49.21,,,
2019-12-03,804.4437255859375,1.455610227121129,388800,312767720.5078125,14.366999,5.2344007,59369500672.0,37.221,28.386,40.511,419.00000000000006,49.21,,,
2019-12-04,812.5227661132812,1.0043015154924897,342800,278532804.2236328,14.366999,5.2344007,59369500672.0,37.221,28.386,40.511,419.00000000000006,49.21,,,
2019-12-05,787.1314086914062,-3.125002582184256,547200,430718306.8359375,14.366999,5.2344007,59369500672.0,37.221,28.386,40.511,419.00000000000006,49.21,,,
2019-12-06,798.6729125976562,1.4662740908074845,536800,428727619.4824219,14.366999,5.2344007,59369500672.0,37.221,28.386,40.511,419.00000000000006,49.21,,,
2019-12-09,780.20654296875,-2.312131704685594,316400,246857350.1953125,14.366999,5.2344007,59369500672.0,37.221,28.386,40.511,419.00000000000006,49.21,,,
2019-12-10,796.3646850585938,2.071008277931208,350000,278727639.7705078,14.366999,5.2344007,59369500672.0,37.221,28.386,40.511,419.00000000000006,49.21,,,
2019-12-11,792.9021606445312,-0.4347913059213226,332000,263243517.3339844,14.366999,5.2344007,59369500672.0,37.221,28.386,40.511,419.00000000000006,49.21,,,
2019-12-12,782.5148315429688,-1.3100391974110503,268400,210026980.7861328,14.366999,5.2344007,59369500672.0,37.221,28.386,40.511,419.00000000000006,49.21,,,
2019-12-13,766.3567504882812,-2.0648913481712383,449200,344247452.31933594,14.366999,5.2344007,59369500672.0,37.221,28.386,40.511,419.00000000000006,49.21,,,
2019-12-16,785.977294921875,2.560236393963078,487600,383242529.0039063,14.366999,5.2344007,59369500672.0,37.221,28.386,40.511,419.00000000000006,49.21,,,
2019-12-17,794.0563354492188,1.0278974443080902,295600,234723052.75878903,14.366999,5.2344007,59369500672.0,37.221,28.386,40.511,419.00000000000006,49.21,,,
2019-12-18,790.5939331054688,-0.4360398864888148,231200,182785317.3339844,14.366999,5.2344007,59369500672.0,37.221,28.386,40.511,419.00000000000006,49.21,,,
2019-12-19,804.4437255859375,1.751821244828733,275600,221704690.7714844,14.366999,5.2344007,59369500672.0,37.221,28.386,40.511,419.00000000000006,49.21,,,
2019-12-20,794.0563354492188,-1.2912513089903044,378400,300470917.3339844,14.366999,5.2344007,59369500672.0,37.221,28.386,40.511,419.00000000000006,49.21,,,
2019-12-23,827.5267944335938,4.215123976744017,564400,467056122.7783203,14.366999,5.2344007,59369500672.0,37.221,28.386,40.511,419.00000000000006,49.21,,,
2019-12-24,826.3726196289062,-0.1394728016604562,427600,353356932.1533203,14.366999,5.2344007,59369500672.0,37.221,28.386,40.511,419.00000000000006,49.21,,,
2019-12-25,827.5267944335938,0.1396675999751462,268000,221777180.90820312,14.366999,5.2344007,59369500672.0,37.221,28.386,40.511,419.00000000000006,49.21,,,
2019-12-26,827.5267944335938,0.0,313200,259181392.0166016,14.366999,5.2344007,59369500672.0,37.221,28.386,40.511,419.00000000000006,49.21,,,
2019-12-27,826.3726196289062,-0.1394728016604562,180000,148747071.53320312,14.366999,5.2344007,59369500672.0,37.221,28.386,40.511,419.00000000000006,49.21,,,
2019-12-30,815.9852294921875,-1.256986242039737,198400,161891469.53125,14.366999,5.2344007,59369500672.0,37.221,28.386,40.511,419.00000000000006,49.21,,,
2020-01-06,800.981201171875,-1.8387622444648863,206800,165642912.40234375,14.366999,5.2344007,59369500672.0,37.221,28.386,40.511,419.00000000000006,49.21,,,
2020-01-07,803.28955078125,0.2881902354259669,322400,258980551.171875,14.366999,5.2344007,59369500672.0,37.221,28.386,40.511,419.00000000000006,49.21,,,
2020-01-08,785.977294921875,-2.155170055746114,298800,234850015.72265625,14.366999,5.2344007,59369500672.0,37.221,28.386,40.511,419.00000000000006,49.21,,,
2020-01-09,791.7481079101562,0.7342213350902016,234800,185902455.7373047,14.366999,5.2344007,59369500672.0,37.221,28.386,40.511,419.00000000000006,49.21,,,
2020-01-10,783.6689453125,-1.0204208279046556,428400,335723776.171875,14.366999,5.2344007,59369500672.0,37.221,28.386,40.511,419.00000000000006,49.21,,,
2020-01-14,804.4437255859375,2.6509638282467884,645600,519348869.2382813,14.366999,5.2344007,59369500672.0,37.221,28.386,40.511,419.00000000000006,49.21,,,
2020-01-15,851.763916015625,5.882349370705908,871600,742397429.1992188,14.366999,5.2344007,59369500672.0,37.221,28.386,40.511,419.00000000000006,49.21,,,
2020-01-16,901.3924560546876,5.826560518226054,1033600,931679242.578125,14.366999,5.2344007,59369500672.0,37.221,28.386,40.511,419.00000000000006,49.21,,,
2020-01-17,855.2263793945312,-5.121640008195872,1060000,906539962.1582032,14.366999,5.2344007,59369500672.0,37.221,28.386,40.511,419.00000000000006,49.21,,,
2020-01-20,850.6098022460938,-0.5398076181543754,298400,253821964.9902344,14.366999,5.2344007,59369500672.0,37.221,28.386,40.511,419.00000000000006,49.21,,,
2020-01-21,849.4556274414062,-0.1356879266662392,352800,299687945.3613281,14.366999,5.2344007,59369500672.0,37.221,28.386,40.511,419.00000000000006,49.21,,,
2020-01-22,860.9971313476562,1.358694148747186,226800,195274149.38964844,14.366999,5.2344007,59369500672.0,37.221,28.386,40.511,419.00000000000006,49.21,,,
2020-01-23,849.4556274414062,-1.3404811103359782,340800,289494477.83203125,14.366999,5.2344007,59369500672.0,37.221,28.386,40.511,419.00000000000006,49.21,,,
2020-01-24,814.8311157226562,-4.076082446241525,548000,446527451.4160156,14.366999,5.2344007,59369500672.0,37.221,28.386,40.511,419.00000000000006,49.21,,,
2020-01-27,818.2935180664062,0.4249226958741303,516800,422894090.1367188,14.366999,5.2344007,59369500672.0,37.221,28.386,40.511,419.00000000000006,49.21,,,
2020-01-28,889.8509521484375,8.744714763367378,1955600,1740192522.0214844,14.366999,5.2344007,59369500672.0,37.221,28.386,40.511,419.00000000000006,49.21,,,
2020-01-29,800.981201171875,-9.987037802454136,1669200,1336997820.9960938,14.366999,5.2344007,59369500672.0,37.221,28.386,40.511,419.00000000000006,49.21,,,
2020-01-30,757.1234741210938,-5.4755001723655,844800,639617910.9375,14.366999,5.2344007,59369500672.0,37.221,28.386,40.511,419.00000000000006,49.21,,,
2020-01-31,753.6610717773438,-0.4573101299981896,501600,378036393.6035156,14.366999,5.2344007,59369500672.0,37.221,28.386,40.511,419.00000000000006,49.21,,,
2020-02-03,765.2025756835938,1.5313918070667842,459200,351381022.75390625,14.366999,5.2344007,59369500672.0,37.221,28.386,40.511,419.00000000000006,49.21,,,
2020-02-04,776.7440795898438,1.5082939175863783,426800,331514373.1689453,14.366999,5.2344007,59369500672.0,37.221,28.386,40.511,419.00000000000006,49.21,,,
2020-02-05,769.8192138671875,-0.8915247511526392,433600,333793611.1328125,14.366999,5.2344007,59369500672.0,37.221,28.386,40.511,419.00000000000006,49.21,,,
2020-02-06,770.973388671875,0.1499280329584795,320000,246711484.375,14.366999,5.2344007,59369500672.0,37.221,28.386,40.511,419.00000000000006,49.21,,,
2020-02-07,753.6610717773438,-2.24551419658654,416400,313824470.28808594,14.366999,5.2344007,59369500672.0,37.221,28.386,40.511,419.00000000000006,49.21,,,
2020-02-10,716.728271484375,-4.900452162916002,793600,568795556.25,14.366999,5.2344007,59369500672.0,37.221,28.386,40.511,419.00000000000006,49.21,,,
2020-02-12,722.4989624023438,0.8051434759253295,445600,321945537.6464844,14.366999,5.2344007,59369500672.0,37.221,28.386,40.511,419.00000000000006,49.21,,,
2020-02-13,744.4278564453125,3.0351454028465508,372800,277522704.8828125,14.366999,5.2344007,59369500672.0,37.221,28.386,40.511,419.00000000000006,49.21,,,
2020-02-14,732.8863525390625,-1.5503858172854157,280000,205208178.7109375,14.366999,5.2344007,59369500672.0,37.221,28.386,40.511,419.00000000000006,49.21,,,
2020-02-17,698.2617797851562,-4.724412268553024,498400,348013671.0449219,14.366999,5.2344007,59369500672.0,37.221,28.386,40.511,419.00000000000006,49.21,,,
2020-02-18,667.0996704101562,-4.462811838933545,654000,436283184.4482422,14.366999,5.2344007,59369500672.0,37.221,28.386,40.511,419.00000000000006,49.21,,,
2020-02-19,694.79931640625,4.152249989729873,640000,444671562.5,14.366999,5.2344007,59369500672.0,37.221,28.386,40.511,419.00000000000006,49.21,,,
2020-02-20,667.7921142578125,-3.887050765698563,714800,477337803.2714844,14.366999,5.2344007,59369500672.0,37.221,28.386,40.511,419.00000000000006,49.21,,,
2020-02-21,664.5604858398438,-0.4839273104565444,487600,324039692.8955078,14.366999,5.2344007,59369500672.0,37.221,28.386,40.511,419.00000000000006,49.21,,,
2020-02-25,671.4855346679688,1.0420494410487535,1041600,699419332.9101562,14.366999,5.2344007,59369500672.0,37.221,28.386,40.511,419.00000000000006,49.21,,,
2020-02-26,665.0221557617188,-0.9625492393437683,1081600,719287963.671875,14.366999,5.2344007,59369500672.0,37.221,28.386,40.511,419.00000000000006,49.21,,,
2020-02-27,629.2434692382812,-5.380074364959531,482800,303798746.9482422,14.366999,5.2344007,59369500672.0,37.221,28.386,40.511,419.00000000000006,49.21,,,
2020-02-28,588.6173095703125,-6.456349831830277,871600,513038847.0214844,14.366999,5.2344007,59369500672.0,37.221,28.386,40.511,419.00000000000006,49.21,,,
2020-03-02,612.6237182617188,4.078440830924723,577600,353851459.66796875,14.366999,5.2344007,59369500672.0,37.221,28.386,40.511,419.00000000000006,49.21,,,
2020-03-03,596.0039672851562,-2.7128807587992187,564800,336623040.72265625,14.366999,5.2344007,59369500672.0,37.221,28.386,40.511,419.00000000000006,49.21,,,
2020-03-04,594.618896484375,-0.2323928827337118,454800,270432674.1210937,14.366999,5.2344007,59369500672.0,37.221,28.386,40.511,419.00000000000006,49.21,,,
2020-03-05,586.30908203125,-1.397502585648713,497200,291512875.5859375,14.366999,5.2344007,59369500672.0,37.221,28.386,40.511,419.00000000000006,49.21,,,
2020-03-06,549.3761596679688,-6.29922399211833,533200,292927368.33496094,14.366999,5.2344007,59369500672.0,37.221,28.386,40.511,419.00000000000006,49.21,,,
2020-03-09,503.6718444824219,-8.31931171042617,788400,397094882.1899414,14.366999,5.2344007,59369500672.0,37.221,28.386,40.511,419.00000000000006,49.21,,,
2020-03-10,516.8291015625,2.6122677342821587,762400,394030507.03125,14.366999,5.2344007,59369500672.0,37.221,28.386,40.511,419.00000000000006,49.21,,,
2020-03-11,496.5160217285156,-3.930328182482956,666800,331076883.2885742,14.366999,5.2344007,59369500672.0,37.221,28.386,40.511,419.00000000000006,49.21,,,
2020-03-12,481.5120544433594,-3.02184957353906,795600,383090990.5151367,14.366999,5.2344007,59369500672.0,37.221,28.386,40.511,419.00000000000006,49.21,,,
2020-03-13,443.4250793457031,-7.909869492610277,1042800,462403672.7416992,14.366999,5.2344007,59369500672.0,37.221,28.386,40.511,419.00000000000006,49.21,,,
2020-03-16,429.3444213867188,-3.1754311189978512,637200,273578265.3076172,14.366999,5.2344007,59369500672.0,37.221,28.386,40.511,419.00000000000006,49.21,,,
2020-03-17,412.9554748535156,-3.817202627268168,1198000,494720658.8745117,14.366999,5.2344007,59369500672.0,37.221,28.386,40.511,419.00000000000006,49.21,,,
2020-03-18,396.5665283203125,-3.968695787122489,1632000,647196574.21875,14.366999,5.2344007,59369500672.0,37.221,28.386,40.511,419.00000000000006,49.21,,,
2020-03-19,379.0234069824219,-4.423752405982384,642400,243484636.6455078,14.366999,5.2344007,59369500672.0,37.221,28.386,40.511,419.00000000000006,49.21,,,
2020-03-23,372.0984802246094,-1.827044617889173,934800,347837659.31396484,14.366999,5.2344007,59369500672.0,37.221,28.386,40.511,419.00000000000006,49.21,,,
2020-03-24,412.0321960449219,10.73202873502932,971200,400165668.7988281,14.366999,5.2344007,59369500672.0,37.221,28.386,40.511,419.00000000000006,49.21,,,
2020-03-25,504.3642883300781,22.408950846911413,885600,446665013.7451172,14.366999,5.2344007,59369500672.0,37.221,28.386,40.511,419.00000000000006,49.21,,,
2020-03-26,533.4489135742188,5.76659091793319,2854000,1522463199.3408203,14.366999,5.2344007,59369500672.0,37.221,28.386,40.511,419.00000000000006,49.21,,,
2020-03-27,584.4624633789062,9.562968169320296,2558400,1495288766.3085938,14.366999,5.2344007,59369500672.0,37.221,28.386,40.511,419.00000000000006,49.21,,,
2020-03-30,520.060791015625,-11.0189578285252,1270800,660893253.2226562,14.366999,5.2344007,59369500672.0,37.221,28.386,40.511,419.00000000000006,49.21,,,
2020-03-31,559.0711059570312,7.501106719701589,1029600,575619610.6933594,14.366999,5.2344007,59369500672.0,37.221,28.386,40.511,419.00000000000006,49.21,,,
2020-04-01,496.7468872070313,-11.147816098153008,1122800,557747404.9560547,14.366999,5.2344007,59369500672.0,37.221,28.386,40.511,419.00000000000006,49.21,,,
2020-04-02,466.9697570800781,-5.994427120495027,961200,448851330.5053711,14.366999,5.2344007,59369500672.0,37.221,28.386,40.511,419.00000000000006,49.21,,,
2020-04-03,370.2518615722656,-20.711811427057125,3752000,1389184984.6191406,14.366999,5.2344007,59369500672.0,37.221,28.386,40.511,419.00000000000006,49.21,,,
2020-04-06,386.6408386230469,4.426440148385979,2372800,917421381.8847656,14.366999,5.2344007,59369500672.0,37.221,28.386,40.511,419.00000000000006,49.21,,,
2020-04-07,418.2645263671875,8.179086269511204,2479600,1037128719.580078,14.366999,5.2344007,59369500672.0,37.221,28.386,40.511,419.00000000000006,49.21,,,
2020-04-08,462.8148498535156,10.651231619680356,2748800,1272185459.2773438,14.366999,5.2344007,59369500672.0,37.221,28.386,40.511,419.00000000000006,49.21,,,
2020-04-09,514.2899780273438,11.122185943281714,3884000,1997502274.6582031,14.366999,5.2344007,59369500672.0,37.221,28.386,40.511,419.00000000000006,49.21,,,
2020-04-10,482.4354248046875,-6.193889553290621,1692000,816280738.7695312,14.366999,5.2344007,59369500672.0,37.221,28.386,40.511,419.00000000000006,49.21,,,
2020-04-13,444.8100280761719,-7.799053467880834,1448400,644262844.6655273,14.366999,5.2344007,59369500672.0,37.221,28.386,40.511,419.00000000000006,49.21,,,
2020-04-14,467.8930969238281,5.189421863417021,1646000,770152037.5366211,14.366999,5.2344007,59369500672.0,37.221,28.386,40.511,419.00000000000006,49.21,,,
2020-04-15,486.1287231445313,3.897391592351673,1484400,721609476.6357422,14.366999,5.2344007,59369500672.0,37.221,28.386,40.511,419.00000000000006,49.21,,,
2020-04-16,490.2836608886719,0.8546990840747615,792800,388696886.3525391,14.366999,5.2344007,59369500672.0,37.221,28.386,40.511,419.00000000000006,49.21,,,
2020-04-17,493.97698974609375,0.7533044953461188,835200,412569581.8359375,14.366999,5.2344007,59369500672.0,37.221,28.386,40.511,419.00000000000006,49.21,,,
2020-04-20,522.1382446289062,5.700924429149534,1055600,551169131.0302734,14.366999,5.2344007,59369500672.0,37.221,28.386,40.511,419.00000000000006,49.21,,,
2020-04-21,518.9066162109375,-0.6189219907202004,1587200,823608581.25,14.366999,5.2344007,59369500672.0,37.221,28.386,40.511,419.00000000000006,49.21,,,
2020-04-22,475.048828125,-8.451961627737104,1086800,516283066.40625,14.366999,5.2344007,59369500672.0,37.221,28.386,40.511,419.00000000000006,49.21,,,
2020-04-23,493.2844848632813,3.838691026827013,1360000,670866899.4140625,14.366999,5.2344007,59369500672.0,37.221,28.386,40.511,419.00000000000006,49.21,,,
2020-04-24,492.8227233886719,-0.0936095678617077,1113200,548610255.6762695,14.366999,5.2344007,59369500672.0,37.221,28.386,40.511,419.00000000000006,49.21,,,
2020-04-27,526.7548828125,6.88526681369499,1123600,591861786.328125,14.366999,5.2344007,59369500672.0,37.221,28.386,40.511,419.00000000000006,49.21,,,
2020-04-28,541.2972412109375,2.7607448688071967,1136400,615130184.9121094,14.366999,5.2344007,59369500672.0,37.221,28.386,40.511,419.00000000000006,49.21,,,
2020-04-30,555.608642578125,2.6439080559826023,959600,533162053.4179688,14.366999,5.2344007,59369500672.0,37.221,28.386,40.511,419.00000000000006,49.21,,,
2020-05-01,537.8346557617188,-3.199011940118812,788400,424028842.6025391,14.366999,5.2344007,59369500672.0,37.221,28.386,40.511,419.00000000000006,49.21,,,
2020-05-07,574.7675170898438,6.866954543086878,1055600,606724591.0400391,14.366999,5.2344007,59369500672.0,37.221,28.386,40.511,419.00000000000006,49.21,,,
2020-05-08,570.6126098632812,-0.7228848365682827,845200,482281777.8564453,14.366999,5.2344007,59369500672.0,37.221,28.386,40.511,419.00000000000006,49.21,,,
2020-05-11,618.6253662109375,8.414247340092974,963200,595859952.734375,14.366999,5.2344007,59369500672.0,37.221,28.386,40.511,419.00000000000006,49.21,,,
2020-05-12,642.6316528320312,3.880585558288941,1266400,813828725.1464844,14.366999,5.2344007,59369500672.0,37.221,28.386,40.511,419.00000000000006,49.21,,,
2020-05-13,643.3241577148438,0.1077607801857727,832000,535245699.21875,14.366999,5.2344007,59369500672.0,37.221,28.386,40.511,419.00000000000006,49.21,,,
2020-05-14,598.5430908203125,-6.960886880666561,1084800,649299544.921875,14.366999,5.2344007,59369500672.0,37.221,28.386,40.511,419.00000000000006,49.21,,,
2020-05-15,555.8394165039062,-7.134603167481258,1703600,946928029.9560548,14.366999,5.2344007,59369500672.0,37.221,28.386,40.511,419.00000000000006,49.21,,,
2020-05-18,603.3905029296875,8.554824471583157,684400,412960460.2050781,14.366999,5.2344007,59369500672.0,37.221,28.386,40.511,419.00000000000006,49.21,,,
2020-05-19,646.0941162109375,7.077276336619143,1386400,895744882.7148438,14.366999,5.2344007,59369500672.0,37.221,28.386,40.511,419.00000000000006,49.21,,,
2020-05-20,684.8735961914062,6.002141020551877,1861600,1274960686.669922,14.366999,5.2344007,59369500672.0,37.221,28.386,40.511,419.00000000000006,49.21,,,
2020-05-21,668.9463500976562,-2.3255745559942254,1040000,695704204.1015625,14.366999,5.2344007,59369500672.0,37.221,28.386,40.511,419.00000000000006,49.21,,,
2020-05-22,663.8680419921875,-0.7591502823398932,536000,355833270.5078125,14.366999,5.2344007,59369500672.0,37.221,28.386,40.511,419.00000000000006,49.21,,,
2020-05-25,689.7210083007812,3.894292942767974,897600,619093577.0507812,14.366999,5.2344007,59369500672.0,37.221,28.386,40.511,419.00000000000006,49.21,,,
2020-05-26,705.1867065429688,2.2423121894299403,1016400,716751768.5302734,14.366999,5.2344007,59369500672.0,37.221,28.386,40.511,419.00000000000006,49.21,,,
2020-05-27,661.0980224609375,-6.252058309233711,1125600,744131934.0820312,14.366999,5.2344007,59369500672.0,37.221,28.386,40.511,419.00000000000006,49.21,,,
2020-05-28,655.0965576171875,-0.907802570851679,799600,523815207.4707031,14.366999,5.2344007,59369500672.0,37.221,28.386,40.511,419.00000000000006,49.21,,,
2020-05-29,671.2545166015625,2.466500364945756,961200,645209841.3574219,14.366999,5.2344007,59369500672.0,37.221,28.386,40.511,419.00000000000006,49.21,,,
2020-06-01,673.3321533203125,0.3095154918686615,541600,364676694.2382813,14.366999,5.2344007,59369500672.0,37.221,28.386,40.511,419.00000000000006,49.21,,,
2020-06-02,666.1763305664062,-1.0627478160102233,563200,375190509.375,14.366999,5.2344007,59369500672.0,37.221,28.386,40.511,419.00000000000006,49.21,,,
2020-06-03,687.6435546875,3.222453746268883,778400,535261742.96875,14.366999,5.2344007,59369500672.0,37.221,28.386,40.511,419.00000000000006,49.21,,,
2020-06-04,701.7242431640625,2.047672574050585,939600,659340098.8769531,14.366999,5.2344007,59369500672.0,37.221,28.386,40.511,419.00000000000006,49.21,,,
2020-06-05,702.8783569335938,0.164468276644869,1012400,711594048.5595703,14.366999,5.2344007,59369500672.0,37.221,28.386,40.511,419.00000000000006,49.21,,,
2020-06-08,720.190673828125,2.4630601758828696,755200,543887996.875,14.366999,5.2344007,59369500672.0,37.221,28.386,40.511,419.00000000000006,49.21,,,
2020-06-09,702.8783569335938,-2.403851858079309,420000,295208909.9121094,14.366999,5.2344007,59369500672.0,37.221,28.386,40.511,419.00000000000006,49.21,,,
2020-06-10,698.2617797851562,-0.6568102578343615,452400,315893629.1748047,14.366999,5.2344007,59369500672.0,37.221,28.386,40.511,419.00000000000006,49.21,,,
2020-06-11,680.0262451171875,-2.611561336434532,535600,364222056.8847656,14.366999,5.2344007,59369500672.0,37.221,28.386,40.511,419.00000000000006,49.21,,,
2020-06-12,651.8648681640625,-4.141219130192841,757600,493852824.12109375,14.366999,5.2344007,59369500672.0,37.221,28.386,40.511,419.00000000000006,49.21,,,
2020-06-15,626.2427978515625,-3.9305800272168345,639600,400544893.5058594,14.366999,5.2344007,59369500672.0,37.221,28.386,40.511,419.00000000000006,49.21,,,
2020-06-16,672.177978515625,7.33504334447459,523200,351683518.359375,14.366999,5.2344007,59369500672.0,37.221,28.386,40.511,419.00000000000006,49.21,,,
2020-06-17,672.8704833984375,0.1030240360360812,499200,335896945.3125,14.366999,5.2344007,59369500672.0,37.221,28.386,40.511,419.00000000000006,49.21,,,
2020-06-18,652.3265380859375,-3.0531797454897425,555200,362171693.9453125,14.366999,5.2344007,59369500672.0,37.221,28.386,40.511,419.00000000000006,49.21,,,
2020-06-19,646.0941162109375,-0.9554144299091738,882000,569855010.4980469,14.366999,5.2344007,59369500672.0,37.221,28.386,40.511,419.00000000000006,49.21,,,
2020-06-22,628.3201904296875,-2.750980907470013,608800,382521331.93359375,14.366999,5.2344007,59369500672.0,37.221,28.386,40.511,419.00000000000006,49.21,,,
2020-06-23,650.4798583984375,3.526811378382688,588800,383002540.625,14.366999,5.2344007,59369500672.0,37.221,28.386,40.511,419.00000000000006,49.21,,,
2020-06-24,640.7850952148438,-1.4904017485589005,396400,254007211.7431641,14.366999,5.2344007,59369500672.0,37.221,28.386,40.511,419.00000000000006,49.21,,,
2020-06-25,617.4710693359375,-3.6383533345277774,568000,350723567.3828125,14.366999,5.2344007,59369500672.0,37.221,28.386,40.511,419.00000000000006,49.21,,,
2020-06-26,622.0877685546875,0.7476786278772574,867200,539474512.890625,14.366999,5.2344007,59369500672.0,37.221,28.386,40.511,419.00000000000006,49.21,,,
2020-06-29,586.7706909179688,-5.677185667670626,642000,376706783.569336,14.366999,5.2344007,59369500672.0,37.221,28.386,40.511,419.00000000000006,49.21,,,
2020-06-30,608.6995239257812,3.737206603401777,713600,434367980.2734375,14.366999,5.2344007,59369500672.0,37.221,28.386,40.511,419.00000000000006,49.21,,,
2020-07-01,617.4710693359375,1.4410304370840563,1062800,656248252.4902344,14.366999,5.2344007,59369500672.0,37.221,28.386,40.511,419.00000000000006,49.21,,,
2020-07-02,595.5422973632812,-3.5513845201265326,720400,429028671.0205078,14.366999,5.2344007,59369500672.0,37.221,28.386,40.511,419.00000000000006,49.21,,,
2020-07-03,590.9255981445312,-0.7752092906230357,498800,294753688.3544922,14.366999,5.2344007,59369500672.0,37.221,28.386,40.511,419.00000000000006,49.21,,,
2020-07-06,605.6988525390625,2.500019366383577,485600,294127362.79296875,14.366999,5.2344007,59369500672.0,37.221,28.386,40.511,419.00000000000006,49.21,,,
2020-07-07,609.1612548828125,0.5716375933742857,329200,200535885.10742188,14.366999,5.2344007,59369500672.0,37.221,28.386,40.511,419.00000000000006,49.21,,,
2020-07-08,609.853759765625,0.113681702055346,234800,143193662.79296875,14.366999,5.2344007,59369500672.0,37.221,28.386,40.511,419.00000000000006,49.21,,,
2020-07-09,593.6956176757812,-2.6495109411235784,433200,257188941.57714844,14.366999,5.2344007,59369500672.0,37.221,28.386,40.511,419.00000000000006,49.21,,,
2020-07-10,603.8521118164062,1.710724121627516,569200,343712622.04589844,14.366999,5.2344007,59369500672.0,37.221,28.386,40.511,419.00000000000006,49.21,,,
2020-07-13,618.6253662109375,2.4465020665561443,627200,388001829.6875,14.366999,5.2344007,59369500672.0,37.221,28.386,40.511,419.00000000000006,49.21,,,
2020-07-14,611.0079345703125,-1.231348091540696,461600,282041262.59765625,14.366999,5.2344007,59369500672.0,37.221,28.386,40.511,419.00000000000006,49.21,,,
2020-07-15,635.2450561523438,3.966744163326763,876400,556728767.2119141,14.366999,5.2344007,59369500672.0,37.221,28.386,40.511,419.00000000000006,49.21,,,
2020-07-16,677.0253295898438,6.577032443284425,1982800,1342405823.5107422,14.366999,5.2344007,59369500672.0,37.221,28.386,40.511,419.00000000000006,49.21,,,
2020-07-17,682.5653076171875,0.8182822392627465,893200,609667332.7636719,14.366999,5.2344007,59369500672.0,37.221,28.386,40.511,419.00000000000006,49.21,,,
2020-07-20,632.7058715820312,-7.304712893952059,915600,579305496.0205078,14.366999,5.2344007,59369500672.0,37.221,28.386,40.511,419.00000000000006,49.21,,,
2020-07-21,638.0150756835938,0.8391267317130024,486000,310075326.78222656,14.366999,5.2344007,59369500672.0,37.221,28.386,40.511,419.00000000000006,49.21,,,
2020-07-22,618.6253662109375,-3.0390676038307363,608800,376619122.9492188,14.366999,5.2344007,59369500672.0,37.221,28.386,40.511,419.00000000000006,49.21,,,
2020-07-27,580.07666015625,-6.231349078166193,1427200,827885409.375,14.366999,5.2344007,59369500672.0,37.221,28.386,40.511,419.00000000000006,49.21,,,
2020-07-28,524.908203125,-9.510545902051938,1888400,991236650.78125,14.366999,5.2344007,59369500672.0,37.221,28.386,40.511,419.00000000000006,49.21,,,
2020-07-29,495.3619079589844,-5.628849957023741,1269200,628713333.581543,14.366999,5.2344007,59369500672.0,37.221,28.386,40.511,419.00000000000006,49.21,,,
2020-07-30,492.8227233886719,-0.512591810051477,951600,468970103.57666016,14.366999,5.2344007,59369500672.0,37.221,28.386,40.511,419.00000000000006,49.21,,,
2020-07-31,482.4354248046875,-2.107715024291257,688800,332301520.60546875,14.366999,5.2344007,59369500672.0,37.221,28.386,40.511,419.00000000000006,49.21,,,
2020-08-03,492.5919189453125,2.105254634801512,474400,233685606.34765625,14.366999,5.2344007,59369500672.0,37.221,28.386,40.511,419.00000000000006,49.21,,,
2020-08-04,531.8330688476562,7.966259370710516,870800,463120236.3525391,14.366999,5.2344007,59369500672.0,37.221,28.386,40.511,419.00000000000006,49.21,,,
2020-08-05,554.2235717773438,4.210062187032082,1533600,849957269.6777344,14.366999,5.2344007,59369500672.0,37.221,28.386,40.511,419.00000000000006,49.21,,,
2020-08-06,551.4536743164062,-0.4997798004250708,735200,405428741.3574219,14.366999,5.2344007,59369500672.0,37.221,28.386,40.511,419.00000000000006,49.21,,,
2020-08-07,553.5310668945312,0.376712074808494,485600,268794686.0839844,14.366999,5.2344007,59369500672.0,37.221,28.386,40.511,419.00000000000006,49.21,,,
2020-08-11,592.079833984375,6.964156014966494,774400,458506623.4375,14.366999,5.2344007,59369500672.0,37.221,28.386,40.511,419.00000000000006,49.21,,,
2020-08-12,594.3880615234375,0.3898507273131457,522800,310746078.5644531,14.366999,5.2344007,59369500672.0,37.221,28.386,40.511,419.00000000000006,49.21,,,
2020-08-13,588.8482055664062,-0.9320267878248468,463200,272754488.8183594,14.366999,5.2344007,59369500672.0,37.221,28.386,40.511,419.00000000000006,49.21,,,
2020-08-14,602.236328125,2.273611846318846,453200,272933503.90625,14.366999,5.2344007,59369500672.0,37.221,28.386,40.511,419.00000000000006,49.21,,,
2020-08-17,611.0079345703125,1.456505699784327,488400,298416275.2441406,14.366999,5.2344007,59369500672.0,37.221,28.386,40.511,419.00000000000006,49.21,,,
2020-08-18,617.0095825195312,0.9822536843878016,471200,290734915.2832031,14.366999,5.2344007,59369500672.0,37.221,28.386,40.511,419.00000000000006,49.21,,,
2020-08-19,654.6348266601562,6.097999967356094,772000,505378086.1816406,14.366999,5.2344007,59369500672.0,37.221,28.386,40.511,419.00000000000006,49.21,,,
2020-08-20,638.9383544921875,-2.397744746953001,403200,257619944.53125,14.366999,5.2344007,59369500672.0,37.221,28.386,40.511,419.00000000000006,49.21,,,
2020-08-21,644.4783325195312,0.8670598639749505,257600,166017618.45703125,14.366999,5.2344007,59369500672.0,37.221,28.386,40.511,419.00000000000006,49.21,,,
2020-08-24,638.7075805664062,-0.8954144246502094,271600,173472978.88183594,14.366999,5.2344007,59369500672.0,37.221,28.386,40.511,419.00000000000006,49.21,,,
2020-08-25,638.4767456054688,-0.0361409458664585,418800,267394061.0595703,14.366999,5.2344007,59369500672.0,37.221,28.386,40.511,419.00000000000006,49.21,,,
2020-08-26,643.5550537109375,0.7953787104106658,215200,138493047.55859375,14.366999,5.2344007,59369500672.0,37.221,28.386,40.511,419.00000000000006,49.21,,,
2020-08-27,626.704345703125,-2.6183786314233903,249600,156425404.6875,14.366999,5.2344007,59369500672.0,37.221,28.386,40.511,419.00000000000006,49.21,,,
2020-08-28,586.7706909179688,-6.372008596869239,564400,331173377.9541016,14.366999,5.2344007,59369500672.0,37.221,28.386,40.511,419.00000000000006,49.21,,,
2020-08-31,608.007080078125,3.6191973268012254,673200,409310366.30859375,14.366999,5.2344007,59369500672.0,37.221,28.386,40.511,419.00000000000006,49.21,,,
2020-09-01,622.5493774414062,2.391797372065585,387200,241051118.9453125,14.366999,5.2344007,59369500672.0,37.221,28.386,40.511,419.00000000000006,49.21,,,
2020-09-02,630.3975830078125,1.2606559175532883,370000,233247105.71289065,14.366999,5.2344007,59369500672.0,37.221,28.386,40.511,419.00000000000006,49.21,,,
2020-09-03,634.3218383789062,0.6225048250296128,244000,154774528.56445312,14.366999,5.2344007,59369500672.0,37.221,28.386,40.511,419.00000000000006,49.21,,,
2020-09-04,625.0885620117188,-1.4556138238570493,297200,185776320.6298828,14.366999,5.2344007,59369500672.0,37.221,28.386,40.511,419.00000000000006,49.21,,,
2020-09-07,613.0853271484375,-1.9202454808405545,251200,154007034.1796875,14.366999,5.2344007,59369500672.0,37.221,28.386,40.511,419.00000000000006,49.21,,,
2020-09-08,634.0909423828125,3.4262139875497644,276000,175009100.09765625,14.366999,5.2344007,59369500672.0,37.221,28.386,40.511,419.00000000000006,49.21,,,
2020-09-09,620.7027587890625,-2.1113980186248,226000,140278823.48632812,14.366999,5.2344007,59369500672.0,37.221,28.386,40.511,419.00000000000006,49.21,,,
2020-09-10,612.6237182617188,-1.3015957175871562,238400,146049494.43359375,14.366999,5.2344007,59369500672.0,37.221,28.386,40.511,419.00000000000006,49.21,,,
2020-09-11,626.0117797851562,2.185364543414225,237600,148740398.87695312,14.366999,5.2344007,59369500672.0,37.221,28.386,40.511,419.00000000000006,49.21,,,
2020-09-14,622.0877685546875,-0.6268270593590808,231600,144075527.19726562,14.366999,5.2344007,59369500672.0,37.221,28.386,40.511,419.00000000000006,49.21,,,
2020-09-15,629.9359741210938,1.261591364292558,270000,170082713.0126953,14.366999,5.2344007,59369500672.0,37.221,28.386,40.511,419.00000000000006,49.21,,,
2020-09-16,655.0965576171875,3.99414933100124,468800,307109266.2109375,14.366999,5.2344007,59369500672.0,37.221,28.386,40.511,419.00000000000006,49.21,,,
2020-09-17,642.8624877929688,-1.8675216167702515,271600,174601451.6845703,14.366999,5.2344007,59369500672.0,37.221,28.386,40.511,419.00000000000006,49.21,,,
2020-09-18,670.3312377929688,4.272881140460361,498000,333824956.42089844,14.366999,5.2344007,59369500672.0,37.221,28.386,40.511,419.00000000000006,49.21,,,
2020-09-23,647.0174560546875,-3.477949470927344,346800,224385653.7597656,14.366999,5.2344007,59369500672.0,37.221,28.386,40.511,419.00000000000006,49.21,,,
2020-09-24,636.1683959960938,-1.676780117301313,340400,216551721.9970703,14.366999,5.2344007,59369500672.0,37.221,28.386,40.511,419.00000000000006,49.21,,,
2020-09-25,667.0996704101562,4.862120565676831,537200,358365942.94433594,14.366999,5.2344007,59369500672.0,37.221,28.386,40.511,419.00000000000006,49.21,,,
2020-09-28,676.3328857421875,1.3840833299099575,469600,317605923.14453125,14.366999,5.2344007,59369500672.0,37.221,28.386,40.511,419.00000000000006,49.21,,,
2020-09-29,703.860107421875,4.07006996997934,472400,332503514.7460937,14.366999,5.2344007,59369500672.0,37.221,28.386,40.511,419.00000000000006,49.21,,,
2020-09-30,694.3358764648438,-1.353142599872148,232000,161085923.33984375,14.366999,5.2344007,59369500672.0,37.221,28.386,40.511,419.00000000000006,49.21,,,
2020-10-02,717.7979736328125,3.379070268905604,465200,333919617.3339844,14.366999,5.2344007,59369500672.0,37.221,28.386,40.511,419.00000000000006,49.21,,,
2020-10-05,731.7357177734375,1.9417363454072407,484800,354745475.9765625,14.366999,5.2344007,59369500672.0,37.221,28.386,40.511,419.00000000000006,49.21,,,
2020-10-06,782.841064453125,6.984126295651305,1024800,802255522.8515625,14.366999,5.2344007,59369500672.0,37.221,28.386,40.511,419.00000000000006,49.21,,,
2020-10-07,756.126953125,-3.4124565689188646,696800,526869260.9375,14.366999,5.2344007,59369500672.0,37.221,28.386,40.511,419.00000000000006,49.21,,,
2020-10-08,766.5802612304688,1.3824805559788933,385200,295286716.62597656,14.366999,5.2344007,59369500672.0,37.221,28.386,40.511,419.00000000000006,49.21,,,
2020-10-09,787.4869995117188,2.7272732339457484,415200,326964602.1972656,14.366999,5.2344007,59369500672.0,37.221,28.386,40.511,419.00000000000006,49.21,,,
2020-10-12,801.4249267578125,1.769924742216178,380400,304862042.1386719,14.366999,5.2344007,59369500672.0,37.221,28.386,40.511,419.00000000000006,49.21,,,
2020-10-13,794.4559326171875,-0.869575415980417,338000,268526105.2246094,14.366999,5.2344007,59369500672.0,37.221,28.386,40.511,419.00000000000006,49.21,,,
2020-10-14,765.4187622070312,-3.654975589961129,498400,381484711.0839844,14.366999,5.2344007,59369500672.0,37.221,28.386,40.511,419.00000000000006,49.21,,,
2020-10-15,759.611328125,-0.7587263820507784,324000,246114070.3125,14.366999,5.2344007,59369500672.0,37.221,28.386,40.511,419.00000000000006,49.21,,,
2020-10-16,720.1209106445312,-5.198766266156884,455200,327799038.5253906,14.366999,5.2344007,59369500672.0,37.221,28.386,40.511,419.00000000000006,49.21,,,
2020-10-19,743.3506469726562,3.22581055274922,324400,241142949.8779297,14.366999,5.2344007,59369500672.0,37.221,28.386,40.511,419.00000000000006,49.21,,,
2020-10-20,731.7357177734375,-1.5625101352264026,287600,210447192.43164065,14.366999,5.2344007,59369500672.0,37.221,28.386,40.511,419.00000000000006,49.21,,,
2020-10-21,731.7357177734375,0.0,300800,220106103.90625,14.366999,5.2344007,59369500672.0,37.221,28.386,40.511,419.00000000000006,49.21,,,
2020-10-22,710.8289184570312,-2.8571516749274606,530400,377023658.3496094,14.366999,5.2344007,59369500672.0,37.221,28.386,40.511,419.00000000000006,49.21,,,
2020-10-23,701.537109375,-1.3071793846261337,381200,267425946.09375,14.366999,5.2344007,59369500672.0,37.221,28.386,40.511,419.00000000000006,49.21,,,
2020-10-26,679.4689331054688,-3.145689083959047,438800,298150967.8466797,14.366999,5.2344007,59369500672.0,37.221,28.386,40.511,419.00000000000006,49.21,,,
2020-10-27,686.437744140625,1.0256261464826275,356000,244371836.9140625,14.366999,5.2344007,59369500672.0,37.221,28.386,40.511,419.00000000000006,49.21,,,
2020-10-28,669.247802734375,-2.5042243893174443,370400,247889386.1328125,14.366999,5.2344007,59369500672.0,37.221,28.386,40.511,419.00000000000006,49.21,,,
2020-10-29,666.6925659179688,-0.3818072776580195,238000,158672830.68847656,14.366999,5.2344007,59369500672.0,37.221,28.386,40.511,419.00000000000006,49.21,,,
2020-10-30,632.544921875,-5.121947624532286,453600,286922376.5625,14.366999,5.2344007,59369500672.0,37.221,28.386,40.511,419.00000000000006,49.21,,,
2020-11-02,648.5734252929688,2.533970768503968,346800,224925263.8916016,14.366999,5.2344007,59369500672.0,37.221,28.386,40.511,419.00000000000006,49.21,,,
2020-11-04,644.6243286132812,-0.6088896839866131,656800,423389259.0332031,14.366999,5.2344007,59369500672.0,37.221,28.386,40.511,419.00000000000006,49.21,,,
2020-11-05,731.7357177734375,13.513512489910308,1087600,795835766.6503906,14.366999,5.2344007,59369500672.0,37.221,28.386,40.511,419.00000000000006,49.21,,,
2020-11-06,826.9774780273438,13.01586869966014,2134000,1764769938.1103516,14.366999,5.2344007,59369500672.0,37.221,28.386,40.511,419.00000000000006,49.21,,,
2020-11-09,756.126953125,-8.56740682604189,1636400,1237326146.09375,14.366999,5.2344007,59369500672.0,37.221,28.386,40.511,419.00000000000006,49.21,,,
2020-11-10,731.7357177734375,-3.225812180184273,671600,491433708.0566406,14.366999,5.2344007,59369500672.0,37.221,28.386,40.511,419.00000000000006,49.21,,,
2020-11-11,715.4749755859375,-2.222215178586473,887600,635055588.3300781,14.366999,5.2344007,59369500672.0,37.221,28.386,40.511,419.00000000000006,49.21,,,
2020-11-12,664.8341674804688,-7.077928625525509,2041600,1357325436.328125,14.366999,5.2344007,59369500672.0,37.221,28.386,40.511,419.00000000000006,49.21,,,
2020-11-13,682.7210693359375,2.690430596137228,974800,665516498.3886719,14.366999,5.2344007,59369500672.0,37.221,28.386,40.511,419.00000000000006,49.21,,,
2020-11-16,736.3816528320312,7.859810676164991,812800,598531007.421875,14.366999,5.2344007,59369500672.0,37.221,28.386,40.511,419.00000000000006,49.21,,,
2020-11-17,759.611328125,3.1545700797446896,714800,542970177.34375,14.366999,5.2344007,59369500672.0,37.221,28.386,40.511,419.00000000000006,49.21,,,
2020-11-18,751.48095703125,-1.070333049642469,416800,313217262.890625,14.366999,5.2344007,59369500672.0,37.221,28.386,40.511,419.00000000000006,49.21,,,
2020-11-19,761.934326171875,1.3910357997521716,318400,242599889.453125,14.366999,5.2344007,59369500672.0,37.221,28.386,40.511,419.00000000000006,49.21,,,
2020-11-20,796.7789916992188,4.573184896710325,448800,357594411.4746094,14.366999,5.2344007,59369500672.0,37.221,28.386,40.511,419.00000000000006,49.21,,,
2020-11-24,789.8099975585938,-0.8746458193837237,536000,423338158.6914063,14.366999,5.2344007,59369500672.0,37.221,28.386,40.511,419.00000000000006,49.21,,,
2020-11-25,793.29443359375,0.4411739590442165,393200,311923371.2890625,14.366999,5.2344007,59369500672.0,37.221,28.386,40.511,419.00000000000006,49.21,,,
2020-11-26,858.337646484375,8.19912634404465,928800,797224006.0546875,14.366999,5.2344007,59369500672.0,37.221,28.386,40.511,419.00000000000006,49.21,,,
2020-11-27,836.2694702148438,-2.57103674293202,636400,532201890.84472656,14.366999,5.2344007,59369500672.0,37.221,28.386,40.511,419.00000000000006,49.21,,,
2020-11-30,857.1761474609375,2.4999928839591234,396400,339784624.8535156,14.366999,5.2344007,59369500672.0,37.221,28.386,40.511,419.00000000000006,49.21,,,
2020-12-01,862.9835815429688,0.677507662717125,440800,380403162.7441406,14.366999,5.2344007,59369500672.0,37.221,28.386,40.511,419.00000000000006,49.21,,,
2020-12-02,804.9093017578125,-6.7294767857949855,753200,606257686.0839844,14.366999,5.2344007,59369500672.0,37.221,28.386,40.511,419.00000000000006,49.21,,,
2020-12-03,758.449951171875,-5.771998221970676,1010800,766641210.6445312,14.366999,5.2344007,59369500672.0,37.221,28.386,40.511,419.00000000000006,49.21,,,
2020-12-04,753.8040161132812,-0.6125565769257935,645200,486354351.19628906,14.366999,5.2344007,59369500672.0,37.221,28.386,40.511,419.00000000000006,49.21,,,
2020-12-07,764.2572631835938,1.386732737802454,431600,329853434.79003906,14.366999,5.2344007,59369500672.0,37.221,28.386,40.511,419.00000000000006,49.21,,,
2020-12-08,790.9714965820312,3.4954503784702773,466800,369225494.6044922,14.366999,5.2344007,59369500672.0,37.221,28.386,40.511,419.00000000000006,49.21,,,
2020-12-09,808.3937377929688,2.2026383107637937,654800,529336219.506836,14.366999,5.2344007,59369500672.0,37.221,28.386,40.511,419.00000000000006,49.21,,,
2020-12-10,796.7789916992188,-1.436768439777869,323200,257518970.1171875,14.366999,5.2344007,59369500672.0,37.221,28.386,40.511,419.00000000000006,49.21,,,
2020-12-11,788.6484375,-1.0204277828509856,549200,433125721.875,14.366999,5.2344007,59369500672.0,37.221,28.386,40.511,419.00000000000006,49.21,,,
2020-12-14,815.3626708984375,3.387343729878056,200400,163398679.24804688,14.366999,5.2344007,59369500672.0,37.221,28.386,40.511,419.00000000000006,49.21,,,
2020-12-15,778.1951904296875,-4.558398586949741,403600,314079578.8574219,14.366999,5.2344007,59369500672.0,37.221,28.386,40.511,419.00000000000006,49.21,,,
2020-12-16,811.8782348632812,4.328354228840103,369600,300070195.60546875,14.366999,5.2344007,59369500672.0,37.221,28.386,40.511,419.00000000000006,49.21,,,
2020-12-17,802.5863037109375,-1.1444981221732653,146000,117177600.34179688,14.366999,5.2344007,59369500672.0,37.221,28.386,40.511,419.00000000000006,49.21,,,
2020-12-18,794.4559326171875,-1.013021410427439,165200,131244120.06835938,14.366999,5.2344007,59369500672.0,37.221,28.386,40.511,419.00000000000006,49.21,,,
2020-12-21,809.5552368164062,1.900584233725456,206800,167416022.9736328,14.366999,5.2344007,59369500672.0,37.221,28.386,40.511,419.00000000000006,49.21,,,
2020-12-22,793.29443359375,-2.0086094787802544,228800,181505766.40625,14.366999,5.2344007,59369500672.0,37.221,28.386,40.511,419.00000000000006,49.21,,,
2020-12-23,768.9031982421875,-3.0746762259589167,247200,190072870.60546875,14.366999,5.2344007,59369500672.0,37.221,28.386,40.511,419.00000000000006,49.21,,,
2020-12-24,774.710693359375,0.7552960022099153,172800,133870007.8125,14.366999,5.2344007,59369500672.0,37.221,28.386,40.511,419.00000000000006,49.21,,,
2020-12-25,785.1640014648438,1.3493176478744706,120000,94219680.17578124,14.366999,5.2344007,59369500672.0,37.221,28.386,40.511,419.00000000000006,49.21,,,
2020-12-28,754.9654541015625,-3.846145175650084,392400,296248444.1894531,14.366999,5.2344007,59369500672.0,37.221,28.386,40.511,419.00000000000006,49.21,,,
2020-12-29,787.4869995117188,4.307686561480906,207200,163167306.29882812,14.366999,5.2344007,59369500672.0,37.221,28.386,40.511,419.00000000000006,49.21,,,
2020-12-30,791.2037963867188,0.4719819980907092,180000,142416683.34960938,14.366999,5.2344007,59369500672.0,37.221,28.386,40.511,419.00000000000006,49.21,,,
2021-01-04,772.1554565429688,-2.407513706423081,155400,119992957.94677734,14.366999,5.2344007,59369500672.0,37.221,28.386,40.511,419.00000000000006,49.21,,,
2021-01-05,842.30908203125,9.085427667942314,621400,523410863.5742188,14.366999,5.2344007,59369500672.0,37.221,28.386,40.511,419.00000000000006,49.21,,,
2021-01-06,881.7996215820312,4.688366823203283,716200,631544888.9770508,14.366999,5.2344007,59369500672.0,37.221,28.386,40.511,419.00000000000006,49.21,,,
2021-01-07,865.538818359375,-1.844047425817996,377200,326481242.28515625,14.366999,5.2344007,59369500672.0,37.221,28.386,40.511,419.00000000000006,49.21,,,
2021-01-08,845.0967407226562,-2.361774793124427,434200,366941004.8217773,14.366999,5.2344007,59369500672.0,37.221,28.386,40.511,419.00000000000006,49.21,,,
2021-01-12,835.8048095703125,-1.0995109440841144,229200,191566462.3535156,14.366999,5.2344007,59369500672.0,37.221,28.386,40.511,419.00000000000006,49.21,,,
2021-01-13,832.0880126953125,-0.4446967560417403,243800,202863057.4951172,14.366999,5.2344007,59369500672.0,37.221,28.386,40.511,419.00000000000006,49.21,,,
2021-01-14,806.07080078125,-3.126737979289851,319600,257620227.9296875,14.366999,5.2344007,59369500672.0,37.221,28.386,40.511,419.00000000000006,49.21,,,
2021-01-15,794.9205322265625,-1.3832864983920223,312600,248492158.37402344,14.366999,5.2344007,59369500672.0,37.221,28.386,40.511,419.00000000000006,49.21,,,
2021-01-18,825.119140625,3.798946834830352,310200,255951957.421875,14.366999,5.2344007,59369500672.0,37.221,28.386,40.511,419.00000000000006,49.21,,,
2021-01-19,831.6234741210938,0.7882902208724563,352000,292731462.890625,14.366999,5.2344007,59369500672.0,37.221,28.386,40.511,419.00000000000006,49.21,,,
2021-01-20,835.8048095703125,0.502791897936472,233400,195076842.5537109,14.366999,5.2344007,59369500672.0,37.221,28.386,40.511,419.00000000000006,49.21,,,
2021-01-21,877.6182861328125,5.002780084981362,436000,382641572.7539063,14.366999,5.2344007,59369500672.0,37.221,28.386,40.511,419.00000000000006,49.21,,,
2021-01-22,879.0120849609375,0.1588160650419778,442200,388699143.96972656,14.366999,5.2344007,59369500672.0,37.221,28.386,40.511,419.00000000000006,49.21,,,
2021-01-25,906.4231567382812,3.11839532656275,645800,585368074.621582,14.366999,5.2344007,59369500672.0,37.221,28.386,40.511,419.00000000000006,49.21,,,
2021-01-26,1086.22119140625,19.83599308241011,3977000,4319901678.222656,14.366999,5.2344007,59369500672.0,37.221,28.386,40.511,419.00000000000006,49.21,,,
2021-01-27,1089.0086669921875,0.2566213592582134,3021000,3289895182.9833984,14.366999,5.2344007,59369500672.0,37.221,28.386,40.511,419.00000000000006,49.21,,,
2021-01-28,1072.2830810546875,-1.5358542539147702,1490000,1597701790.7714844,14.366999,5.2344007,59369500672.0,37.221,28.386,40.511,419.00000000000006,49.21,,,
2021-01-29,1094.119140625,2.0364081049226934,993600,1087116778.125,14.366999,5.2344007,59369500672.0,37.221,28.386,40.511,419.00000000000006,49.21,,,
2021-02-01,1110.380126953125,1.4862171517112888,968400,1075292114.9414062,14.366999,5.2344007,59369500672.0,37.221,28.386,40.511,419.00000000000006,49.21,,,
2021-02-02,1068.56640625,-3.765712271693977,1252000,1337845140.625,14.366999,5.2344007,59369500672.0,37.221,28.386,40.511,419.00000000000006,49.21,,,
2021-02-03,1029.54052734375,-3.65217160842689,1623400,1671356092.0898438,14.366999,5.2344007,59369500672.0,37.221,28.386,40.511,419.00000000000006,49.21,,,
2021-02-04,1034.1864013671875,0.4512570316609121,710400,734686019.53125,14.366999,5.2344007,59369500672.0,37.221,28.386,40.511,419.00000000000006,49.21,,,
2021-02-05,1057.8807373046875,2.291108827787358,567000,599818378.0517578,14.366999,5.2344007,59369500672.0,37.221,28.386,40.511,419.00000000000006,49.21,,,
2021-02-08,1021.6424560546876,-3.425554504596562,733400,749272577.2705078,14.366999,5.2344007,59369500672.0,37.221,28.386,40.511,419.00000000000006,49.21,,,
2021-02-09,1049.0535888671875,2.6830455850821444,528600,554529727.0751953,14.366999,5.2344007,59369500672.0,37.221,28.386,40.511,419.00000000000006,49.21,,,
2021-02-10,1041.1553955078125,-0.7528875019534365,372600,387934500.3662109,14.366999,5.2344007,59369500672.0,37.221,28.386,40.511,419.00000000000006,49.21,,,
2021-02-12,1047.6597900390625,0.6247285044397755,268200,280982355.68847656,14.366999,5.2344007,59369500672.0,37.221,28.386,40.511,419.00000000000006,49.21,,,
2021-02-15,1043.94287109375,-0.3547830107304084,439000,458290920.41015625,14.366999,5.2344007,59369500672.0,37.221,28.386,40.511,419.00000000000006,49.21,,,
2021-02-16,1035.11572265625,-0.845558572400773,553600,573040064.0625,14.366999,5.2344007,59369500672.0,37.221,28.386,40.511,419.00000000000006,49.21,,,
2021-02-17,1020.2485961914062,-1.436276750457688,579800,591540136.0717773,14.366999,5.2344007,59369500672.0,37.221,28.386,40.511,419.00000000000006,49.21,,,
2021-02-18,1044.407470703125,2.36793999049878,360400,376404452.4414063,14.366999,5.2344007,59369500672.0,37.221,28.386,40.511,419.00000000000006,49.21,,,
2021-02-19,1046.7305908203125,0.2224342684588043,329200,344583710.4980469,14.366999,5.2344007,59369500672.0,37.221,28.386,40.511,419.00000000000006,49.21,,,
2021-02-22,1044.8721923828125,-0.1775431475680489,523200,546677131.0546875,14.366999,5.2344007,59369500672.0,37.221,28.386,40.511,419.00000000000006,49.21,,,
2021-02-24,1030.0052490234375,-1.42284802560122,2331400,2401354237.573242,14.366999,5.2344007,59369500672.0,37.221,28.386,40.511,419.00000000000006,49.21,,,
2021-02-25,980.2935791015624,-4.826351124812945,1408800,1381037594.2382812,14.366999,5.2344007,59369500672.0,37.221,28.386,40.511,419.00000000000006,49.21,,,
2021-02-26,1018.3904418945312,3.886270766751787,1007200,1025722853.076172,14.366999,5.2344007,59369500672.0,37.221,28.386,40.511,419.00000000000006,49.21,,,
2021-03-01,1042.0845947265625,2.3266275739933784,763000,795110545.7763672,14.366999,5.2344007,59369500672.0,37.221,28.386,40.511,419.00000000000006,49.21,,,
2021-03-02,1077.8582763671875,3.4328961220285503,594800,641110102.7832031,14.366999,5.2344007,59369500672.0,37.221,28.386,40.511,419.00000000000006,49.21,,,
2021-03-03,1106.6632080078125,2.672422921658036,807600,893741206.7871094,14.366999,5.2344007,59369500672.0,37.221,28.386,40.511,419.00000000000006,49.21,,,
2021-03-04,1125.7115478515625,1.7212409074338186,819600,922633184.6191406,14.366999,5.2344007,59369500672.0,37.221,28.386,40.511,419.00000000000006,49.21,,,
2021-03-05,1059.7391357421875,-5.860507714901242,1106600,1172707327.6123047,14.366999,5.2344007,59369500672.0,37.221,28.386,40.511,419.00000000000006,49.21,,,
2021-03-08,1025.82373046875,-3.200354137123085,420000,430845966.796875,14.366999,5.2344007,59369500672.0,37.221,28.386,40.511,419.00000000000006,49.21,,,
2021-03-09,1004.9169921875,-2.038043930968203,560600,563356465.8203125,14.366999,5.2344007,59369500672.0,37.221,28.386,40.511,419.00000000000006,49.21,,,
2021-03-10,952.8825073242188,-5.177988358024754,678000,646054339.9658203,14.366999,5.2344007,59369500672.0,37.221,28.386,40.511,419.00000000000006,49.21,,,
2021-03-11,1011.4214477539062,6.143353454359257,539200,545358444.6289062,14.366999,5.2344007,59369500672.0,37.221,28.386,40.511,419.00000000000006,49.21,,,
2021-03-12,1030.0052490234375,1.8373944225526184,402400,414474112.2070313,14.366999,5.2344007,59369500672.0,37.221,28.386,40.511,419.00000000000006,49.21,,,
2021-03-15,1045.3365478515625,1.4884680289407148,236600,247326627.2216797,14.366999,5.2344007,59369500672.0,37.221,28.386,40.511,419.00000000000006,49.21,,,
2021-03-16,1084.8272705078125,3.777799861433495,353000,382944026.4892578,14.366999,5.2344007,59369500672.0,37.221,28.386,40.511,419.00000000000006,49.21,,,
2021-03-17,1110.380126953125,2.35547696301468,402000,446372811.03515625,14.366999,5.2344007,59369500672.0,37.221,28.386,40.511,419.00000000000006,49.21,,,
2021-03-18,1126.6407470703125,1.4644192310795834,482800,543942152.6855469,14.366999,5.2344007,59369500672.0,37.221,28.386,40.511,419.00000000000006,49.21,,,
2021-03-19,1088.544189453125,-3.3814290594630814,321800,350293520.1660156,14.366999,5.2344007,59369500672.0,37.221,28.386,40.511,419.00000000000006,49.21,,,
2021-03-22,1048.5889892578125,-3.670517061451184,324600,340371985.91308594,14.366999,5.2344007,59369500672.0,37.221,28.386,40.511,419.00000000000006,49.21,,,
2021-03-23,1025.3592529296875,-2.215332848818763,291000,298379542.60253906,14.366999,5.2344007,59369500672.0,37.221,28.386,40.511,419.00000000000006,49.21,,,
2021-03-24,1018.8549194335938,-0.6343467889434184,240400,244932722.631836,14.366999,5.2344007,59369500672.0,37.221,28.386,40.511,419.00000000000006,49.21,,,
2021-03-25,1049.982666015625,3.0551696800301897,397000,416843118.4082031,14.366999,5.2344007,59369500672.0,37.221,28.386,40.511,419.00000000000006,49.21,,,
2021-03-26,1063.9205322265625,1.327437743694149,234800,249808540.96679688,14.366999,5.2344007,59369500672.0,37.221,28.386,40.511,419.00000000000006,49.21,,,
2021-03-29,1027.6822509765625,-3.406107895498633,358600,368526855.2001953,14.366999,5.2344007,59369500672.0,37.221,28.386,40.511,419.00000000000006,49.21,,,
2021-03-30,1041.6201171875,1.3562427683939229,260800,271654526.5625,14.366999,5.2344007,59369500672.0,37.221,28.386,40.511,419.00000000000006,49.21,,,
2021-03-31,1071.8184814453125,2.899172525522231,416000,445876488.28125,14.366999,5.2344007,59369500672.0,37.221,28.386,40.511,419.00000000000006,49.21,,,
2021-04-01,1060.6683349609375,-1.0403017560715488,333200,353414689.2089844,14.366999,5.2344007,59369500672.0,37.221,28.386,40.511,419.00000000000006,49.21,,,
2021-04-02,1133.6097412109375,6.876928804769711,765600,867891617.8710938,14.366999,5.2344007,59369500672.0,37.221,28.386,40.511,419.00000000000006,49.21,,,
2021-04-05,1115.9549560546875,-1.557395328783162,335600,374514483.2519531,14.366999,5.2344007,59369500672.0,37.221,28.386,40.511,419.00000000000006,49.21,,,
2021-04-06,1122.9239501953125,0.6244870460778262,249400,280057233.17871094,14.366999,5.2344007,59369500672.0,37.221,28.386,40.511,419.00000000000006,49.21,,,
2021-04-07,1123.853271484375,0.0827590585186888,226200,254215610.0097656,14.366999,5.2344007,59369500672.0,37.221,28.386,40.511,419.00000000000006,49.21,,,
2021-04-08,1169.847900390625,4.092583086535906,473600,554039965.625,14.366999,5.2344007,59369500672.0,37.221,28.386,40.511,419.00000000000006,49.21,,,
2021-04-09,1180.069091796875,0.8737196863658037,387800,457630793.7988281,14.366999,5.2344007,59369500672.0,37.221,28.386,40.511,419.00000000000006,49.21,,,
2021-04-12,1070.8895263671875,-9.251963820477773,1165200,1247800476.1230469,14.366999,5.2344007,59369500672.0,37.221,28.386,40.511,419.00000000000006,49.21,,,
2021-04-13,1102.0172119140625,2.906713043732001,484200,533596734.00878906,14.366999,5.2344007,59369500672.0,37.221,28.386,40.511,419.00000000000006,49.21,,,
2021-04-14,1158.233154296875,5.101185514623019,663000,767908581.2988281,14.366999,5.2344007,59369500672.0,37.221,28.386,40.511,419.00000000000006,49.21,,,
2021-04-15,1154.98095703125,-0.2807895157861617,401200,463378359.9609375,14.366999,5.2344007,59369500672.0,37.221,28.386,40.511,419.00000000000006,49.21,,,
2021-04-16,1189.8255615234375,3.016898614653507,506200,602289699.2431641,14.366999,5.2344007,59369500672.0,37.221,28.386,40.511,419.00000000000006,49.21,,,
2021-04-19,1227.45751953125,3.162813039554213,538600,661108620.0195312,14.366999,5.2344007,59369500672.0,37.221,28.386,40.511,419.00000000000006,49.21,,,
2021-04-20,1219.5595703125,-0.6434397193449182,472600,576363852.9296875,14.366999,5.2344007,59369500672.0,37.221,28.386,40.511,419.00000000000006,49.21,,,
2021-04-21,1155.445556640625,-5.257144893336074,566600,654675452.3925781,14.366999,5.2344007,59369500672.0,37.221,28.386,40.511,419.00000000000006,49.21,,,
2021-04-22,1206.08642578125,4.382800111141516,384400,463619622.0703125,14.366999,5.2344007,59369500672.0,37.221,28.386,40.511,419.00000000000006,49.21,,,
2021-04-23,1132.2159423828125,-6.12480845645762,672200,761075556.4697266,14.366999,5.2344007,59369500672.0,37.221,28.386,40.511,419.00000000000006,49.21,,,
2021-04-26,1169.3834228515625,3.2827201134908,482600,564344439.8681641,14.366999,5.2344007,59369500672.0,37.221,28.386,40.511,419.00000000000006,49.21,,,
2021-04-27,1187.0379638671875,1.5097307410578908,347800,412851803.8330078,14.366999,5.2344007,59369500672.0,37.221,28.386,40.511,419.00000000000006,49.21,,,
2021-04-28,1136.8619384765625,-4.226994158397357,938800,1067285987.8417968,14.366999,5.2344007,59369500672.0,37.221,28.386,40.511,419.00000000000006,49.21,,,
2021-04-30,1142.4368896484375,0.4903806683286049,528600,603892139.8681641,14.366999,5.2344007,59369500672.0,37.221,28.386,40.511,419.00000000000006,49.21,,,
2021-05-06,1136.8619384765625,-0.4879876711255893,464600,528186056.6162109,14.366999,5.2344007,59369500672.0,37.221,28.386,40.511,419.00000000000006,49.21,,,
2021-05-07,1209.8031005859375,6.416008808168816,1863400,2254347097.631836,14.366999,5.2344007,59369500672.0,37.221,28.386,40.511,419.00000000000006,49.21,,,
2021-05-10,1141.0430908203125,-5.683570304318353,995000,1135337875.366211,14.366999,5.2344007,59369500672.0,37.221,28.386,40.511,419.00000000000006,49.21,,,
2021-05-11,1050.4473876953125,-7.939726716181195,1170200,1229233533.0810547,14.366999,5.2344007,59369500672.0,37.221,28.386,40.511,419.00000000000006,49.21,,,
2021-05-12,1043.013671875,-0.7076714081437396,516200,538403657.421875,14.366999,5.2344007,59369500672.0,37.221,28.386,40.511,419.00000000000006,49.21,,,
2021-05-13,1047.1951904296875,0.4009073579227751,491600,514801155.6152344,14.366999,5.2344007,59369500672.0,37.221,28.386,40.511,419.00000000000006,49.21,,,
2021-05-14,1056.95166015625,0.9316763308050646,322200,340549824.9023437,14.366999,5.2344007,59369500672.0,37.221,28.386,40.511,419.00000000000006,49.21,,,
2021-05-17,1061.133056640625,0.39560905592948,260800,276743501.171875,14.366999,5.2344007,59369500672.0,37.221,28.386,40.511,419.00000000000006,49.21,,,
2021-05-18,1088.544189453125,2.5831946937247663,331400,360743544.3847656,14.366999,5.2344007,59369500672.0,37.221,28.386,40.511,419.00000000000006,49.21,,,
2021-05-19,1114.0965576171875,2.347389147049684,340000,378792829.58984375,14.366999,5.2344007,59369500672.0,37.221,28.386,40.511,419.00000000000006,49.21,,,
2021-05-20,1092.2607421875,-1.959957176098781,295400,322653823.2421875,14.366999,5.2344007,59369500672.0,37.221,28.386,40.511,419.00000000000006,49.21,,,
2021-05-21,1127.10546875,3.190147298777357,296800,334524903.125,14.366999,5.2344007,59369500672.0,37.221,28.386,40.511,419.00000000000006,49.21,,,
2021-05-24,1105.2694091796875,-1.937357254998462,525200,580487493.7011719,14.366999,5.2344007,59369500672.0,37.221,28.386,40.511,419.00000000000006,49.21,,,
2021-05-25,1088.544189453125,-1.513225607046853,486200,529250184.9121094,14.366999,5.2344007,59369500672.0,37.221,28.386,40.511,419.00000000000006,49.21,,,
2021-05-26,1058.81005859375,-2.731550188542476,407800,431782741.8945313,14.366999,5.2344007,59369500672.0,37.221,28.386,40.511,419.00000000000006,49.21,,,
2021-05-27,1045.80126953125,-1.2286234869904322,347200,363102200.78125,14.366999,5.2344007,59369500672.0,37.221,28.386,40.511,419.00000000000006,49.21,,,
2021-05-28,1013.7444458007812,-3.065288278416156,630200,638861749.7436523,14.366999,5.2344007,59369500672.0,37.221,28.386,40.511,419.00000000000006,49.21,,,
2021-05-31,996.0897827148438,-1.7415299446589485,521800,519759648.6206055,14.366999,5.2344007,59369500672.0,37.221,28.386,40.511,419.00000000000006,49.21,,,
2021-06-01,978.8998413085938,-1.725742167477995,396600,388231677.0629883,14.366999,5.2344007,59369500672.0,37.221,28.386,40.511,419.00000000000006,49.21,,,
2021-06-02,1030.4698486328125,5.268159738924871,733800,756158774.9267578,14.366999,5.2344007,59369500672.0,37.221,28.386,40.511,419.00000000000006,49.21,,,
2021-06-03,1041.6201171875,1.0820567500816392,431600,449563242.578125,14.366999,5.2344007,59369500672.0,37.221,28.386,40.511,419.00000000000006,49.21,,,
2021-06-04,1009.0985717773438,-3.1222078830397737,318000,320893345.8251953,14.366999,5.2344007,59369500672.0,37.221,28.386,40.511,419.00000000000006,49.21,,,
2021-06-07,994.2313842773438,-1.4733136995540683,250200,248756692.3461914,14.366999,5.2344007,59369500672.0,37.221,28.386,40.511,419.00000000000006,49.21,,,
2021-06-08,980.2935791015624,-1.4018673516237756,297000,291147192.99316406,14.366999,5.2344007,59369500672.0,37.221,28.386,40.511,419.00000000000006,49.21,,,
2021-06-09,968.6786499023438,-1.1848419133647536,352000,340974884.765625,14.366999,5.2344007,59369500672.0,37.221,28.386,40.511,419.00000000000006,49.21,,,
2021-06-10,959.3868408203124,-0.9592251344620828,468600,449568673.6083984,14.366999,5.2344007,59369500672.0,37.221,28.386,40.511,419.00000000000006,49.21,,,
2021-06-11,964.0327758789062,0.4842608696426609,332200,320251688.14697266,14.366999,5.2344007,59369500672.0,37.221,28.386,40.511,419.00000000000006,49.21,,,
2021-06-14,963.5681762695312,-0.0481933416580648,214200,206396303.3569336,14.366999,5.2344007,59369500672.0,37.221,28.386,40.511,419.00000000000006,49.21,,,
2021-06-15,955.6701049804688,-0.8196691716864324,374800,358185155.3466797,14.366999,5.2344007,59369500672.0,37.221,28.386,40.511,419.00000000000006,49.21,,,
2021-06-16,983.0811767578124,2.8682566959551403,313200,307901024.5605469,14.366999,5.2344007,59369500672.0,37.221,28.386,40.511,419.00000000000006,49.21,,,
2021-06-17,973.32470703125,-0.9924378532746636,245400,238853883.10546875,14.366999,5.2344007,59369500672.0,37.221,28.386,40.511,419.00000000000006,49.21,,,
2021-06-18,981.2228393554688,0.811459142787907,303000,297310520.32470703,14.366999,5.2344007,59369500672.0,37.221,28.386,40.511,419.00000000000006,49.21,,,
2021-06-21,991.908447265625,1.089009293462362,445200,441597640.72265625,14.366999,5.2344007,59369500672.0,37.221,28.386,40.511,419.00000000000006,49.21,,,
2021-06-22,1028.611328125,3.700228681442641,419400,431399591.015625,14.366999,5.2344007,59369500672.0,37.221,28.386,40.511,419.00000000000006,49.21,,,
2021-06-23,1055.557861328125,2.6197002177921203,500800,528623376.953125,14.366999,5.2344007,59369500672.0,37.221,28.386,40.511,419.00000000000006,49.21,,,
2021-06-24,1086.22119140625,2.904940714433568,836000,908080916.015625,14.366999,5.2344007,59369500672.0,37.221,28.386,40.511,419.00000000000006,49.21,,,
2021-06-25,1113.16748046875,2.480736821900398,651000,724672029.7851562,14.366999,5.2344007,59369500672.0,37.221,28.386,40.511,419.00000000000006,49.21,,,
2021-06-28,1116.419677734375,0.2921570493826797,413000,461081326.9042969,14.366999,5.2344007,59369500672.0,37.221,28.386,40.511,419.00000000000006,49.21,,,
2021-06-29,1108.0570068359375,-0.7490615818782742,333400,369426206.0791016,14.366999,5.2344007,59369500672.0,37.221,28.386,40.511,419.00000000000006,49.21,,,
2021-06-30,1114.561279296875,0.5869979992735752,403200,449391107.8125,14.366999,5.2344007,59369500672.0,37.221,28.386,40.511,419.00000000000006,49.21,,,
2021-07-01,1074.1416015625,-3.6265101331955374,523400,562205714.2578125,14.366999,5.2344007,59369500672.0,37.221,28.386,40.511,419.00000000000006,49.21,,,
2021-07-02,1113.16748046875,3.6332154763842217,390200,434357950.8789063,14.366999,5.2344007,59369500672.0,37.221,28.386,40.511,419.00000000000006,49.21,,,
2021-07-05,1117.8134765625,0.4173672134038186,278800,311646397.265625,14.366999,5.2344007,59369500672.0,37.221,28.386,40.511,419.00000000000006,49.21,,,
2021-07-06,1154.5162353515625,3.283442144742321,559400,645836382.0556641,14.366999,5.2344007,59369500672.0,37.221,28.386,40.511,419.00000000000006,49.21,,,
2021-07-07,1166.13134765625,1.0060588105242685,373400,435433445.21484375,14.366999,5.2344007,59369500672.0,37.221,28.386,40.511,419.00000000000006,49.21,,,
2021-07-08,1151.728759765625,-1.2350742409568238,399800,460461158.1542969,14.366999,5.2344007,59369500672.0,37.221,28.386,40.511,419.00000000000006,49.21,,,
2021-07-09,1159.1622314453125,0.6454186036997323,281600,326420084.375,14.366999,5.2344007,59369500672.0,37.221,28.386,40.511,419.00000000000006,49.21,,,
2021-07-12,1187.96728515625,2.4849889799309244,246000,292239952.1484375,14.366999,5.2344007,59369500672.0,37.221,28.386,40.511,419.00000000000006,49.21,,,
2021-07-13,1142.4368896484375,-3.83263041640276,498400,569390545.8007812,14.366999,5.2344007,59369500672.0,37.221,28.386,40.511,419.00000000000006,49.21,,,
2021-07-14,1157.3038330078125,1.3013360732731627,207200,239793354.19921875,14.366999,5.2344007,59369500672.0,37.221,28.386,40.511,419.00000000000006,49.21,,,
2021-07-15,1139.6494140625,-1.5254783093069824,201000,229069532.2265625,14.366999,5.2344007,59369500672.0,37.221,28.386,40.511,419.00000000000006,49.21,,,
2021-07-16,1151.26416015625,1.0191507976428538,145800,167854314.55078125,14.366999,5.2344007,59369500672.0,37.221,28.386,40.511,419.00000000000006,49.21,,,
2021-07-19,1155.91015625,0.4035560433948815,224400,259386239.0625,14.366999,5.2344007,59369500672.0,37.221,28.386,40.511,419.00000000000006,49.21,,,
2021-07-20,1118.7425537109375,-3.2154404335057896,267000,298704261.8408203,14.366999,5.2344007,59369500672.0,37.221,28.386,40.511,419.00000000000006,49.21,,,
2021-07-21,1143.3660888671875,2.2010010323261886,154400,176535724.12109375,14.366999,5.2344007,59369500672.0,37.221,28.386,40.511,419.00000000000006,49.21,,,
2021-07-26,1161.4853515625,1.5847297616867762,491000,570289307.6171875,14.366999,5.2344007,59369500672.0,37.221,28.386,40.511,419.00000000000006,49.21,,,
2021-07-27,973.7892456054688,-16.16000629749924,3039200,2959540275.2441406,14.366999,5.2344007,59369500672.0,37.221,28.386,40.511,419.00000000000006,49.21,,,
2021-07-28,986.3331909179688,1.2881581275526075,1899800,1873835796.105957,14.366999,5.2344007,59369500672.0,37.221,28.386,40.511,419.00000000000006,49.21,,,
2021-07-29,966.8203125,-1.978325235086975,956400,924666946.875,14.366999,5.2344007,59369500672.0,37.221,28.386,40.511,419.00000000000006,49.21,,,
2021-07-30,920.825439453125,-4.757334165636385,1121400,1032613647.8027344,14.366999,5.2344007,59369500672.0,37.221,28.386,40.511,419.00000000000006,49.21,,,
2021-08-02,908.74609375,-1.3117953941736094,523800,476001203.90625,14.366999,5.2344007,59369500672.0,37.221,28.386,40.511,419.00000000000006,49.21,,,
2021-08-03,903.1709594726562,-0.6134974681803129,594000,536483549.9267578,14.366999,5.2344007,59369500672.0,37.221,28.386,40.511,419.00000000000006,49.21,,,
2021-08-04,871.1139526367188,-3.549384144797452,739400,644101656.5795898,14.366999,5.2344007,59369500672.0,37.221,28.386,40.511,419.00000000000006,49.21,,,
2021-08-05,852.0656127929688,-2.1866645329343903,853600,727323207.0800781,14.366999,5.2344007,59369500672.0,37.221,28.386,40.511,419.00000000000006,49.21,,,
2021-08-06,894.8082885742188,5.016359672249249,1023600,915925764.1845704,14.366999,5.2344007,59369500672.0,37.221,28.386,40.511,419.00000000000006,49.21,,,
2021-08-10,911.998291015625,1.9210821648508287,629000,573646925.0488281,14.366999,5.2344007,59369500672.0,37.221,28.386,40.511,419.00000000000006,49.21,,,
2021-08-11,889.233154296875,-2.496181949354115,649800,577823703.6621094,14.366999,5.2344007,59369500672.0,37.221,28.386,40.511,419.00000000000006,49.21,,,
2021-08-12,856.2469482421875,-3.7095114926039896,709000,607079086.3037109,14.366999,5.2344007,59369500672.0,37.221,28.386,40.511,419.00000000000006,49.21,,,
2021-08-13,883.6580200195312,3.20130446404705,420800,371843294.8242188,14.366999,5.2344007,59369500672.0,37.221,28.386,40.511,419.00000000000006,49.21,,,
2021-08-16,859.0345458984375,-2.786538860423571,353200,303411001.6113281,14.366999,5.2344007,59369500672.0,37.221,28.386,40.511,419.00000000000006,49.21,,,
2021-08-17,838.5923461914062,-2.3796714351751014,332600,278915814.3432617,14.366999,5.2344007,59369500672.0,37.221,28.386,40.511,419.00000000000006,49.21,,,
2021-08-18,867.86181640625,3.4903097253123683,464000,402687882.8125,14.366999,5.2344007,59369500672.0,37.221,28.386,40.511,419.00000000000006,49.21,,,
2021-08-19,867.397216796875,-0.0535338230801429,318200,276005794.3847656,14.366999,5.2344007,59369500672.0,37.221,28.386,40.511,419.00000000000006,49.21,,,
2021-08-20,859.4991455078125,-0.9105483780808664,223800,192355908.76464844,14.366999,5.2344007,59369500672.0,37.221,28.386,40.511,419.00000000000006,49.21,,,
2021-08-23,888.7685546875,3.405402941080804,254600,226280474.0234375,14.366999,5.2344007,59369500672.0,37.221,28.386,40.511,419.00000000000006,49.21,,,
2021-08-24,916.1795654296876,3.084156229157497,467800,428588800.7080078,14.366999,5.2344007,59369500672.0,37.221,28.386,40.511,419.00000000000006,49.21,,,
2021-08-25,951.953369140625,3.904671645253255,620000,590211088.8671875,14.366999,5.2344007,59369500672.0,37.221,28.386,40.511,419.00000000000006,49.21,,,
2021-08-26,952.41796875,0.0488048705362897,441800,420778258.59375,14.366999,5.2344007,59369500672.0,37.221,28.386,40.511,419.00000000000006,49.21,,,
2021-08-27,961.7098388671876,0.9756084431483902,312400,300438153.6621094,14.366999,5.2344007,59369500672.0,37.221,28.386,40.511,419.00000000000006,49.21,,,
2021-08-30,963.1035766601562,0.1449229005092034,301600,290472038.7207031,14.366999,5.2344007,59369500672.0,37.221,28.386,40.511,419.00000000000006,49.21,,,
2021-08-31,986.3331909179688,2.411953897873365,358200,353304548.9868164,14.366999,5.2344007,59369500672.0,37.221,28.386,40.511,419.00000000000006,49.21,,,
2021-09-01,1002.1295166015624,1.6015202397165806,475200,476211946.2890625,14.366999,5.2344007,59369500672.0,37.221,28.386,40.511,419.00000000000006,49.21,,,
2021-09-02,988.65625,-1.3444636025943255,504400,498678212.5,14.366999,5.2344007,59369500672.0,37.221,28.386,40.511,419.00000000000006,49.21,,,
2021-09-03,982.1520385742188,-0.6578840143660947,306400,300931384.6191406,14.366999,5.2344007,59369500672.0,37.221,28.386,40.511,419.00000000000006,49.21,,,
2021-09-06,972.8600463867188,-0.9460849056515784,440200,428252992.4194336,14.366999,5.2344007,59369500672.0,37.221,28.386,40.511,419.00000000000006,49.21,,,
2021-09-07,1004.9169921875,3.295124095171076,482600,484972940.4296875,14.366999,5.2344007,59369500672.0,37.221,28.386,40.511,419.00000000000006,49.21,,,
2021-09-08,1017.9257202148438,1.294507718396365,284400,289498074.8291016,14.366999,5.2344007,59369500672.0,37.221,28.386,40.511,419.00000000000006,49.21,,,
2021-09-09,1015.6027221679688,-0.2282089941086029,252200,256135006.5307617,14.366999,5.2344007,59369500672.0,37.221,28.386,40.511,419.00000000000006,49.21,,,
2021-09-10,1039.2969970703125,2.3330259347635884,276800,287677408.7890625,14.366999,5.2344007,59369500672.0,37.221,28.386,40.511,419.00000000000006,49.21,,,
2021-09-13,979.8291015625,-5.721934699652486,706200,691955311.5234375,14.366999,5.2344007,59369500672.0,37.221,28.386,40.511,419.00000000000006,49.21,,,
2021-09-14,995.6251220703124,1.612119958738023,413800,411989675.5126953,14.366999,5.2344007,59369500672.0,37.221,28.386,40.511,419.00000000000006,49.21,,,
2021-09-15,987.262451171875,-0.8399417323910141,283800,280185083.6425781,14.366999,5.2344007,59369500672.0,37.221,28.386,40.511,419.00000000000006,49.21,,,
2021-09-16,954.2763061523438,-3.3411728543283337,353400,337241246.5942383,14.366999,5.2344007,59369500672.0,37.221,28.386,40.511,419.00000000000006,49.21,,,
2021-09-17,971.4663696289062,1.8013717165286325,272200,264433145.81298828,14.366999,5.2344007,59369500672.0,37.221,28.386,40.511,419.00000000000006,49.21,,,
2021-09-21,965.8911743164062,-0.5738948343244954,322200,311210136.3647461,14.366999,5.2344007,59369500672.0,37.221,28.386,40.511,419.00000000000006,49.21,,,
2021-09-22,941.2677001953124,-2.5493010782007164,226200,212914753.7841797,14.366999,5.2344007,59369500672.0,37.221,28.386,40.511,419.00000000000006,49.21,,,
2021-09-24,982.6166381835938,4.3928988511664935,390200,383417012.2192383,14.366999,5.2344007,59369500672.0,37.221,28.386,40.511,419.00000000000006,49.21,,,
2021-09-27,1009.0985717773438,2.695042253986557,419000,422812301.57470703,14.366999,5.2344007,59369500672.0,37.221,28.386,40.511,419.00000000000006,49.21,,,
2021-09-28,994.2313842773438,-1.4733136995540683,460400,457744129.32128906,14.366999,5.2344007,59369500672.0,37.221,28.386,40.511,419.00000000000006,49.21,,,
2021-09-29,988.381591796875,-0.5883733477917374,488800,483120922.0703125,14.366999,5.2344007,59369500672.0,37.221,28.386,40.511,419.00000000000006,49.21,,,
2021-09-30,1019.7365112304688,3.1723495959278925,438200,446848539.2211914,14.366999,5.2344007,59369500672.0,37.221,28.386,40.511,419.00000000000006,49.21,,,
2021-10-01,983.2338256835938,-3.5796193570463486,257800,253477680.26123047,14.366999,5.2344007,59369500672.0,37.221,28.386,40.511,419.00000000000006,49.21,,,
2021-10-04,955.15478515625,-2.855784635747427,347400,331820772.36328125,14.366999,5.2344007,59369500672.0,37.221,28.386,40.511,419.00000000000006,49.21,,,
2021-10-05,943.4551391601562,-1.2248952921467993,402200,379457656.9702149,14.366999,5.2344007,59369500672.0,37.221,28.386,40.511,419.00000000000006,49.21,,,
2021-10-06,935.0314331054688,-0.8928570850953332,255600,238994034.3017578,14.366999,5.2344007,59369500672.0,37.221,28.386,40.511,419.00000000000006,49.21,,,
2021-10-07,968.2582397460938,3.553549695144542,605000,585796235.0463867,14.366999,5.2344007,59369500672.0,37.221,28.386,40.511,419.00000000000006,49.21,,,
2021-10-08,979.489990234375,1.1599953428980347,239000,234098107.6660156,14.366999,5.2344007,59369500672.0,37.221,28.386,40.511,419.00000000000006,49.21,,,
2021-10-11,1023.948486328125,4.53894338247518,272400,278923567.67578125,14.366999,5.2344007,59369500672.0,37.221,28.386,40.511,419.00000000000006,49.21,,,
2021-10-12,1023.0125122070312,-0.0914083211793315,348800,356826764.2578125,14.366999,5.2344007,59369500672.0,37.221,28.386,40.511,419.00000000000006,49.21,,,
2021-10-13,1065.598876953125,4.162839089252057,401200,427518269.43359375,14.366999,5.2344007,59369500672.0,37.221,28.386,40.511,419.00000000000006,49.21,,,
2021-10-14,1095.08203125,2.7668154438353465,422000,462124617.1875,14.366999,5.2344007,59369500672.0,37.221,28.386,40.511,419.00000000000006,49.21,,,
2021-10-15,1106.3134765625,1.0256259341302254,204400,226130474.609375,14.366999,5.2344007,59369500672.0,37.221,28.386,40.511,419.00000000000006,49.21,,,
2021-10-18,1103.9736328125,-0.211499163624973,194600,214833268.9453125,14.366999,5.2344007,59369500672.0,37.221,28.386,40.511,419.00000000000006,49.21,,,
2021-10-19,1103.03759765625,-0.0847878181533534,179000,197443729.98046875,14.366999,5.2344007,59369500672.0,37.221,28.386,40.511,419.00000000000006,49.21,,,
2021-10-20,1078.7025146484375,-2.206187990284292,203400,219408091.4794922,14.366999,5.2344007,59369500672.0,37.221,28.386,40.511,419.00000000000006,49.21,,,
2021-10-21,1067.93896484375,-0.9978237427392568,192400,205471456.8359375,14.366999,5.2344007,59369500672.0,37.221,28.386,40.511,419.00000000000006,49.21,,,
2021-10-22,1079.17041015625,1.0516935594857113,190000,205042377.9296875,14.366999,5.2344007,59369500672.0,37.221,28.386,40.511,419.00000000000006,49.21,,,
2021-10-25,1080.1063232421875,0.086725236082219,176200,190314734.15527344,14.366999,5.2344007,59369500672.0,37.221,28.386,40.511,419.00000000000006,49.21,,,
2021-10-26,1091.337890625,1.0398575715304004,134200,146457544.921875,14.366999,5.2344007,59369500672.0,37.221,28.386,40.511,419.00000000000006,49.21,,,
2021-10-27,1077.7664794921875,-1.2435572199404057,141200,152180626.90429688,14.366999,5.2344007,59369500672.0,37.221,28.386,40.511,419.00000000000006,49.21,,,
2021-10-28,1083.38232421875,0.5210632204119436,131200,142139760.9375,14.366999,5.2344007,59369500672.0,37.221,28.386,40.511,419.00000000000006,49.21,,,
2021-10-29,1064.6629638671875,-1.7278628175017907,245200,261055358.7402344,14.366999,5.2344007,59369500672.0,37.221,28.386,40.511,419.00000000000006,49.21,,,
2021-11-01,1101.633544921875,3.472514993890541,248800,274086425.9765625,14.366999,5.2344007,59369500672.0,37.221,28.386,40.511,419.00000000000006,49.21,,,
2021-11-02,1098.8258056640625,-0.2548705302915954,311000,341734825.56152344,14.366999,5.2344007,59369500672.0,37.221,28.386,40.511,419.00000000000006,49.21,,,
2021-11-04,1055.3033447265625,-3.960815327885181,717000,756652498.1689453,14.366999,5.2344007,59369500672.0,37.221,28.386,40.511,419.00000000000006,49.21,,,
2021-11-05,1145.1561279296875,8.514403337403099,1485800,1701472974.8779297,14.366999,5.2344007,59369500672.0,37.221,28.386,40.511,419.00000000000006,49.21,,,
2021-11-08,1219.5655517578125,6.497753626193203,1290400,1573727387.9882812,14.366999,5.2344007,59369500672.0,37.221,28.386,40.511,419.00000000000006,49.21,,,
2021-11-09,1195.230224609375,-1.9954095221336727,380000,454187485.3515625,14.366999,5.2344007,59369500672.0,37.221,28.386,40.511,419.00000000000006,49.21,,,
2021-11-10,1167.1513671875,-2.349242584712219,356600,416206177.5390625,14.366999,5.2344007,59369500672.0,37.221,28.386,40.511,419.00000000000006,49.21,,,
2021-11-11,1236.8809814453125,5.974341993518872,857200,1060254377.294922,14.366999,5.2344007,59369500672.0,37.221,28.386,40.511,419.00000000000006,49.21,,,
2021-11-12,1242.0286865234375,0.4161843504222995,556600,691313166.9189453,14.366999,5.2344007,59369500672.0,37.221,28.386,40.511,419.00000000000006,49.21,,,
2021-11-15,1190.08251953125,-4.182364510242509,687000,817586690.9179688,14.366999,5.2344007,59369500672.0,37.221,28.386,40.511,419.00000000000006,49.21,,,
2021-11-16,1213.9498291015625,2.005517195539808,394000,478296232.6660156,14.366999,5.2344007,59369500672.0,37.221,28.386,40.511,419.00000000000006,49.21,,,
2021-11-17,1228.4571533203125,1.195051382764878,346800,426028940.7714844,14.366999,5.2344007,59369500672.0,37.221,28.386,40.511,419.00000000000006,49.21,,,
2021-11-18,1254.664306640625,2.1333388184910707,639600,802483290.5273438,14.366999,5.2344007,59369500672.0,37.221,28.386,40.511,419.00000000000006,49.21,,,
2021-11-19,1230.797119140625,-1.902276758307142,425000,523088775.6347656,14.366999,5.2344007,59369500672.0,37.221,28.386,40.511,419.00000000000006,49.21,,,
2021-11-22,1256.5362548828125,2.091257392620416,242000,304081773.6816406,14.366999,5.2344007,59369500672.0,37.221,28.386,40.511,419.00000000000006,49.21,,,
2021-11-24,1199.91015625,-4.506523262879791,511400,613634053.90625,14.366999,5.2344007,59369500672.0,37.221,28.386,40.511,419.00000000000006,49.21,,,
2021-11-25,1188.6787109375,-0.9360238559527612,188600,224184804.8828125,14.366999,5.2344007,59369500672.0,37.221,28.386,40.511,419.00000000000006,49.21,,,
2021-11-26,1195.6983642578125,0.5905425289207233,290400,347230804.98046875,14.366999,5.2344007,59369500672.0,37.221,28.386,40.511,419.00000000000006,49.21,,,
2021-11-29,1144.2200927734375,-4.305289111633792,338400,387204079.3945313,14.366999,5.2344007,59369500672.0,37.221,28.386,40.511,419.00000000000006,49.21,,,
2021-11-30,1147.964111328125,0.3272113973818102,269200,309031938.76953125,14.366999,5.2344007,59369500672.0,37.221,28.386,40.511,419.00000000000006,49.21,,,
2021-12-01,1140.9444580078125,-0.611487175517289,211400,241195658.4228516,14.366999,5.2344007,59369500672.0,37.221,28.386,40.511,419.00000000000006,49.21,,,
2021-12-02,1114.7371826171875,-2.296980822045025,180800,201544482.6171875,14.366999,5.2344007,59369500672.0,37.221,28.386,40.511,419.00000000000006,49.21,,,
2021-12-03,1175.107177734375,5.415625858594786,328800,386375240.0390625,14.366999,5.2344007,59369500672.0,37.221,28.386,40.511,419.00000000000006,49.21,,,
2021-12-06,1179.7869873046875,0.3982453395728003,251400,296598448.60839844,14.366999,5.2344007,59369500672.0,37.221,28.386,40.511,419.00000000000006,49.21,,,
2021-12-07,1214.8858642578125,2.975018145717212,277000,336523384.39941406,14.366999,5.2344007,59369500672.0,37.221,28.386,40.511,419.00000000000006,49.21,,,
2021-12-08,1306.1424560546875,7.511536225884452,870000,1136343936.767578,14.366999,5.2344007,59369500672.0,37.221,28.386,40.511,419.00000000000006,49.21,,,
2021-12-09,1301.462646484375,-0.3582924319333602,861800,1121600508.7402344,14.366999,5.2344007,59369500672.0,37.221,28.386,40.511,419.00000000000006,49.21,,,
2021-12-10,1338.9014892578125,2.8766743997279187,761200,1019171813.6230468,14.366999,5.2344007,59369500672.0,37.221,28.386,40.511,419.00000000000006,49.21,,,
2021-12-13,1400.2073974609375,4.578821421515378,699400,979305053.7841796,14.366999,5.2344007,59369500672.0,37.221,28.386,40.511,419.00000000000006,49.21,,,
2021-12-14,1375.8720703125,-1.7379801872612566,452000,621894175.78125,14.366999,5.2344007,59369500672.0,37.221,28.386,40.511,419.00000000000006,49.21,,,
2021-12-15,1369.788330078125,-0.4421733942889916,409600,561065300.0,14.366999,5.2344007,59369500672.0,37.221,28.386,40.511,419.00000000000006,49.21,,,
2021-12-16,1347.7930908203125,-1.6057400092288732,342000,460945237.0605469,14.366999,5.2344007,59369500672.0,37.221,28.386,40.511,419.00000000000006,49.21,,,
2021-12-17,1297.2508544921875,-3.74999966036057,421400,546661510.0830078,14.366999,5.2344007,59369500672.0,37.221,28.386,40.511,419.00000000000006,49.21,,,
2021-12-20,1274.78759765625,-1.7316047053004824,340000,433427783.203125,14.366999,5.2344007,59369500672.0,37.221,28.386,40.511,419.00000000000006,49.21,,,
2021-12-21,1306.610595703125,2.496337280452288,456600,596598397.9980469,14.366999,5.2344007,59369500672.0,37.221,28.386,40.511,419.00000000000006,49.21,,,
2021-12-22,1290.2310791015625,-1.2535882270836909,329000,424486025.02441406,14.366999,5.2344007,59369500672.0,37.221,28.386,40.511,419.00000000000006,49.21,,,
2021-12-23,1287.4232177734375,-0.2176246855005392,261200,336274944.4824219,14.366999,5.2344007,59369500672.0,37.221,28.386,40.511,419.00000000000006,49.21,,,
2021-12-24,1322.9898681640625,2.762623036435264,188000,248722095.2148437,14.366999,5.2344007,59369500672.0,37.221,28.386,40.511,419.00000000000006,49.21,,,
2021-12-27,1312.2261962890625,-0.8135868712235039,194000,254571882.08007807,14.366999,5.2344007,59369500672.0,37.221,28.386,40.511,419.00000000000006,49.21,,,
2021-12-28,1315.0341796875,0.2139862324329833,209600,275631164.0625,14.366999,5.2344007,59369500672.0,37.221,28.386,40.511,419.00000000000006,49.21,,,
2021-12-29,1326.265869140625,0.8540986710926513,201200,266844692.8710937,14.366999,5.2344007,59369500672.0,37.221,28.386,40.511,419.00000000000006,49.21,,,
2021-12-30,1318.3101806640625,-0.5998562325755685,101600,133940314.35546876,14.366999,5.2344007,59369500672.0,37.221,28.386,40.511,419.00000000000006,49.21,,,
2022-01-04,1269.6397705078125,-3.691878502503376,369800,469512787.13378906,14.366999,5.2344007,59369500672.0,37.221,28.386,40.511,419.00000000000006,49.21,,,
2022-01-05,1162.939453125,-8.40398354409897,652400,758701699.21875,14.366999,5.2344007,59369500672.0,37.221,28.386,40.511,419.00000000000006,49.21,,,
2022-01-06,1110.9932861328125,-4.466798925137505,671400,745920892.3095703,14.366999,5.2344007,59369500672.0,37.221,28.386,40.511,419.00000000000006,49.21,,,
2022-01-07,1097.8897705078125,-1.1794414771498007,354000,388652978.7597656,14.366999,5.2344007,59369500672.0,37.221,28.386,40.511,419.00000000000006,49.21,,,
2022-01-11,1096.9539794921875,-0.0852354253371157,432600,474542291.5283203,14.366999,5.2344007,59369500672.0,37.221,28.386,40.511,419.00000000000006,49.21,,,
2022-01-12,1104.4415283203125,0.6825763858927969,500400,552662540.7714844,14.366999,5.2344007,59369500672.0,37.221,28.386,40.511,419.00000000000006,49.21,,,
2022-01-13,1046.8795166015625,-5.21186592886389,637400,667281003.8818359,14.366999,5.2344007,59369500672.0,37.221,28.386,40.511,419.00000000000006,49.21,,,
2022-01-14,972.4700927734376,-7.107735192840236,1303400,1267517518.9208984,14.366999,5.2344007,59369500672.0,37.221,28.386,40.511,419.00000000000006,49.21,,,
2022-01-17,970.5982055664062,-0.1924878945832375,386600,375233266.2719727,14.366999,5.2344007,59369500672.0,37.221,28.386,40.511,419.00000000000006,49.21,,,
2022-01-18,945.7950439453124,-2.555451007311471,541600,512242595.8007813,14.366999,5.2344007,59369500672.0,37.221,28.386,40.511,419.00000000000006,49.21,,,
2022-01-19,912.1002807617188,-3.562586143720803,479800,437625714.7094727,14.366999,5.2344007,59369500672.0,37.221,28.386,40.511,419.00000000000006,49.21,,,
2022-01-20,954.2188110351562,4.617752144343523,491400,468903123.7426758,14.366999,5.2344007,59369500672.0,37.221,28.386,40.511,419.00000000000006,49.21,,,
2022-01-21,968.7262573242188,1.5203479664506414,1089400,1055330384.729004,14.366999,5.2344007,59369500672.0,37.221,28.386,40.511,419.00000000000006,49.21,,,
2022-01-24,984.1697998046876,1.5942111988505705,1086000,1068808402.5878906,14.366999,5.2344007,59369500672.0,37.221,28.386,40.511,419.00000000000006,49.21,,,
2022-01-25,869.0457153320312,-11.697583536449008,1812800,1575406072.7539062,14.366999,5.2344007,59369500672.0,37.221,28.386,40.511,419.00000000000006,49.21,,,
2022-01-26,838.6268310546875,-3.5002628447137307,1475600,1237477751.9042969,14.366999,5.2344007,59369500672.0,37.221,28.386,40.511,419.00000000000006,49.21,,,
2022-01-27,794.1683349609375,-5.301344346189996,1112200,883274022.1435547,14.366999,5.2344007,59369500672.0,37.221,28.386,40.511,419.00000000000006,49.21,,,
2022-01-28,799.316162109375,0.648203525854596,800200,639612792.9199219,14.366999,5.2344007,59369500672.0,37.221,28.386,40.511,419.00000000000006,49.21,,,
2022-01-31,850.3263549804688,6.381729194175079,652400,554752913.9892578,14.366999,5.2344007,59369500672.0,37.221,28.386,40.511,419.00000000000006,49.21,,,
2022-02-01,899.9326782226562,5.833798158981796,1271600,1144354393.6279297,14.366999,5.2344007,59369500672.0,37.221,28.386,40.511,419.00000000000006,49.21,,,
2022-02-02,964.04638671875,7.124278298540809,820800,791289274.21875,14.366999,5.2344007,59369500672.0,37.221,28.386,40.511,419.00000000000006,49.21,,,
2022-02-03,905.0804443359376,-6.116504682260193,661600,598801221.9726562,14.366999,5.2344007,59369500672.0,37.221,28.386,40.511,419.00000000000006,49.21,,,
2022-02-04,902.7406005859376,-0.258523290901147,336000,303320841.796875,14.366999,5.2344007,59369500672.0,37.221,28.386,40.511,419.00000000000006,49.21,,,
2022-02-07,891.9769897460938,-1.1923259940737618,293400,261706048.7915039,14.366999,5.2344007,59369500672.0,37.221,28.386,40.511,419.00000000000006,49.21,,,
2022-02-08,881.6813354492188,-1.1542511090791407,200400,176688939.62402344,14.366999,5.2344007,59369500672.0,37.221,28.386,40.511,419.00000000000006,49.21,,,
2022-02-09,905.5484619140624,2.707001442044077,231000,209181694.70214844,14.366999,5.2344007,59369500672.0,37.221,28.386,40.511,419.00000000000006,49.21,,,
2022-02-10,928.9476318359376,2.5839776561948025,323400,300421664.1357422,14.366999,5.2344007,59369500672.0,37.221,28.386,40.511,419.00000000000006,49.21,,,
2022-02-14,889.1690673828125,-4.282110539913653,364400,324013208.1542969,14.366999,5.2344007,59369500672.0,37.221,28.386,40.511,419.00000000000006,49.21,,,
2022-02-15,879.8093872070312,-1.0526322292486625,266200,234205258.8745117,14.366999,5.2344007,59369500672.0,37.221,28.386,40.511,419.00000000000006,49.21,,,
2022-02-16,898.5287475585938,2.1276609028902715,287200,258057456.29882807,14.366999,5.2344007,59369500672.0,37.221,28.386,40.511,419.00000000000006,49.21,,,
2022-02-17,899.9326782226562,0.1562477180476529,349200,314256491.2353516,14.366999,5.2344007,59369500672.0,37.221,28.386,40.511,419.00000000000006,49.21,,,
2022-02-18,892.9129028320312,-0.780033391440893,265000,236621919.25048828,14.366999,5.2344007,59369500672.0,37.221,28.386,40.511,419.00000000000006,49.21,,,
2022-02-21,895.7208251953125,0.314467665813245,212800,190609391.6015625,14.366999,5.2344007,59369500672.0,37.221,28.386,40.511,419.00000000000006,49.21,,,
2022-02-22,879.3414306640625,-1.828627187235321,302600,266088716.9189453,14.366999,5.2344007,59369500672.0,37.221,28.386,40.511,419.00000000000006,49.21,,,
2022-02-24,885.4251708984375,0.6918518816724673,266200,235700180.4931641,14.366999,5.2344007,59369500672.0,37.221,28.386,40.511,419.00000000000006,49.21,,,
2022-02-25,912.5682983398438,3.065547302417904,316400,288736609.59472656,14.366999,5.2344007,59369500672.0,37.221,28.386,40.511,419.00000000000006,49.21,,,
2022-02-28,914.440185546875,0.2051229711175217,418200,382418885.5957031,14.366999,5.2344007,59369500672.0,37.221,28.386,40.511,419.00000000000006,49.21,,,
2022-03-01,991.1895141601562,8.39303978831396,524600,519978019.128418,14.366999,5.2344007,59369500672.0,37.221,28.386,40.511,419.00000000000006,49.21,,,
2022-03-02,978.553955078125,-1.2747874045799912,492200,481644256.6894531,14.366999,5.2344007,59369500672.0,37.221,28.386,40.511,419.00000000000006,49.21,,,
2022-03-03,964.514404296875,-1.434724238596441,325800,314238792.9199219,14.366999,5.2344007,59369500672.0,37.221,28.386,40.511,419.00000000000006,49.21,,,
2022-03-04,924.267822265625,-4.172730013357295,359400,332181855.3222656,14.366999,5.2344007,59369500672.0,37.221,28.386,40.511,419.00000000000006,49.21,,,
2022-03-07,882.6172485351562,-4.5063316851572495,341400,301325528.64990234,14.366999,5.2344007,59369500672.0,37.221,28.386,40.511,419.00000000000006,49.21,,,
2022-03-08,882.6172485351562,0.0,337200,297618536.2060547,14.366999,5.2344007,59369500672.0,37.221,28.386,40.511,419.00000000000006,49.21,,,
2022-03-09,868.5776977539062,-1.590672605203547,190400,165377193.65234375,14.366999,5.2344007,59369500672.0,37.221,28.386,40.511,419.00000000000006,49.21,,,
2022-03-10,923.3319091796876,6.30389331517176,216600,199993691.5283203,14.366999,5.2344007,59369500672.0,37.221,28.386,40.511,419.00000000000006,49.21,,,
2022-03-11,898.5287475585938,-2.6862671347651745,242200,217623662.6586914,14.366999,5.2344007,59369500672.0,37.221,28.386,40.511,419.00000000000006,49.21,,,
2022-03-14,897.1248168945312,-0.1562477180476529,158800,142463420.92285156,14.366999,5.2344007,59369500672.0,37.221,28.386,40.511,419.00000000000006,49.21,,,
2022-03-15,906.0164184570312,0.991122015025625,203800,184646146.08154297,14.366999,5.2344007,59369500672.0,37.221,28.386,40.511,419.00000000000006,49.21,,,
2022-03-16,942.9871826171876,4.080584347811089,240400,226694118.70117188,14.366999,5.2344007,59369500672.0,37.221,28.386,40.511,419.00000000000006,49.21,,,
2022-03-17,987.4456176757812,4.714638319388698,447200,441585680.2246094,14.366999,5.2344007,59369500672.0,37.221,28.386,40.511,419.00000000000006,49.21,,,
2022-03-18,1006.1648559570312,1.895723465289234,328800,330827004.6386719,14.366999,5.2344007,59369500672.0,37.221,28.386,40.511,419.00000000000006,49.21,,,
2022-03-22,989.78564453125,-1.6278854631830542,270600,267835995.41015625,14.366999,5.2344007,59369500672.0,37.221,28.386,40.511,419.00000000000006,49.21,,,
2022-03-23,1044.5396728515625,5.531907703737549,311800,325687469.9951172,14.366999,5.2344007,59369500672.0,37.221,28.386,40.511,419.00000000000006,49.21,,,
2022-03-24,1069.810791015625,2.4193545559713536,362800,388127354.9804688,14.366999,5.2344007,59369500672.0,37.221,28.386,40.511,419.00000000000006,49.21,,,
2022-03-25,1044.5396728515625,-2.362204454871064,472800,493858357.3242188,14.366999,5.2344007,59369500672.0,37.221,28.386,40.511,419.00000000000006,49.21,,,
2022-03-28,1017.3966064453124,-2.59856730306377,293200,298300685.0097656,14.366999,5.2344007,59369500672.0,37.221,28.386,40.511,419.00000000000006,49.21,,,
2022-03-29,1080.1063232421875,6.163743460475746,345000,372636681.5185547,14.366999,5.2344007,59369500672.0,37.221,28.386,40.511,419.00000000000006,49.21,,,
2022-03-30,1098.35791015625,1.689795395260374,172000,188917560.546875,14.366999,5.2344007,59369500672.0,37.221,28.386,40.511,419.00000000000006,49.21,,,
2022-03-31,1092.27392578125,-0.5539163799653024,191600,209279684.1796875,14.366999,5.2344007,59369500672.0,37.221,28.386,40.511,419.00000000000006,49.21,,,
2022-04-01,1072.150634765625,-1.8423300731299384,168600,180764597.0214844,14.366999,5.2344007,59369500672.0,37.221,28.386,40.511,419.00000000000006,49.21,,,
2022-04-04,1090.4019775390625,1.7023114272955997,261600,285249157.32421875,14.366999,5.2344007,59369500672.0,37.221,28.386,40.511,419.00000000000006,49.21,,,
2022-04-05,1089.466064453125,-0.085831932187963,251400,273891768.6035156,14.366999,5.2344007,59369500672.0,37.221,28.386,40.511,419.00000000000006,49.21,,,
2022-04-06,1081.978271484375,-0.6872901518514607,328200,355105268.7011719,14.366999,5.2344007,59369500672.0,37.221,28.386,40.511,419.00000000000006,49.21,,,
2022-04-07,1008.5048828125,-6.790652881695691,332800,335630425.0,14.366999,5.2344007,59369500672.0,37.221,28.386,40.511,419.00000000000006,49.21,,,
2022-04-08,1028.628173828125,1.9953588087254115,313400,322372069.6777344,14.366999,5.2344007,59369500672.0,37.221,28.386,40.511,419.00000000000006,49.21,,,
2022-04-11,985.1057739257812,-4.231111008788679,202400,199385408.64257807,14.366999,5.2344007,59369500672.0,37.221,28.386,40.511,419.00000000000006,49.21,,,
2022-04-12,948.135009765625,-3.7529740601176975,278000,263581532.7148437,14.366999,5.2344007,59369500672.0,37.221,28.386,40.511,419.00000000000006,49.21,,,
2022-04-13,997.7412719726562,5.231982966148863,220400,219902176.34277344,14.366999,5.2344007,59369500672.0,37.221,28.386,40.511,419.00000000000006,49.21,,,
2022-04-14,988.8496704101562,-0.8911730738491164,185000,182937189.0258789,14.366999,5.2344007,59369500672.0,37.221,28.386,40.511,419.00000000000006,49.21,,,
2022-04-15,992.5933837890624,0.3785927720796556,184600,183232738.6474609,14.366999,5.2344007,59369500672.0,37.221,28.386,40.511,419.00000000000006,49.21,,,
2022-04-18,985.1057739257812,-0.7543481535912,182600,179880314.31884766,14.366999,5.2344007,59369500672.0,37.221,28.386,40.511,419.00000000000006,49.21,,,
2022-04-19,976.6819458007812,-0.8551191504471589,116600,113881114.8803711,14.366999,5.2344007,59369500672.0,37.221,28.386,40.511,419.00000000000006,49.21,,,
2022-04-20,985.1057739257812,0.8624945061407097,155600,153282458.42285156,14.366999,5.2344007,59369500672.0,37.221,28.386,40.511,419.00000000000006,49.21,,,
2022-04-21,991.657470703125,0.6650754620221466,131200,130105460.15625,14.366999,5.2344007,59369500672.0,37.221,28.386,40.511,419.00000000000006,49.21,,,
2022-04-22,961.70654296875,-3.020289628145345,102000,98094067.3828125,14.366999,5.2344007,59369500672.0,37.221,28.386,40.511,419.00000000000006,49.21,,,
2022-04-25,966.3862915039062,0.4866087861594481,176000,170083987.3046875,14.366999,5.2344007,59369500672.0,37.221,28.386,40.511,419.00000000000006,49.21,,,
2022-04-26,1093.677978515625,13.171925981444277,1828800,2000118287.109375,14.366999,5.2344007,59369500672.0,37.221,28.386,40.511,419.00000000000006,49.21,,,
2022-04-27,1075.89453125,-1.626022249232928,1198200,1289136827.34375,14.366999,5.2344007,59369500672.0,37.221,28.386,40.511,419.00000000000006,49.21,,,
2022-04-28,1045.943603515625,-2.7838163374227065,282600,295583662.3535156,14.366999,5.2344007,59369500672.0,37.221,28.386,40.511,419.00000000000006,49.21,,,
2022-05-02,1066.534912109375,1.9686824915357224,215800,230158234.03320312,14.366999,5.2344007,59369500672.0,37.221,28.386,40.511,419.00000000000006,49.21,,,
2022-05-06,1015.0567016601562,-4.826678420437824,345400,350600584.753418,14.366999,5.2344007,59369500672.0,37.221,28.386,40.511,419.00000000000006,49.21,,,
2022-05-09,924.7357788085938,-8.898116007099887,681400,630114959.6801758,14.366999,5.2344007,59369500672.0,37.221,28.386,40.511,419.00000000000006,49.21,,,
2022-05-10,886.3611450195312,-4.149794424360154,608400,539262120.6298828,14.366999,5.2344007,59369500672.0,37.221,28.386,40.511,419.00000000000006,49.21,,,
2022-05-11,925.6717529296876,4.435055409529487,598400,553921976.953125,14.366999,5.2344007,59369500672.0,37.221,28.386,40.511,419.00000000000006,49.21,,,
2022-05-12,877.469482421875,-5.207274647331051,360800,316590989.2578125,14.366999,5.2344007,59369500672.0,37.221,28.386,40.511,419.00000000000006,49.21,,,
2022-05-13,932.2235717773438,6.239999276595221,566000,527638541.62597656,14.366999,5.2344007,59369500672.0,37.221,28.386,40.511,419.00000000000006,49.21,,,
2022-05-16,943.9231567382812,1.2550192158981233,342400,323199288.8671875,14.366999,5.2344007,59369500672.0,37.221,28.386,40.511,419.00000000000006,49.21,,,
2022-05-17,971.5341186523438,2.9251281438493315,491200,477217559.0820313,14.366999,5.2344007,59369500672.0,37.221,28.386,40.511,419.00000000000006,49.21,,,
2022-05-18,984.1697998046876,1.300590572142868,265000,260804996.9482422,14.366999,5.2344007,59369500672.0,37.221,28.386,40.511,419.00000000000006,49.21,,,
2022-05-19,978.0859985351562,-0.6181658155674619,220000,215178919.6777344,14.366999,5.2344007,59369500672.0,37.221,28.386,40.511,419.00000000000006,49.21,,,
2022-05-20,997.2732543945312,1.961714602612763,231600,230968485.71777344,14.366999,5.2344007,59369500672.0,37.221,28.386,40.511,419.00000000000006,49.21,,,
2022-05-23,1044.0716552734375,4.692635711695559,241200,251830083.25195312,14.366999,5.2344007,59369500672.0,37.221,28.386,40.511,419.00000000000006,49.21,,,
2022-05-24,1032.840087890625,-1.0757467963126488,237800,245609372.90039065,14.366999,5.2344007,59369500672.0,37.221,28.386,40.511,419.00000000000006,49.21,,,
2022-05-25,1015.99267578125,-1.6311733352432634,369600,375510892.96875,14.366999,5.2344007,59369500672.0,37.221,28.386,40.511,419.00000000000006,49.21,,,
2022-05-26,979.9578857421876,-3.546756871190382,476000,466459953.6132813,14.366999,5.2344007,59369500672.0,37.221,28.386,40.511,419.00000000000006,49.21,,,
2022-05-27,980.4259643554688,0.0477651764521303,274800,269421055.0048828,14.366999,5.2344007,59369500672.0,37.221,28.386,40.511,419.00000000000006,49.21,,,
2022-05-30,1066.534912109375,8.782809807624204,810800,864746506.7382812,14.366999,5.2344007,59369500672.0,37.221,28.386,40.511,419.00000000000006,49.21,,,
2022-05-31,1055.7713623046875,-1.0092074513903704,461400,487132906.5673828,14.366999,5.2344007,59369500672.0,37.221,28.386,40.511,419.00000000000006,49.21,,,
2022-06-01,1041.731689453125,-1.329802394044366,206000,214596728.0273437,14.366999,5.2344007,59369500672.0,37.221,28.386,40.511,419.00000000000006,49.21,,,
2022-06-02,1008.9727783203124,-3.1446591732281703,357400,360606870.9716797,14.366999,5.2344007,59369500672.0,37.221,28.386,40.511,419.00000000000006,49.21,,,
2022-06-03,1039.3917236328125,3.014843013221813,161800,168173580.88378906,14.366999,5.2344007,59369500672.0,37.221,28.386,40.511,419.00000000000006,49.21,,,
2022-06-06,1034.2440185546875,-0.4952613111188775,140200,145001011.4013672,14.366999,5.2344007,59369500672.0,37.221,28.386,40.511,419.00000000000006,49.21,,,
2022-06-07,1004.29296875,-2.895936477983485,234400,235406271.875,14.366999,5.2344007,59369500672.0,37.221,28.386,40.511,419.00000000000006,49.21,,,
2022-06-08,1028.16015625,2.3765164391926774,260200,267527272.65625,14.366999,5.2344007,59369500672.0,37.221,28.386,40.511,419.00000000000006,49.21,,,
2022-06-09,1085.2542724609375,5.553037225170865,348200,377885537.6708984,14.366999,5.2344007,59369500672.0,37.221,28.386,40.511,419.00000000000006,49.21,,,
2022-06-10,1047.34765625,-3.492878781760511,229400,240261552.34375,14.366999,5.2344007,59369500672.0,37.221,28.386,40.511,419.00000000000006,49.21,,,
2022-06-13,959.3666381835938,-8.400364247858239,484000,464333452.8808594,14.366999,5.2344007,59369500672.0,37.221,28.386,40.511,419.00000000000006,49.21,,,
2022-06-14,941.5831909179688,-1.8536653827461724,418200,393770090.4418945,14.366999,5.2344007,59369500672.0,37.221,28.386,40.511,419.00000000000006,49.21,,,
2022-06-15,931.28759765625,-1.0934342669904007,277800,258711694.62890625,14.366999,5.2344007,59369500672.0,37.221,28.386,40.511,419.00000000000006,49.21,,,
2022-06-16,933.6275634765624,0.2512613532276608,369000,344508570.9228516,14.366999,5.2344007,59369500672.0,37.221,28.386,40.511,419.00000000000006,49.21,,,
2022-06-17,909.2922973632812,-2.6065282415895785,317600,288791233.6425781,14.366999,5.2344007,59369500672.0,37.221,28.386,40.511,419.00000000000006,49.21,,,
2022-06-20,921.4598999023438,1.3381398450581283,235600,217095952.4169922,14.366999,5.2344007,59369500672.0,37.221,28.386,40.511,419.00000000000006,49.21,,,
2022-06-21,1001.0171508789062,8.63382671182913,463600,464071551.14746094,14.366999,5.2344007,59369500672.0,37.221,28.386,40.511,419.00000000000006,49.21,,,
2022-06-22,986.9776611328124,-1.402522397719852,298400,294514134.08203125,14.366999,5.2344007,59369500672.0,37.221,28.386,40.511,419.00000000000006,49.21,,,
2022-06-23,1013.1847534179688,2.655287279255836,299200,303144878.22265625,14.366999,5.2344007,59369500672.0,37.221,28.386,40.511,419.00000000000006,49.21,,,
2022-06-24,1090.4019775390625,7.621238264847774,648400,707016642.2363281,14.366999,5.2344007,59369500672.0,37.221,28.386,40.511,419.00000000000006,49.21,,,
2022-06-27,1101.633544921875,1.0300391611689053,351000,386673374.2675781,14.366999,5.2344007,59369500672.0,37.221,28.386,40.511,419.00000000000006,49.21,,,
2022-06-28,1104.4415283203125,0.2548926919828442,387400,427860648.07128906,14.366999,5.2344007,59369500672.0,37.221,28.386,40.511,419.00000000000006,49.21,,,
2022-06-29,1077.7664794921875,-2.415252246870292,586000,631571156.9824219,14.366999,5.2344007,59369500672.0,37.221,28.386,40.511,419.00000000000006,49.21,,,
2022-06-30,1058.5791015625,-1.780290841734844,598600,633665450.1953125,14.366999,5.2344007,59369500672.0,37.221,28.386,40.511,419.00000000000006,49.21,,,
2022-07-01,1057.643310546875,-0.0884006697509653,315800,334003757.4707031,14.366999,5.2344007,59369500672.0,37.221,28.386,40.511,419.00000000000006,49.21,,,
2022-07-04,1086.1900634765625,2.699090765763623,291200,316298546.484375,14.366999,5.2344007,59369500672.0,37.221,28.386,40.511,419.00000000000006,49.21,,,
2022-07-05,1110.9932861328125,2.283506679932468,252000,279970308.10546875,14.366999,5.2344007,59369500672.0,37.221,28.386,40.511,419.00000000000006,49.21,,,
2022-07-06,1106.781494140625,-0.3791014801581838,433600,479900455.859375,14.366999,5.2344007,59369500672.0,37.221,28.386,40.511,419.00000000000006,49.21,,,
2022-07-07,1103.9736328125,-0.253696085721522,327400,361440967.3828125,14.366999,5.2344007,59369500672.0,37.221,28.386,40.511,419.00000000000006,49.21,,,
2022-07-08,1121.7568359375,1.610835856622339,291400,326879941.9921875,14.366999,5.2344007,59369500672.0,37.221,28.386,40.511,419.00000000000006,49.21,,,
2022-07-11,1134.8604736328125,1.16813531021287,324200,367921765.5517578,14.366999,5.2344007,59369500672.0,37.221,28.386,40.511,419.00000000000006,49.21,,,
2022-07-12,1102.1016845703125,-2.8865917726110912,422200,465307331.22558594,14.366999,5.2344007,59369500672.0,37.221,28.386,40.511,419.00000000000006,49.21,,,
2022-07-13,1122.224853515625,1.8258904080305616,196800,220853851.171875,14.366999,5.2344007,59369500672.0,37.221,28.386,40.511,419.00000000000006,49.21,,,
2022-07-14,1084.3182373046875,-3.3778093661164577,375400,407053066.2841797,14.366999,5.2344007,59369500672.0,37.221,28.386,40.511,419.00000000000006,49.21,,,
2022-07-15,1065.1309814453125,-1.7695225625891098,338600,360653350.3173828,14.366999,5.2344007,59369500672.0,37.221,28.386,40.511,419.00000000000006,49.21,,,
2022-07-19,1016.4606323242188,-4.569423851989662,694200,705626970.9594727,14.366999,5.2344007,59369500672.0,37.221,28.386,40.511,419.00000000000006,49.21,,,
2022-07-20,1069.3427734375,5.202576413841231,461200,493180887.109375,14.366999,5.2344007,59369500672.0,37.221,28.386,40.511,419.00000000000006,49.21,,,
2022-07-21,1101.1656494140625,2.9759284643842365,372200,409853854.71191406,14.366999,5.2344007,59369500672.0,37.221,28.386,40.511,419.00000000000006,49.21,,,
2022-07-22,1111.461181640625,0.9349667084185498,414200,460367221.4355469,14.366999,5.2344007,59369500672.0,37.221,28.386,40.511,419.00000000000006,49.21,,,
2022-07-25,1076.362548828125,-3.157882019837255,901800,970663746.5332032,14.366999,5.2344007,59369500672.0,37.221,28.386,40.511,419.00000000000006,49.21,,,
2022-07-26,1231.733154296875,14.434783673763786,3054400,3762205746.484375,14.366999,5.2344007,59369500672.0,37.221,28.386,40.511,419.00000000000006,49.21,,,
2022-07-27,1231.26513671875,-0.0379966696919975,2663000,3278859059.0820312,14.366999,5.2344007,59369500672.0,37.221,28.386,40.511,419.00000000000006,49.21,,,
2022-07-28,1277.12744140625,3.724811441483711,1170000,1494239106.4453125,14.366999,5.2344007,59369500672.0,37.221,28.386,40.511,419.00000000000006,49.21,,,
2022-07-29,1309.41845703125,2.52840981863518,1177400,1541709291.3085938,14.366999,5.2344007,59369500672.0,37.221,28.386,40.511,419.00000000000006,49.21,,,
2022-08-01,1307.5465087890625,-0.1429602761543136,619400,809894307.5439453,14.366999,5.2344007,59369500672.0,37.221,28.386,40.511,419.00000000000006,49.21,,,
2022-08-02,1291.1671142578125,-1.2526816003217478,643200,830478687.890625,14.366999,5.2344007,59369500672.0,37.221,28.386,40.511,419.00000000000006,49.21,,,
2022-08-03,1266.3638916015625,-1.9209924402781355,852600,1079701853.9794922,14.366999,5.2344007,59369500672.0,37.221,28.386,40.511,419.00000000000006,49.21,,,
2022-08-04,1296.782958984375,2.402079495834464,517800,671474216.1621094,14.366999,5.2344007,59369500672.0,37.221,28.386,40.511,419.00000000000006,49.21,,,
2022-08-05,1314.566162109375,1.3713322651099258,515000,677001573.4863281,14.366999,5.2344007,59369500672.0,37.221,28.386,40.511,419.00000000000006,49.21,,,
2022-08-08,1273.3836669921875,-3.1327822291656537,682800,869466367.8222656,14.366999,5.2344007,59369500672.0,37.221,28.386,40.511,419.00000000000006,49.21,,,
2022-08-09,1290.698974609375,1.359787161247894,411400,530993558.1542969,14.366999,5.2344007,59369500672.0,37.221,28.386,40.511,419.00000000000006,49.21,,,
2022-08-10,1276.1915283203125,-1.1239992108503127,359800,459173711.8896485,14.366999,5.2344007,59369500672.0,37.221,28.386,40.511,419.00000000000006,49.21,,,
2022-08-12,1298.65478515625,1.7601791218206042,344600,447516438.96484375,14.366999,5.2344007,59369500672.0,37.221,28.386,40.511,419.00000000000006,49.21,,,
2022-08-15,1323.9259033203125,1.945945793517545,363600,481379458.4472656,14.366999,5.2344007,59369500672.0,37.221,28.386,40.511,419.00000000000006,49.21,,,
2022-08-16,1366.512451171875,3.216686654801326,528800,722611784.1796875,14.366999,5.2344007,59369500672.0,37.221,28.386,40.511,419.00000000000006,49.21,,,
2022-08-17,1355.28076171875,-0.8219236819608233,384400,520969924.8046875,14.366999,5.2344007,59369500672.0,37.221,28.386,40.511,419.00000000000006,49.21,,,
2022-08-18,1363.7044677734375,0.6215469364447168,292800,399292668.1640625,14.366999,5.2344007,59369500672.0,37.221,28.386,40.511,419.00000000000006,49.21,,,
2022-08-19,1325.3299560546875,-2.813990320161175,425800,564325495.2880859,14.366999,5.2344007,59369500672.0,37.221,28.386,40.511,419.00000000000006,49.21,,,
2022-08-22,1297.2508544921875,-2.118649882938384,386800,501776630.5175781,14.366999,5.2344007,59369500672.0,37.221,28.386,40.511,419.00000000000006,49.21,,,
2022-08-23,1296.782958984375,-0.0360682366245646,343400,445315268.1152344,14.366999,5.2344007,59369500672.0,37.221,28.386,40.511,419.00000000000006,49.21,,,
2022-08-24,1318.3101806640625,1.6600481623036956,359200,473537016.8945313,14.366999,5.2344007,59369500672.0,37.221,28.386,40.511,419.00000000000006,49.21,,,
2022-08-25,1343.1131591796875,1.88142205676749,310000,416365079.3457031,14.366999,5.2344007,59369500672.0,37.221,28.386,40.511,419.00000000000006,49.21,,,
2022-08-26,1327.201904296875,-1.184654827783116,283400,376129019.6777344,14.366999,5.2344007,59369500672.0,37.221,28.386,40.511,419.00000000000006,49.21,,,
2022-08-29,1291.1671142578125,-2.715094811301755,359800,464561927.70996094,14.366999,5.2344007,59369500672.0,37.221,28.386,40.511,419.00000000000006,49.21,,,
2022-08-30,1304.7386474609375,1.0511058602143963,281400,367153455.3955078,14.366999,5.2344007,59369500672.0,37.221,28.386,40.511,419.00000000000006,49.21,,,
2022-08-31,1323.4580078125,1.4347210752123418,344400,455798937.890625,14.366999,5.2344007,59369500672.0,37.221,28.386,40.511,419.00000000000006,49.21,,,
2022-09-01,1283.2113037109375,-3.0410261499784874,289000,370848066.77246094,14.366999,5.2344007,59369500672.0,37.221,28.386,40.511,419.00000000000006,49.21,,,
2022-09-02,1273.8516845703125,-0.7293903282770131,403800,514381310.2294922,14.366999,5.2344007,59369500672.0,37.221,28.386,40.511,419.00000000000006,49.21,,,
2022-09-05,1282.7432861328125,0.6980091693719714,345600,443316079.6875,14.366999,5.2344007,59369500672.0,37.221,28.386,40.511,419.00000000000006,49.21,,,
2022-09-06,1307.5465087890625,1.933607676951965,231800,303089280.7373047,14.366999,5.2344007,59369500672.0,37.221,28.386,40.511,419.00000000000006,49.21,,,
2022-09-07,1251.388427734375,-4.2949203471696284,846600,1059425442.919922,14.366999,5.2344007,59369500672.0,37.221,28.386,40.511,419.00000000000006,49.21,,,
2022-09-08,1292.571044921875,3.2909539735844096,414800,536158469.43359375,14.366999,5.2344007,59369500672.0,37.221,28.386,40.511,419.00000000000006,49.21,,,
2022-09-09,1351.5369873046875,4.561911131652852,732200,989595382.1044922,14.366999,5.2344007,59369500672.0,37.221,28.386,40.511,419.00000000000006,49.21,,,
2022-09-12,1361.8326416015625,0.7617737726443696,416000,566522378.90625,14.366999,5.2344007,59369500672.0,37.221,28.386,40.511,419.00000000000006,49.21,,,
2022-09-13,1370.7242431640625,0.652914410396499,497400,681798238.5498047,14.366999,5.2344007,59369500672.0,37.221,28.386,40.511,419.00000000000006,49.21,,,
2022-09-14,1311.290283203125,-4.3359530742482,496400,650924496.5820312,14.366999,5.2344007,59369500672.0,37.221,28.386,40.511,419.00000000000006,49.21,,,
2022-09-15,1339.83740234375,2.177025141290012,214000,286725204.1015625,14.366999,5.2344007,59369500672.0,37.221,28.386,40.511,419.00000000000006,49.21,,,
2022-09-16,1308.950439453125,-2.3052769564870346,195200,255507125.78125,14.366999,5.2344007,59369500672.0,37.221,28.386,40.511,419.00000000000006,49.21,,,
2022-09-20,1330.009765625,1.6088711640353193,193200,256957886.71875,14.366999,5.2344007,59369500672.0,37.221,28.386,40.511,419.00000000000006,49.21,,,
2022-09-21,1199.91015625,-9.781853692921072,1934000,2320626242.1875,14.366999,5.2344007,59369500672.0,37.221,28.386,40.511,419.00000000000006,49.21,,,
2022-09-22,1214.4178466796875,1.2090647248980124,644200,782327976.8310547,14.366999,5.2344007,59369500672.0,37.221,28.386,40.511,419.00000000000006,49.21,,,
2022-09-26,1164.8114013671875,-4.084792186489016,693800,808146150.2685547,14.366999,5.2344007,59369500672.0,37.221,28.386,40.511,419.00000000000006,49.21,,,
2022-09-27,1183.0628662109375,1.5669030044114909,450200,532614902.36816406,14.366999,5.2344007,59369500672.0,37.221,28.386,40.511,419.00000000000006,49.21,,,
2022-09-28,1177.9150390625,-0.4351271006353796,586000,690258212.890625,14.366999,5.2344007,59369500672.0,37.221,28.386,40.511,419.00000000000006,49.21,,,
2022-09-29,1222.9925537109375,3.826890153666307,385400,471341330.2001953,14.366999,5.2344007,59369500672.0,37.221,28.386,40.511,419.00000000000006,49.21,,,
2022-09-30,1239.0411376953125,1.312238895950646,316400,392032615.9667969,14.366999,5.2344007,59369500672.0,37.221,28.386,40.511,419.00000000000006,49.21,,,
2022-10-03,1244.2332763671875,0.4190448980194938,362400,450910139.3554688,14.366999,5.2344007,59369500672.0,37.221,28.386,40.511,419.00000000000006,49.21,,,
2022-10-04,1360.8211669921875,9.370259808948678,878200,1195073148.852539,14.366999,5.2344007,59369500672.0,37.221,28.386,40.511,419.00000000000006,49.21,,,
2022-10-05,1425.4873046875,4.751993815487432,1034800,1475094262.890625,14.366999,5.2344007,59369500672.0,37.221,28.386,40.511,419.00000000000006,49.21,,,
2022-10-06,1415.1029052734375,-0.7284806662195442,835400,1182176967.0654297,14.366999,5.2344007,59369500672.0,37.221,28.386,40.511,419.00000000000006,49.21,,,
2022-10-07,1407.5506591796875,-0.5336888268412276,602200,847627006.9580078,14.366999,5.2344007,59369500672.0,37.221,28.386,40.511,419.00000000000006,49.21,,,
2022-10-11,1412.270751953125,0.3353408804616986,465200,656988353.8085938,14.366999,5.2344007,59369500672.0,37.221,28.386,40.511,419.00000000000006,49.21,,,
2022-10-12,1420.76708984375,0.6016082878495421,527200,749028409.765625,14.366999,5.2344007,59369500672.0,37.221,28.386,40.511,419.00000000000006,49.21,,,
2022-10-13,1349.9647216796875,-4.98339021717128,861400,1162859611.2548828,14.366999,5.2344007,59369500672.0,37.221,28.386,40.511,419.00000000000006,49.21,,,
2022-10-14,1374.0374755859375,1.7832135551140604,572800,787048666.015625,14.366999,5.2344007,59369500672.0,37.221,28.386,40.511,419.00000000000006,49.21,,,
2022-10-17,1378.28564453125,0.3091741688850957,428000,589906255.859375,14.366999,5.2344007,59369500672.0,37.221,28.386,40.511,419.00000000000006,49.21,,,
2022-10-18,1352.3248291015625,-1.8835584287404168,531800,719166344.1162109,14.366999,5.2344007,59369500672.0,37.221,28.386,40.511,419.00000000000006,49.21,,,
2022-10-19,1368.8453369140625,1.2216375427696269,662600,906996920.2392578,14.366999,5.2344007,59369500672.0,37.221,28.386,40.511,419.00000000000006,49.21,,,
2022-10-20,1352.3248291015625,-1.2068936765160077,598600,809501642.7001953,14.366999,5.2344007,59369500672.0,37.221,28.386,40.511,419.00000000000006,49.21,,,
2022-10-21,1351.852783203125,-0.0349062509449882,440400,595355965.7226562,14.366999,5.2344007,59369500672.0,37.221,28.386,40.511,419.00000000000006,49.21,,,
2022-10-24,1362.709228515625,0.8030789629900559,495000,674541068.1152344,14.366999,5.2344007,59369500672.0,37.221,28.386,40.511,419.00000000000006,49.21,,,
2022-10-25,1300.8751220703125,-4.537586240071723,907600,1180674260.7910156,14.366999,5.2344007,59369500672.0,37.221,28.386,40.511,419.00000000000006,49.21,,,
2022-10-26,1384.421875,6.42234996367097,1045000,1446720859.375,14.366999,5.2344007,59369500672.0,37.221,28.386,40.511,419.00000000000006,49.21,,,
2022-10-27,1411.3267822265625,1.943403792760967,583200,823085779.3945312,14.366999,5.2344007,59369500672.0,37.221,28.386,40.511,419.00000000000006,49.21,,,
2022-10-28,1427.8472900390625,1.1705657414391668,876200,1251079795.5322266,14.366999,5.2344007,59369500672.0,37.221,28.386,40.511,419.00000000000006,49.21,,,
2022-10-31,1423.1270751953125,-0.3305826103869203,519200,738887577.4414062,14.366999,5.2344007,59369500672.0,37.221,28.386,40.511,419.00000000000006,49.21,,,
2022-11-01,1439.647705078125,1.1608682155488603,447600,644386312.7929688,14.366999,5.2344007,59369500672.0,37.221,28.386,40.511,419.00000000000006,49.21,,,
2022-11-02,1418.4071044921875,-1.4754026635137696,611200,866930422.265625,14.366999,5.2344007,59369500672.0,37.221,28.386,40.511,419.00000000000006,49.21,,,
2022-11-04,1382.5338134765625,-2.529125164560442,850200,1175430248.2177734,14.366999,5.2344007,59369500672.0,37.221,28.386,40.511,419.00000000000006,49.21,,,
2022-11-07,1619.0135498046875,17.10480669788941,1868000,3024317311.035156,14.366999,5.2344007,59369500672.0,37.221,28.386,40.511,419.00000000000006,49.21,,,
2022-11-08,1692.176025390625,4.518953877486909,2311600,3911634100.2929688,14.366999,5.2344007,59369500672.0,37.221,28.386,40.511,419.00000000000006,49.21,,,
2022-11-09,1689.8160400390625,-0.1394645306487918,841600,1422149179.296875,14.366999,5.2344007,59369500672.0,37.221,28.386,40.511,419.00000000000006,49.21,,,
2022-11-10,1597.77294921875,-5.446929644376253,920600,1470909777.0507812,14.366999,5.2344007,59369500672.0,37.221,28.386,40.511,419.00000000000006,49.21,,,
2022-11-11,1616.653564453125,1.1816832450197046,751600,1215076819.0429688,14.366999,5.2344007,59369500672.0,37.221,28.386,40.511,419.00000000000006,49.21,,,
2022-11-14,1555.29150390625,-3.7956221355088138,695800,1082171828.4179688,14.366999,5.2344007,59369500672.0,37.221,28.386,40.511,419.00000000000006,49.21,,,
2022-11-15,1529.330810546875,-1.669185055931477,519600,794640289.1601562,14.366999,5.2344007,59369500672.0,37.221,28.386,40.511,419.00000000000006,49.21,,,
2022-11-16,1531.6907958984375,0.1543149026546286,546000,836303174.5605469,14.366999,5.2344007,59369500672.0,37.221,28.386,40.511,419.00000000000006,49.21,,,
2022-11-17,1538.77099609375,0.4622473552933659,396000,609353314.453125,14.366999,5.2344007,59369500672.0,37.221,28.386,40.511,419.00000000000006,49.21,,,
2022-11-18,1484.4891357421875,-3.5276113527847763,475200,705429237.3046875,14.366999,5.2344007,59369500672.0,37.221,28.386,40.511,419.00000000000006,49.21,,,
2022-11-21,1536.410888671875,3.49761757628011,446000,685239256.3476562,14.366999,5.2344007,59369500672.0,37.221,28.386,40.511,419.00000000000006,49.21,,,
2022-11-22,1470.3287353515625,-4.301072962157681,670800,986296515.673828,14.366999,5.2344007,59369500672.0,37.221,28.386,40.511,419.00000000000006,49.21,,,
2022-11-24,1501.009765625,2.086678273760434,479200,719283879.6875,14.366999,5.2344007,59369500672.0,37.221,28.386,40.511,419.00000000000006,49.21,,,
2022-11-25,1526.9705810546875,1.729556730690418,494600,755239649.3896484,14.366999,5.2344007,59369500672.0,37.221,28.386,40.511,419.00000000000006,49.21,,,
2022-11-28,1543.4912109375,1.0819219497602672,319400,492991092.7734375,14.366999,5.2344007,59369500672.0,37.221,28.386,40.511,419.00000000000006,49.21,,,
2022-11-29,1574.1722412109375,1.987768382225008,338800,533329555.3222656,14.366999,5.2344007,59369500672.0,37.221,28.386,40.511,419.00000000000006,49.21,,,
2022-11-30,1593.0528564453125,1.199399579035321,588600,937670911.3037108,14.366999,5.2344007,59369500672.0,37.221,28.386,40.511,419.00000000000006,49.21,,,
2022-12-01,1585.97265625,-0.4444422648417934,439400,696876385.15625,14.366999,5.2344007,59369500672.0,37.221,28.386,40.511,419.00000000000006,49.21,,,
2022-12-02,1545.8511962890625,-2.529769968153417,444400,686976271.6308594,14.366999,5.2344007,59369500672.0,37.221,28.386,40.511,419.00000000000006,49.21,,,
2022-12-05,1557.651611328125,0.7633603458981231,240000,373836386.71875,14.366999,5.2344007,59369500672.0,37.221,28.386,40.511,419.00000000000006,49.21,,,
2022-12-06,1505.7298583984375,-3.333335423151307,325600,490265641.8945313,14.366999,5.2344007,59369500672.0,37.221,28.386,40.511,419.00000000000006,49.21,,,
2022-12-07,1453.80810546875,-3.4482780984972816,285200,414626071.6796875,14.366999,5.2344007,59369500672.0,37.221,28.386,40.511,419.00000000000006,49.21,,,
2022-12-08,1458.5283203125,0.3246793594006147,317600,463228594.53125,14.366999,5.2344007,59369500672.0,37.221,28.386,40.511,419.00000000000006,49.21,,,
2022-12-09,1458.5283203125,0.0,206800,301623656.640625,14.366999,5.2344007,59369500672.0,37.221,28.386,40.511,419.00000000000006,49.21,,,
2022-12-12,1418.4071044921875,-2.7508012879527977,573200,813030952.2949219,14.366999,5.2344007,59369500672.0,37.221,28.386,40.511,419.00000000000006,49.21,,,
2022-12-13,1409.4385986328125,-0.6322942003724519,290600,409582856.7626953,14.366999,5.2344007,59369500672.0,37.221,28.386,40.511,419.00000000000006,49.21,,,
2022-12-14,1406.606689453125,-0.20092462221728,312200,439142608.4472656,14.366999,5.2344007,59369500672.0,37.221,28.386,40.511,419.00000000000006,49.21,,,
2022-12-15,1371.2054443359375,-2.516783503350972,576600,790637059.2041016,14.366999,5.2344007,59369500672.0,37.221,28.386,40.511,419.00000000000006,49.21,,,
2022-12-16,1430.2073974609375,4.302925821124792,442200,632437711.1572266,14.366999,5.2344007,59369500672.0,37.221,28.386,40.511,419.00000000000006,49.21,,,
2022-12-19,1427.8472900390625,-0.165018543888451,262000,374095989.9902344,14.366999,5.2344007,59369500672.0,37.221,28.386,40.511,419.00000000000006,49.21,,,
2022-12-20,1380.6456298828125,-3.3057919068473107,477400,659120223.7060547,14.366999,5.2344007,59369500672.0,37.221,28.386,40.511,419.00000000000006,49.21,,,
2022-12-21,1392.918212890625,0.8889017385912634,500600,697294857.3730469,14.366999,5.2344007,59369500672.0,37.221,28.386,40.511,419.00000000000006,49.21,,,
2022-12-22,1444.3677978515625,3.693654407330049,491200,709473462.3046875,14.366999,5.2344007,59369500672.0,37.221,28.386,40.511,419.00000000000006,49.21,,,
2022-12-23,1425.4873046875,-1.3071804281531652,454600,648026528.7109375,14.366999,5.2344007,59369500672.0,37.221,28.386,40.511,419.00000000000006,49.21,,,
2022-12-26,1458.5283203125,2.3178751235700013,271000,395261174.8046875,14.366999,5.2344007,59369500672.0,37.221,28.386,40.511,419.00000000000006,49.21,,,
2022-12-27,1484.4891357421875,1.779932214420432,270600,401702760.131836,14.366999,5.2344007,59369500672.0,37.221,28.386,40.511,419.00000000000006,49.21,,,
2022-12-28,1460.888427734375,-1.5898201906350162,212200,310000524.3652344,14.366999,5.2344007,59369500672.0,37.221,28.386,40.511,419.00000000000006,49.21,,,
2022-12-29,1448.14404296875,-0.8723722170480674,325200,470936442.7734375,14.366999,5.2344007,59369500672.0,37.221,28.386,40.511,419.00000000000006,49.21,,,
2022-12-30,1467.96875,1.3689734199789028,227500,333962890.625,14.366999,5.2344007,59369500672.0,37.221,28.386,40.511,419.00000000000006,49.21,,,
2023-01-04,1388.669921875,-5.40194252261842,368700,512002600.1953125,14.366999,5.2344007,59369500672.0,37.221,28.386,40.511,419.00000000000006,49.21,,,
2023-01-05,1355.62890625,-2.379328240967993,369900,501447132.421875,14.366999,5.2344007,59369500672.0,37.221,28.386,40.511,419.00000000000006,49.21,,,
2023-01-06,1313.1475830078125,-3.133698539941965,508600,667866860.7177734,14.366999,5.2344007,59369500672.0,37.221,28.386,40.511,419.00000000000006,49.21,,,
2023-01-10,1283.8824462890625,-2.228625106381199,572300,734765924.0112305,14.366999,5.2344007,59369500672.0,37.221,28.386,40.511,419.00000000000006,49.21,,,
2023-01-11,1352.796875,5.367658768926087,555000,750802265.625,14.366999,5.2344007,59369500672.0,37.221,28.386,40.511,419.00000000000006,49.21,,,
2023-01-12,1350.9088134765625,-0.139567259381601,324000,437694455.5664063,14.366999,5.2344007,59369500672.0,37.221,28.386,40.511,419.00000000000006,49.21,,,
2023-01-13,1375.4534912109375,1.8169011475474228,216100,297235499.4506836,14.366999,5.2344007,59369500672.0,37.221,28.386,40.511,419.00000000000006,49.21,,,
2023-01-16,1421.7110595703125,3.3630776071279733,484700,689103350.5737305,14.366999,5.2344007,59369500672.0,37.221,28.386,40.511,419.00000000000006,49.21,,,
2023-01-17,1428.3193359375,0.4648114905418721,268400,383360909.765625,14.366999,5.2344007,59369500672.0,37.221,28.386,40.511,419.00000000000006,49.21,,,
2023-01-18,1480.2410888671875,3.635164183757822,746000,1104259852.294922,14.366999,5.2344007,59369500672.0,37.221,28.386,40.511,419.00000000000006,49.21,,,
2023-01-19,1518.002197265625,2.551010688896338,596300,905184710.2294922,14.366999,5.2344007,59369500672.0,37.221,28.386,40.511,419.00000000000006,49.21,,,
2023-01-20,1493.4573974609375,-1.6169146427389869,226800,338716137.7441406,14.366999,5.2344007,59369500672.0,37.221,28.386,40.511,419.00000000000006,49.21,,,
2023-01-23,1477.408935546875,-1.0745845138499963,507200,749341812.109375,14.366999,5.2344007,59369500672.0,37.221,28.386,40.511,419.00000000000006,49.21,,,
2023-01-24,1521.7784423828125,3.0031974065131584,526300,800911994.2260742,14.366999,5.2344007,59369500672.0,37.221,28.386,40.511,419.00000000000006,49.21,,,
2023-01-25,1533.1068115234375,0.7444164554524013,642000,984254572.9980468,14.366999,5.2344007,59369500672.0,37.221,28.386,40.511,419.00000000000006,49.21,,,
2023-01-26,1410.3828125,-8.00492164674994,1865000,2630363945.3125,14.366999,5.2344007,59369500672.0,37.221,28.386,40.511,419.00000000000006,49.21,,,
2023-01-27,1361.2930908203125,-3.480595569132938,1114800,1517569537.6464844,14.366999,5.2344007,59369500672.0,37.221,28.386,40.511,419.00000000000006,49.21,,,
2023-01-30,1414.158935546875,3.883502023411123,920500,1301733300.1708984,14.366999,5.2344007,59369500672.0,37.221,28.386,40.511,419.00000000000006,49.21,,,
2023-01-31,1367.9012451171875,-3.2710390089073726,654500,895291364.9291992,14.366999,5.2344007,59369500672.0,37.221,28.386,40.511,419.00000000000006,49.21,,,
2023-02-01,1406.606689453125,2.829549609235249,730200,1027104204.638672,14.366999,5.2344007,59369500672.0,37.221,28.386,40.511,419.00000000000006,49.21,,,
2023-02-02,1443.4237060546875,2.6174350568371363,566500,817699529.4799805,14.366999,5.2344007,59369500672.0,37.221,28.386,40.511,419.00000000000006,49.21,,,
2023-02-03,1382.061767578125,-4.251138333059745,569800,787498795.1660156,14.366999,5.2344007,59369500672.0,37.221,28.386,40.511,419.00000000000006,49.21,,,
2023-02-06,1369.7894287109375,-0.8879732552542263,452600,619966695.4345703,14.366999,5.2344007,59369500672.0,37.221,28.386,40.511,419.00000000000006,49.21,,,
2023-02-07,1363.1812744140625,-0.4824211779100751,435600,593801763.1347656,14.366999,5.2344007,59369500672.0,37.221,28.386,40.511,419.00000000000006,49.21,,,
2023-02-08,1393.3902587890625,2.2160650928824355,388100,540774759.4360352,14.366999,5.2344007,59369500672.0,37.221,28.386,40.511,419.00000000000006,49.21,,,
2023-02-09,1395.2781982421875,0.1354925112484695,359300,501323456.628418,14.366999,5.2344007,59369500672.0,37.221,28.386,40.511,419.00000000000006,49.21,,,
2023-02-10,1345.2445068359375,-3.585929420332368,312600,420523432.83691406,14.366999,5.2344007,59369500672.0,37.221,28.386,40.511,419.00000000000006,49.21,,,
2023-02-13,1333.916259765625,-0.842095768668627,283200,377765084.765625,14.366999,5.2344007,59369500672.0,37.221,28.386,40.511,419.00000000000006,49.21,,,
2023-02-14,1354.684814453125,1.5569609063127432,285300,386491577.56347656,14.366999,5.2344007,59369500672.0,37.221,28.386,40.511,419.00000000000006,49.21,,,
2023-02-15,1342.41259765625,-0.9059093795060535,222000,298015596.6796875,14.366999,5.2344007,59369500672.0,37.221,28.386,40.511,419.00000000000006,49.21,,,
2023-02-16,1333.916259765625,-0.6329155362113648,250500,334146023.07128906,14.366999,5.2344007,59369500672.0,37.221,28.386,40.511,419.00000000000006,49.21,,,
2023-02-17,1285.7706298828125,-3.6093442545840126,304500,391517156.7993164,14.366999,5.2344007,59369500672.0,37.221,28.386,40.511,419.00000000000006,49.21,,,
2023-02-20,1235.7369384765625,-3.891338800514532,941900,1163940622.3510742,14.366999,5.2344007,59369500672.0,37.221,28.386,40.511,419.00000000000006,49.21,,,
2023-02-21,1221.576416015625,-1.1459172272049178,612700,748459870.0927734,14.366999,5.2344007,59369500672.0,37.221,28.386,40.511,419.00000000000006,49.21,,,
2023-02-22,1152.6622314453125,-5.641414132329736,843000,971694261.1083984,14.366999,5.2344007,59369500672.0,37.221,28.386,40.511,419.00000000000006,49.21,,,
2023-02-24,1119.6212158203125,-2.8664959017153047,1360100,1522796815.637207,14.366999,5.2344007,59369500672.0,37.221,28.386,40.511,419.00000000000006,49.21,,,
2023-02-27,1132.837646484375,1.1804376763599578,610000,691030964.3554688,14.366999,5.2344007,59369500672.0,37.221,28.386,40.511,419.00000000000006,49.21,,,
2023-02-28,1168.710693359375,3.1666538436754488,619300,723782532.3974609,14.366999,5.2344007,59369500672.0,37.221,28.386,40.511,419.00000000000006,49.21,,,
2023-03-01,1180.0390625,0.9693048249659107,568400,670734203.125,14.366999,5.2344007,59369500672.0,37.221,28.386,40.511,419.00000000000006,49.21,,,
2023-03-02,1219.6883544921875,3.359998262107311,742400,905496634.375,14.366999,5.2344007,59369500672.0,37.221,28.386,40.511,419.00000000000006,49.21,,,
2023-03-03,1269.7220458984375,4.102170134032424,1113100,1413327609.2895508,14.366999,5.2344007,59369500672.0,37.221,28.386,40.511,419.00000000000006,49.21,,,
2023-03-06,1254.6175537109375,-1.1895904490507814,759200,952505646.7773438,14.366999,5.2344007,59369500672.0,37.221,28.386,40.511,419.00000000000006,49.21,,,
2023-03-07,1269.7220458984375,1.2039120720751528,411400,522363649.6826172,14.366999,5.2344007,59369500672.0,37.221,28.386,40.511,419.00000000000006,49.21,,,
2023-03-08,1367.9012451171875,7.732337918830079,1198300,1639156062.0239258,14.366999,5.2344007,59369500672.0,37.221,28.386,40.511,419.00000000000006,49.21,,,
2023-03-09,1376.397705078125,0.6211310934371994,703400,968158145.7519532,14.366999,5.2344007,59369500672.0,37.221,28.386,40.511,419.00000000000006,49.21,,,
2023-03-10,1331.0841064453125,-3.292187894939891,517700,689102241.9067383,14.366999,5.2344007,59369500672.0,37.221,28.386,40.511,419.00000000000006,49.21,,,
2023-03-13,1271.6102294921875,-4.468078062471292,491600,625123588.8183594,14.366999,5.2344007,59369500672.0,37.221,28.386,40.511,419.00000000000006,49.21,,,
2023-03-14,1284.8265380859375,1.039336448168382,534000,686097371.3378906,14.366999,5.2344007,59369500672.0,37.221,28.386,40.511,419.00000000000006,49.21,,,
2023-03-15,1274.442138671875,-0.8082335713218258,282800,360412236.8164063,14.366999,5.2344007,59369500672.0,37.221,28.386,40.511,419.00000000000006,49.21,,,
2023-03-16,1262.1697998046875,-0.9629577126174405,329100,415380081.11572266,14.366999,5.2344007,59369500672.0,37.221,28.386,40.511,419.00000000000006,49.21,,,
2023-03-17,1308.427490234375,3.664934023682509,375800,491707050.8300781,14.366999,5.2344007,59369500672.0,37.221,28.386,40.511,419.00000000000006,49.21,,,
2023-03-20,1262.1697998046875,-3.535365220842424,225500,284619289.85595703,14.366999,5.2344007,59369500672.0,37.221,28.386,40.511,419.00000000000006,49.21,,,
2023-03-22,1280.1064453125,1.4210960768185066,282800,362014102.734375,14.366999,5.2344007,59369500672.0,37.221,28.386,40.511,419.00000000000006,49.21,,,
2023-03-23,1291.434814453125,0.8849552458787491,287300,371029222.1923828,14.366999,5.2344007,59369500672.0,37.221,28.386,40.511,419.00000000000006,49.21,,,
2023-03-24,1310.3154296875,1.461987474944304,430000,563435634.765625,14.366999,5.2344007,59369500672.0,37.221,28.386,40.511,419.00000000000006,49.21,,,
2023-03-27,1286.714599609375,-1.8011563890195204,288400,371088490.52734375,14.366999,5.2344007,59369500672.0,37.221,28.386,40.511,419.00000000000006,49.21,,,
2023-03-28,1246.121337890625,-3.154799186320989,433800,540567436.3769531,14.366999,5.2344007,59369500672.0,37.221,28.386,40.511,419.00000000000006,49.21,,,
2023-03-29,1274.442138671875,2.272716140884823,339100,432163329.2236328,14.366999,5.2344007,59369500672.0,37.221,28.386,40.511,419.00000000000006,49.21,,,
2023-03-30,1256.505615234375,-1.4074019442100405,295500,371297409.3017578,14.366999,5.2344007,59369500672.0,37.221,28.386,40.511,419.00000000000006,49.21,,,
2023-03-31,1270.666015625,1.126966741647517,319800,406358991.796875,14.366999,5.2344007,59369500672.0,37.221,28.386,40.511,419.00000000000006,49.21,,,
2023-04-03,1249.8973388671875,-1.6344717260417974,482900,603575424.9389648,14.366999,5.2344007,59369500672.0,37.221,28.386,40.511,419.00000000000006,49.21,,,
2023-04-04,1157.38232421875,-7.401809074358545,1140600,1320110279.0039062,14.366999,5.2344007,59369500672.0,37.221,28.386,40.511,419.00000000000006,49.21,,,
2023-04-05,1174.375,1.468199006125337,576300,676792312.5,14.366999,5.2344007,59369500672.0,37.221,28.386,40.511,419.00000000000006,49.21,,,
2023-04-06,1183.8153076171875,0.8038580195582679,436200,516380237.1826172,14.366999,5.2344007,59369500672.0,37.221,28.386,40.511,419.00000000000006,49.21,,,
2023-04-07,1185.7032470703125,0.1594792228971187,262300,311009961.70654297,14.366999,5.2344007,59369500672.0,37.221,28.386,40.511,419.00000000000006,49.21,,,
2023-04-10,1182.8712158203125,-0.2388482326414753,347600,411166034.6191406,14.366999,5.2344007,59369500672.0,37.221,28.386,40.511,419.00000000000006,49.21,,,
2023-04-11,1164.9345703125,-1.5163650334811485,349400,407028138.8671875,14.366999,5.2344007,59369500672.0,37.221,28.386,40.511,419.00000000000006,49.21,,,
2023-04-12,1178.1510009765625,1.1345212856475717,267100,314684132.36083984,14.366999,5.2344007,59369500672.0,37.221,28.386,40.511,419.00000000000006,49.21,,,
2023-04-13,1189.4793701171875,0.961537963404946,334400,397761901.3671875,14.366999,5.2344007,59369500672.0,37.221,28.386,40.511,419.00000000000006,49.21,,,
2023-04-14,1177.20703125,-1.031740371081713,255100,300305513.671875,14.366999,5.2344007,59369500672.0,37.221,28.386,40.511,419.00000000000006,49.21,,,
2023-04-17,1174.375,-0.2405720637764785,373400,438511625.0,14.366999,5.2344007,59369500672.0,37.221,28.386,40.511,419.00000000000006,49.21,,,
2023-04-18,1163.9906005859375,-0.884249018759975,357700,416359437.8295898,14.366999,5.2344007,59369500672.0,37.221,28.386,40.511,419.00000000000006,49.21,,,
2023-04-19,1166.82275390625,0.2433141057055721,385000,449226760.2539063,14.366999,5.2344007,59369500672.0,37.221,28.386,40.511,419.00000000000006,49.21,,,
2023-04-20,1157.38232421875,-0.8090714425902035,356100,412143845.6542969,14.366999,5.2344007,59369500672.0,37.221,28.386,40.511,419.00000000000006,49.21,,,
2023-04-21,1129.0614013671875,-2.4469807650362663,391200,441688820.21484375,14.366999,5.2344007,59369500672.0,37.221,28.386,40.511,419.00000000000006,49.21,,,
2023-04-24,1134.7255859375,0.5016719696071092,308700,350289788.37890625,14.366999,5.2344007,59369500672.0,37.221,28.386,40.511,419.00000000000006,49.21,,,
2023-04-25,1131.8935546875,-0.2495785135275818,292700,331305243.45703125,14.366999,5.2344007,59369500672.0,37.221,28.386,40.511,419.00000000000006,49.21,,,
2023-04-26,1125.2852783203125,-0.5838248958853653,355300,399813859.38720703,14.366999,5.2344007,59369500672.0,37.221,28.386,40.511,419.00000000000006,49.21,,,
2023-04-27,1130.949462890625,0.5033554316792754,975100,1102788821.2646484,14.366999,5.2344007,59369500672.0,37.221,28.386,40.511,419.00000000000006,49.21,,,
2023-04-28,1172.48681640625,3.6727859978339374,693700,813354104.5410156,14.366999,5.2344007,59369500672.0,37.221,28.386,40.511,419.00000000000006,49.21,,,
2023-05-01,1182.8712158203125,0.8856730215433428,413400,488998960.6201172,14.366999,5.2344007,59369500672.0,37.221,28.386,40.511,419.00000000000006,49.21,,,
2023-05-02,1166.82275390625,-1.3567378848535985,305000,355880939.94140625,14.366999,5.2344007,59369500672.0,37.221,28.386,40.511,419.00000000000006,49.21,,,
2023-05-08,1156.4383544921875,-0.8899723097872347,638700,738617177.0141602,14.366999,5.2344007,59369500672.0,37.221,28.386,40.511,419.00000000000006,49.21,,,
2023-05-09,1195.1436767578125,3.346942110253792,1317000,1574004222.290039,14.366999,5.2344007,59369500672.0,37.221,28.386,40.511,419.00000000000006,49.21,,,
2023-05-10,1181.9271240234375,-1.105854717838517,529700,626066797.5952148,14.366999,5.2344007,59369500672.0,37.221,28.386,40.511,419.00000000000006,49.21,,,
2023-05-11,1180.983154296875,-0.0798669991893485,574200,678120527.1972656,14.366999,5.2344007,59369500672.0,37.221,28.386,40.511,419.00000000000006,49.21,,,
2023-05-12,1218.744384765625,3.197440228623072,464600,566228641.1621094,14.366999,5.2344007,59369500672.0,37.221,28.386,40.511,419.00000000000006,49.21,,,
2023-05-15,1243.2891845703125,2.013941570644251,557000,692512075.8056641,14.366999,5.2344007,59369500672.0,37.221,28.386,40.511,419.00000000000006,49.21,,,
2023-05-16,1265.9459228515625,1.8223224783444405,443300,561193827.6000977,14.366999,5.2344007,59369500672.0,37.221,28.386,40.511,419.00000000000006,49.21,,,
2023-05-17,1293.3228759765625,2.162568924218577,565800,731762083.2275391,14.366999,5.2344007,59369500672.0,37.221,28.386,40.511,419.00000000000006,49.21,,,
2023-05-18,1280.1064453125,-1.0218972315078734,439600,562734793.359375,14.366999,5.2344007,59369500672.0,37.221,28.386,40.511,419.00000000000006,49.21,,,
2023-05-19,1272.55419921875,-0.5899701639191735,429500,546562028.5644531,14.366999,5.2344007,59369500672.0,37.221,28.386,40.511,419.00000000000006,49.21,,,
2023-05-22,1241.401123046875,-2.448074603895112,280400,348088874.9023437,14.366999,5.2344007,59369500672.0,37.221,28.386,40.511,419.00000000000006,49.21,,,
2023-05-23,1223.4644775390625,-1.4448710553595312,471500,576863501.159668,14.366999,5.2344007,59369500672.0,37.221,28.386,40.511,419.00000000000006,49.21,,,
2023-05-24,1182.8712158203125,-3.3178945906464974,358900,424532479.35791016,14.366999,5.2344007,59369500672.0,37.221,28.386,40.511,419.00000000000006,49.21,,,
2023-05-25,1170.5987548828125,-1.0375145470920222,411200,481350208.0078125,14.366999,5.2344007,59369500672.0,37.221,28.386,40.511,419.00000000000006,49.21,,,
2023-05-26,1159.270263671875,-0.9677518589255252,427700,495819891.77246094,14.366999,5.2344007,59369500672.0,37.221,28.386,40.511,419.00000000000006,49.21,,,
2023-05-29,1144.1658935546875,-1.3029205173732183,373200,427002711.4746094,14.366999,5.2344007,59369500672.0,37.221,28.386,40.511,419.00000000000006,49.21,,,
2023-05-30,1154.55029296875,0.9075956093919536,416600,480985652.0507813,14.366999,5.2344007,59369500672.0,37.221,28.386,40.511,419.00000000000006,49.21,,,
2023-05-31,1150.774169921875,-0.3270644050650473,561000,645584309.3261719,14.366999,5.2344007,59369500672.0,37.221,28.386,40.511,419.00000000000006,49.21,,,
2023-06-01,1142.27783203125,-0.7383149633261032,762400,870872619.140625,14.366999,5.2344007,59369500672.0,37.221,28.386,40.511,419.00000000000006,49.21,,,
2023-06-02,1219.6883544921875,6.776855883063293,915000,1116014844.3603516,14.366999,5.2344007,59369500672.0,37.221,28.386,40.511,419.00000000000006,49.21,,,
2023-06-05,1258.393798828125,3.173388037475555,726700,914474773.6083984,14.366999,5.2344007,59369500672.0,37.221,28.386,40.511,419.00000000000006,49.21,,,
2023-06-06,1244.2332763671875,-1.1252854610475982,503900,626969147.9614258,14.366999,5.2344007,59369500672.0,37.221,28.386,40.511,419.00000000000006,49.21,,,
2023-06-07,1265.001953125,1.6691947685607111,672000,850081312.5,14.366999,5.2344007,59369500672.0,37.221,28.386,40.511,419.00000000000006,49.21,,,
2023-06-08,1222.5205078125,-3.358211835764824,484500,592311186.0351562,14.366999,5.2344007,59369500672.0,37.221,28.386,40.511,419.00000000000006,49.21,,,
2023-06-09,1212.1361083984375,-0.8494253755009562,359400,435641717.3583984,14.366999,5.2344007,59369500672.0,37.221,28.386,40.511,419.00000000000006,49.21,,,
2023-06-12,1236.6810302734375,2.024931169440247,479600,593112222.1191406,14.366999,5.2344007,59369500672.0,37.221,28.386,40.511,419.00000000000006,49.21,,,
2023-06-13,1225.3526611328125,-0.9160299918338888,561000,687422842.8955078,14.366999,5.2344007,59369500672.0,37.221,28.386,40.511,419.00000000000006,49.21,,,
2023-06-14,1199.8636474609375,-2.080136966309021,658200,789750252.7587891,14.366999,5.2344007,59369500672.0,37.221,28.386,40.511,419.00000000000006,49.21,,,
2023-06-15,1190.4234619140625,-0.7867715274857745,356700,424624048.8647461,14.366999,5.2344007,59369500672.0,37.221,28.386,40.511,419.00000000000006,49.21,,,
2023-06-16,1203.6400146484375,1.1102396044113894,649600,781884553.515625,14.366999,5.2344007,59369500672.0,37.221,28.386,40.511,419.00000000000006,49.21,,,
2023-06-19,1218.744384765625,1.2548909917720952,547500,667262550.6591797,14.366999,5.2344007,59369500672.0,37.221,28.386,40.511,419.00000000000006,49.21,,,
2023-06-20,1174.375,-3.640581677359489,730500,857880937.5,14.366999,5.2344007,59369500672.0,37.221,28.386,40.511,419.00000000000006,49.21,,,
2023-06-21,1196.087646484375,1.848868247738156,348100,416358109.7412109,14.366999,5.2344007,59369500672.0,37.221,28.386,40.511,419.00000000000006,49.21,,,
2023-06-22,1204.583984375,0.7103440885455115,715500,861879840.8203125,14.366999,5.2344007,59369500672.0,37.221,28.386,40.511,419.00000000000006,49.21,,,
2023-06-23,1138.5015869140625,-5.485910348976164,946700,1077819452.331543,14.366999,5.2344007,59369500672.0,37.221,28.386,40.511,419.00000000000006,49.21,,,
2023-06-26,1125.2852783203125,-1.1608511350057138,737700,830122949.8168945,14.366999,5.2344007,59369500672.0,37.221,28.386,40.511,419.00000000000006,49.21,,,
2023-06-27,1079.02783203125,-4.110730601408907,575800,621304225.6835938,14.366999,5.2344007,59369500672.0,37.221,28.386,40.511,419.00000000000006,49.21,,,
2023-06-28,1099.7965087890625,1.9247582074612304,514800,566175242.7246094,14.366999,5.2344007,59369500672.0,37.221,28.386,40.511,419.00000000000006,49.21,,,
2023-06-29,1114.90087890625,1.373378620179322,451500,503377746.8261719,14.366999,5.2344007,59369500672.0,37.221,28.386,40.511,419.00000000000006,49.21,,,
2023-06-30,1113.012939453125,-0.1693369777389652,364600,405804517.7246094,14.366999,5.2344007,59369500672.0,37.221,28.386,40.511,419.00000000000006,49.21,,,
2023-07-03,1101.6844482421875,-1.0178220584303066,765400,843229276.6845703,14.366999,5.2344007,59369500672.0,37.221,28.386,40.511,419.00000000000006,49.21,,,
2023-07-04,1091.3001708984375,-0.9425818218927184,368400,402034982.9589844,14.366999,5.2344007,59369500672.0,37.221,28.386,40.511,419.00000000000006,49.21,,,
2023-07-05,1096.020263671875,0.4325201167659998,257600,282334819.921875,14.366999,5.2344007,59369500672.0,37.221,28.386,40.511,419.00000000000006,49.21,,,
2023-07-06,1072.4195556640625,-2.153309458781872,344700,369663020.8374024,14.366999,5.2344007,59369500672.0,37.221,28.386,40.511,419.00000000000006,49.21,,,
2023-07-07,1066.75537109375,-0.528168713485011,457600,488147257.8125,14.366999,5.2344007,59369500672.0,37.221,28.386,40.511,419.00000000000006,49.21,,,
2023-07-10,1081.85986328125,1.4159283934060074,568000,614496402.34375,14.366999,5.2344007,59369500672.0,37.221,28.386,40.511,419.00000000000006,49.21,,,
2023-07-11,1114.90087890625,3.0540938569240783,604100,673511620.9472656,14.366999,5.2344007,59369500672.0,37.221,28.386,40.511,419.00000000000006,49.21,,,
2023-07-12,1085.635986328125,-2.6248873897054104,446200,484410777.0996094,14.366999,5.2344007,59369500672.0,37.221,28.386,40.511,419.00000000000006,49.21,,,
2023-07-13,1121.5091552734375,3.3043459683612664,309700,347331385.3881836,14.366999,5.2344007,59369500672.0,37.221,28.386,40.511,419.00000000000006,49.21,,,
2023-07-14,1107.3486328125,-1.262631017709792,218900,242398615.72265625,14.366999,5.2344007,59369500672.0,37.221,28.386,40.511,419.00000000000006,49.21,,,
2023-07-18,1105.460693359375,-0.1704918755649598,289500,320030870.72753906,14.366999,5.2344007,59369500672.0,37.221,28.386,40.511,419.00000000000006,49.21,,,
2023-07-19,1116.7889404296875,1.0247534931239644,315400,352235231.81152344,14.366999,5.2344007,59369500672.0,37.221,28.386,40.511,419.00000000000006,49.21,,,
2023-07-20,1116.7889404296875,0.0,368500,411536724.54833984,14.366999,5.2344007,59369500672.0,37.221,28.386,40.511,419.00000000000006,49.21,,,
2023-07-21,1105.460693359375,-1.014358815726979,403500,446053389.7705078,14.366999,5.2344007,59369500672.0,37.221,28.386,40.511,419.00000000000006,49.21,,,
2023-07-24,1162.1025390625,5.123822678036305,1236300,1436707369.0429688,14.366999,5.2344007,59369500672.0,37.221,28.386,40.511,419.00000000000006,49.21,,,
2023-07-25,1062.979248046875,-8.52965101475387,2395600,2546473086.6210938,14.366999,5.2344007,59369500672.0,37.221,28.386,40.511,419.00000000000006,49.21,,,
2023-07-26,1021.4418334960938,-3.907641153588126,1651700,1687115476.385498,14.366999,5.2344007,59369500672.0,37.221,28.386,40.511,419.00000000000006,49.21,,,
2023-07-27,1082.8038330078125,6.007390484653907,1254500,1358377408.5083008,14.366999,5.2344007,59369500672.0,37.221,28.386,40.511,419.00000000000006,49.21,,,
2023-07-28,1137.5576171875,5.056667007503335,1233300,1402949809.2773438,14.366999,5.2344007,59369500672.0,37.221,28.386,40.511,419.00000000000006,49.21,,,
2023-07-31,1183.8153076171875,4.066404174239113,954700,1130188474.182129,14.366999,5.2344007,59369500672.0,37.221,28.386,40.511,419.00000000000006,49.21,,,
2023-08-01,1156.4383544921875,-2.31260340602496,558500,645870820.9838867,14.366999,5.2344007,59369500672.0,37.221,28.386,40.511,419.00000000000006,49.21,,,
2023-08-02,1164.9345703125,0.7346881731576049,457700,533190552.8320313,14.366999,5.2344007,59369500672.0,37.221,28.386,40.511,419.00000000000006,49.21,,,
2023-08-03,1142.27783203125,-1.9448936325387127,422900,483069295.1660156,14.366999,5.2344007,59369500672.0,37.221,28.386,40.511,419.00000000000006,49.21,,,
2023-08-04,1116.7889404296875,-2.231409109659166,319400,356702387.5732422,14.366999,5.2344007,59369500672.0,37.221,28.386,40.511,419.00000000000006,49.21,,,
2023-08-07,1126.2293701171875,0.8453190523061371,319600,359942906.6894531,14.366999,5.2344007,59369500672.0,37.221,28.386,40.511,419.00000000000006,49.21,,,
2023-08-08,1108.2926025390625,-1.5926389467412538,197700,219109447.52197263,14.366999,5.2344007,59369500672.0,37.221,28.386,40.511,419.00000000000006,49.21,,,
2023-08-09,1120.565185546875,1.1073414168511375,287200,321826321.2890625,14.366999,5.2344007,59369500672.0,37.221,28.386,40.511,419.00000000000006,49.21,,,
2023-08-10,1111.1248779296875,-0.8424594783908335,264300,293670305.2368164,14.366999,5.2344007,59369500672.0,37.221,28.386,40.511,419.00000000000006,49.21,,,
2023-08-14,1099.7965087890625,-1.0195405904089403,182100,200272944.25048828,14.366999,5.2344007,59369500672.0,37.221,28.386,40.511,419.00000000000006,49.21,,,
2023-08-15,1074.3074951171875,-2.3176118007448343,345500,371173239.5629883,14.366999,5.2344007,59369500672.0,37.221,28.386,40.511,419.00000000000006,49.21,,,
2023-08-16,1064.8673095703125,-0.878722860054626,176600,188055566.8701172,14.366999,5.2344007,59369500672.0,37.221,28.386,40.511,419.00000000000006,49.21,,,
2023-08-17,1054.48291015625,-0.9751824777354368,274900,289877352.0019531,14.366999,5.2344007,59369500672.0,37.221,28.386,40.511,419.00000000000006,49.21,,,
2023-08-18,1022.3858642578124,-3.0438659165828885,398400,407318528.3203125,14.366999,5.2344007,59369500672.0,37.221,28.386,40.511,419.00000000000006,49.21,,,
2023-08-21,1026.1619873046875,0.3693442152211457,257800,264544560.32714844,14.366999,5.2344007,59369500672.0,37.221,28.386,40.511,419.00000000000006,49.21,,,
2023-08-22,1022.3858642578124,-0.3679850836019849,359800,367854433.95996094,14.366999,5.2344007,59369500672.0,37.221,28.386,40.511,419.00000000000006,49.21,,,
2023-08-23,1055.427001953125,3.231767853059897,368900,389347021.0205078,14.366999,5.2344007,59369500672.0,37.221,28.386,40.511,419.00000000000006,49.21,,,
2023-08-24,1054.48291015625,-0.0894511695387678,241600,254763071.09375,14.366999,5.2344007,59369500672.0,37.221,28.386,40.511,419.00000000000006,49.21,,,
2023-08-25,1052.5948486328125,-0.1790509362695869,258900,272516806.3110352,14.366999,5.2344007,59369500672.0,37.221,28.386,40.511,419.00000000000006,49.21,,,
2023-08-28,1043.154541015625,-0.8968605185033174,279300,291353063.30566406,14.366999,5.2344007,59369500672.0,37.221,28.386,40.511,419.00000000000006,49.21,,,
2023-08-29,1058.2591552734375,1.447974740454705,302200,319805916.7236328,14.366999,5.2344007,59369500672.0,37.221,28.386,40.511,419.00000000000006,49.21,,,
2023-08-30,1030.8822021484375,-2.5869800406239984,443500,457196256.652832,14.366999,5.2344007,59369500672.0,37.221,28.386,40.511,419.00000000000006,49.21,,,
2023-08-31,1038.4344482421875,0.7326002988518487,498200,517348042.1142578,14.366999,5.2344007,59369500672.0,37.221,28.386,40.511,419.00000000000006,49.21,,,
2023-09-01,1029.9381103515625,-0.8181872148990466,280000,288382670.8984375,14.366999,5.2344007,59369500672.0,37.221,28.386,40.511,419.00000000000006,49.21,,,
2023-09-04,1027.10595703125,-0.2749828646835595,242800,249381326.3671875,14.366999,5.2344007,59369500672.0,37.221,28.386,40.511,419.00000000000006,49.21,,,
2023-09-05,1038.4344482421875,1.1029525370178428,302000,313607203.3691406,14.366999,5.2344007,59369500672.0,37.221,28.386,40.511,419.00000000000006,49.21,,,
2023-09-06,1043.154541015625,0.4545393097684203,229100,238986705.3466797,14.366999,5.2344007,59369500672.0,37.221,28.386,40.511,419.00000000000006,49.21,,,
2023-09-07,996.8970336914062,-4.434386805159473,640200,638213480.9692383,14.366999,5.2344007,59369500672.0,37.221,28.386,40.511,419.00000000000006,49.21,,,
2023-09-08,981.79248046875,-1.5151568027768736,432800,424919785.546875,14.366999,5.2344007,59369500672.0,37.221,28.386,40.511,419.00000000000006,49.21,,,
2023-09-11,962.9119262695312,-1.9230697499541205,313300,301680306.50024414,14.366999,5.2344007,59369500672.0,37.221,28.386,40.511,419.00000000000006,49.21,,,
2023-09-12,977.0723876953124,1.470587396361478,390100,381155938.4399414,14.366999,5.2344007,59369500672.0,37.221,28.386,40.511,419.00000000000006,49.21,,,
2023-09-13,968.5760498046876,-0.8695709752545411,550300,533007400.20751953,14.366999,5.2344007,59369500672.0,37.221,28.386,40.511,419.00000000000006,49.21,,,
2023-09-14,946.8633422851562,-2.241714269510342,555100,525603841.30249023,14.366999,5.2344007,59369500672.0,37.221,28.386,40.511,419.00000000000006,49.21,,,
2023-09-15,955.359619140625,0.8973076130462276,570700,545223734.6435547,14.366999,5.2344007,59369500672.0,37.221,28.386,40.511,419.00000000000006,49.21,,,
2023-09-19,960.079833984375,0.4940772824369555,304500,292344309.4482422,14.366999,5.2344007,59369500672.0,37.221,28.386,40.511,419.00000000000006,49.21,,,
2023-09-20,958.1917114257812,-0.1966630786064849,325000,311412306.2133789,14.366999,5.2344007,59369500672.0,37.221,28.386,40.511,419.00000000000006,49.21,,,
2023-09-21,951.58349609375,-0.6896548209750497,496000,471985414.0625,14.366999,5.2344007,59369500672.0,37.221,28.386,40.511,419.00000000000006,49.21,,,
2023-09-22,963.8558959960938,1.2896818779142285,337800,325590521.66748047,14.366999,5.2344007,59369500672.0,37.221,28.386,40.511,419.00000000000006,49.21,,,
2023-09-25,970.4641723632812,0.6856083357106302,376500,365379760.8947754,14.366999,5.2344007,59369500672.0,37.221,28.386,40.511,419.00000000000006,49.21,,,
2023-09-26,974.2402954101562,0.3891048381187811,432300,421164079.70581055,14.366999,5.2344007,59369500672.0,37.221,28.386,40.511,419.00000000000006,49.21,,,
2023-09-27,986.5126953125,1.259689212216064,456900,450737650.4882813,14.366999,5.2344007,59369500672.0,37.221,28.386,40.511,419.00000000000006,49.21,,,
2023-09-28,981.7330932617188,-0.4844947331637983,321500,315627189.4836426,14.366999,5.2344007,59369500672.0,37.221,28.386,40.511,419.00000000000006,49.21,,,
2023-09-29,989.3804321289062,0.7789631336333924,284700,281676609.0270996,14.366999,5.2344007,59369500672.0,37.221,28.386,40.511,419.00000000000006,49.21,,,
2023-10-02,960.7027587890624,-2.898548668294998,363000,348735101.4404297,14.366999,5.2344007,59369500672.0,37.221,28.386,40.511,419.00000000000006,49.21,,,
2023-10-03,925.3336181640624,-3.6815904088359,522400,483394282.1289063,14.366999,5.2344007,59369500672.0,37.221,28.386,40.511,419.00000000000006,49.21,,,
2023-10-04,932.98095703125,0.8264412658388398,563500,525734769.2871094,14.366999,5.2344007,59369500672.0,37.221,28.386,40.511,419.00000000000006,49.21,,,
2023-10-05,938.716552734375,0.6147602113311779,374500,351549348.99902344,14.366999,5.2344007,59369500672.0,37.221,28.386,40.511,419.00000000000006,49.21,,,
2023-10-06,896.6559448242188,-4.480650499625094,624900,560320299.9206543,14.366999,5.2344007,59369500672.0,37.221,28.386,40.511,419.00000000000006,49.21,,,
2023-10-10,920.5540161132812,2.6652442809318,484900,446376642.4133301,14.366999,5.2344007,59369500672.0,37.221,28.386,40.511,419.00000000000006,49.21,,,
2023-10-11,889.9644775390625,-3.322948793746228,837000,744900267.7001953,14.366999,5.2344007,59369500672.0,37.221,28.386,40.511,419.00000000000006,49.21,,,
2023-10-12,905.2592163085938,1.7185785675204013,384300,347891116.8273926,14.366999,5.2344007,59369500672.0,37.221,28.386,40.511,419.00000000000006,49.21,,,
2023-10-13,865.1104736328125,-4.435054838712071,414000,358155736.0839844,14.366999,5.2344007,59369500672.0,37.221,28.386,40.511,419.00000000000006,49.21,,,
2023-10-16,865.1104736328125,0.0,357400,309190483.2763672,14.366999,5.2344007,59369500672.0,37.221,28.386,40.511,419.00000000000006,49.21,,,
2023-10-17,861.2868041992188,-0.441986260730054,352600,303689727.16064453,14.366999,5.2344007,59369500672.0,37.221,28.386,40.511,419.00000000000006,49.21,,,
2023-10-18,859.3749389648438,-0.2219777691999547,514800,442406218.5791016,14.366999,5.2344007,59369500672.0,37.221,28.386,40.511,419.00000000000006,49.21,,,
2023-10-19,833.5650024414062,-3.003338281487089,313700,261489341.2658692,14.366999,5.2344007,59369500672.0,37.221,28.386,40.511,419.00000000000006,49.21,,,
2023-10-20,814.446533203125,-2.293578686999298,461300,375704185.7666016,14.366999,5.2344007,59369500672.0,37.221,28.386,40.511,419.00000000000006,49.21,,,
2023-10-23,803.931396484375,-1.2910775956520015,470600,378330115.1855469,14.366999,5.2344007,59369500672.0,37.221,28.386,40.511,419.00000000000006,49.21,,,
2023-10-24,812.53466796875,1.0701499558292582,420800,341914588.28125,14.366999,5.2344007,59369500672.0,37.221,28.386,40.511,419.00000000000006,49.21,,,
2023-10-25,848.8597412109375,4.470587492961542,642700,545562155.6762695,14.366999,5.2344007,59369500672.0,37.221,28.386,40.511,419.00000000000006,49.21,,,
2023-10-26,802.9754638671875,-5.405401518782593,656800,527394284.6679688,14.366999,5.2344007,59369500672.0,37.221,28.386,40.511,419.00000000000006,49.21,,,
2023-10-27,823.0498046875,2.499994299157416,236600,194733583.7890625,14.366999,5.2344007,59369500672.0,37.221,28.386,40.511,419.00000000000006,49.21,,,
2023-10-30,808.7109985351562,-1.7421553435381654,272800,220616360.40039065,14.366999,5.2344007,59369500672.0,37.221,28.386,40.511,419.00000000000006,49.21,,,
2023-10-31,841.21240234375,4.018914527867756,423700,356421694.8730469,14.366999,5.2344007,59369500672.0,37.221,28.386,40.511,419.00000000000006,49.21,,,
2023-11-01,831.6531372070312,-1.1363675939733089,463800,385720725.0366211,14.366999,5.2344007,59369500672.0,37.221,28.386,40.511,419.00000000000006,49.21,,,
2023-11-02,865.1104736328125,4.0229916691160605,499500,432122681.5795898,14.366999,5.2344007,59369500672.0,37.221,28.386,40.511,419.00000000000006,49.21,,,
2023-11-06,924.377685546875,6.850825844840935,915400,846175333.3496094,14.366999,5.2344007,59369500672.0,37.221,28.386,40.511,419.00000000000006,49.21,,,
2023-11-07,948.2757568359376,2.585314602756128,1460200,1384672260.131836,14.366999,5.2344007,59369500672.0,37.221,28.386,40.511,419.00000000000006,49.21,,,
2023-11-08,1024.7496337890625,8.064518828182576,1224900,1255215826.428223,14.366999,5.2344007,59369500672.0,37.221,28.386,40.511,419.00000000000006,49.21,,,
2023-11-09,1029.529296875,0.4664225219836782,584000,601245109.375,14.366999,5.2344007,59369500672.0,37.221,28.386,40.511,419.00000000000006,49.21,,,
2023-11-10,991.2922973632812,-3.714027335383474,436100,432302570.88012695,14.366999,5.2344007,59369500672.0,37.221,28.386,40.511,419.00000000000006,49.21,,,
2023-11-13,974.085693359375,-1.7357750130485017,406800,396258060.05859375,14.366999,5.2344007,59369500672.0,37.221,28.386,40.511,419.00000000000006,49.21,,,
2023-11-14,930.1132202148438,-4.514230467021985,574000,533884988.4033203,14.366999,5.2344007,59369500672.0,37.221,28.386,40.511,419.00000000000006,49.21,,,
2023-11-15,963.5704956054688,3.597118572607405,495000,476967395.32470703,14.366999,5.2344007,59369500672.0,37.221,28.386,40.511,419.00000000000006,49.21,,,
2023-11-16,927.2454833984376,-3.769834420283502,620400,575263097.9003906,14.366999,5.2344007,59369500672.0,37.221,28.386,40.511,419.00000000000006,49.21,,,
2023-11-17,931.0691528320312,0.4123686232020862,472000,439464640.1367188,14.366999,5.2344007,59369500672.0,37.221,28.386,40.511,419.00000000000006,49.21,,,
2023-11-20,941.5843505859376,1.129368073458581,526100,495367526.8432617,14.366999,5.2344007,59369500672.0,37.221,28.386,40.511,419.00000000000006,49.21,,,
2023-11-21,937.7606201171876,-0.4060953717391902,373300,350066039.4897461,14.366999,5.2344007,59369500672.0,37.221,28.386,40.511,419.00000000000006,49.21,,,
2023-11-22,942.540283203125,0.5096890382686681,330800,311792325.6835937,14.366999,5.2344007,59369500672.0,37.221,28.386,40.511,419.00000000000006,49.21,,,
2023-11-24,951.1435546875,0.9127749378665896,341000,324339952.1484375,14.366999,5.2344007,59369500672.0,37.221,28.386,40.511,419.00000000000006,49.21,,,
2023-11-27,936.8046875,-1.5075397522102851,256100,239915680.46875,14.366999,5.2344007,59369500672.0,37.221,28.386,40.511,419.00000000000006,49.21,,,
2023-11-28,926.28955078125,-1.1224470649064733,310300,287427647.6074219,14.366999,5.2344007,59369500672.0,37.221,28.386,40.511,419.00000000000006,49.21,,,
2023-11-29,940.62841796875,1.5479897377020269,296100,278520074.5605469,14.366999,5.2344007,59369500672.0,37.221,28.386,40.511,419.00000000000006,49.21,,,
2023-11-30,912.9066162109376,-2.9471575840411712,409100,373470096.6918945,14.366999,5.2344007,59369500672.0,37.221,28.386,40.511,419.00000000000006,49.21,,,
2023-12-01,874.669677734375,-4.188483005552824,835900,731136383.6181641,14.366999,5.2344007,59369500672.0,37.221,28.386,40.511,419.00000000000006,49.21,,,
2023-12-04,871.8019409179688,-0.3278651231896412,788100,687067109.6374512,14.366999,5.2344007,59369500672.0,37.221,28.386,40.511,419.00000000000006,49.21,,,
2023-12-05,859.3749389648438,-1.4254386655803808,615600,529031212.4267578,14.366999,5.2344007,59369500672.0,37.221,28.386,40.511,419.00000000000006,49.21,,,
2023-12-06,860.3308715820312,0.1112358033548144,425800,366328885.1196289,14.366999,5.2344007,59369500672.0,37.221,28.386,40.511,419.00000000000006,49.21,,,
2023-12-07,823.0498046875,-4.333340593250645,412500,339508044.4335937,14.366999,5.2344007,59369500672.0,37.221,28.386,40.511,419.00000000000006,49.21,,,
2023-12-08,788.6365966796875,-4.181181723368333,544500,429412626.8920898,14.366999,5.2344007,59369500672.0,37.221,28.386,40.511,419.00000000000006,49.21,,,
2023-12-11,784.8129272460938,-0.4848455485951475,536800,421287579.3457031,14.366999,5.2344007,59369500672.0,37.221,28.386,40.511,419.00000000000006,49.21,,,
2023-12-12,783.8569946289062,-0.1218038826834688,406300,318481096.9177246,14.366999,5.2344007,59369500672.0,37.221,28.386,40.511,419.00000000000006,49.21,,,
2023-12-13,779.077392578125,-0.6097543408468242,388000,302282028.3203125,14.366999,5.2344007,59369500672.0,37.221,28.386,40.511,419.00000000000006,49.21,,,
2023-12-14,779.077392578125,0.0,343300,267457268.8720703,14.366999,5.2344007,59369500672.0,37.221,28.386,40.511,419.00000000000006,49.21,,,
2023-12-15,791.5043334960938,1.5950842671541787,456500,361321728.2409668,14.366999,5.2344007,59369500672.0,37.221,28.386,40.511,419.00000000000006,49.21,,,
2023-12-18,779.077392578125,-1.5700407934696514,435900,339599835.4248047,14.366999,5.2344007,59369500672.0,37.221,28.386,40.511,419.00000000000006,49.21,,,
2023-12-19,807.7550659179688,3.680978759368636,448700,362439698.0773926,14.366999,5.2344007,59369500672.0,37.221,28.386,40.511,419.00000000000006,49.21,,,
2023-12-20,822.0938720703125,1.7751428319485063,432100,355226762.12158203,14.366999,5.2344007,59369500672.0,37.221,28.386,40.511,419.00000000000006,49.21,,,
2023-12-21,803.931396484375,-2.209294607706802,327400,263207139.2089844,14.366999,5.2344007,59369500672.0,37.221,28.386,40.511,419.00000000000006,49.21,,,
2023-12-22,799.1517944335938,-0.5945285968034897,215400,172137296.5209961,14.366999,5.2344007,59369500672.0,37.221,28.386,40.511,419.00000000000006,49.21,,,
2023-12-25,796.283935546875,-0.3588628476710598,248400,197796929.5898437,14.366999,5.2344007,59369500672.0,37.221,28.386,40.511,419.00000000000006,49.21,,,
2023-12-26,798.1958618164062,0.2401060958511225,257100,205216156.07299805,14.366999,5.2344007,59369500672.0,37.221,28.386,40.511,419.00000000000006,49.21,,,
2023-12-27,830.697265625,4.071858219689628,590800,490775944.53125,14.366999,5.2344007,59369500672.0,37.221,28.386,40.511,419.00000000000006,49.21,,,
2023-12-28,844.0801391601562,1.611041000007063,253300,213805499.2492676,14.366999,5.2344007,59369500672.0,37.221,28.386,40.511,419.00000000000006,49.21,,,
2023-12-29,845.0360717773438,0.1132514050311117,300400,253848835.9619141,14.366999,5.2344007,59369500672.0,37.221,28.386,40.511,419.00000000000006,49.21,,,
2024-01-04,847.90380859375,0.3393626511557723,320500,271753170.6542969,14.366999,5.2344007,59369500672.0,37.221,28.386,40.511,419.00000000000006,49.21,,,
2024-01-05,812.53466796875,-4.171362395890144,408300,331757904.9316406,14.366999,5.2344007,59369500672.0,37.221,28.386,40.511,419.00000000000006,49.21,,,
2024-01-09,835.4768676757812,2.8235348732115417,393700,328927242.8039551,14.366999,5.2344007,59369500672.0,37.221,28.386,40.511,419.00000000000006,49.21,,,
2024-01-10,860.3308715820312,2.9748284923066137,500800,430853700.4882813,14.366999,5.2344007,59369500672.0,37.221,28.386,40.511,419.00000000000006,49.21,,,
2024-01-11,833.5650024414062,-3.111113412843858,420000,350097301.0253906,14.366999,5.2344007,59369500672.0,37.221,28.386,40.511,419.00000000000006,49.21,,,
2024-01-12,803.931396484375,-3.555044402084806,617600,496508030.46875,14.366999,5.2344007,59369500672.0,37.221,28.386,40.511,419.00000000000006,49.21,,,
2024-01-15,788.6365966796875,-1.9025006202733616,116100,91560708.87451172,14.366999,5.2344007,59369500672.0,37.221,28.386,40.511,419.00000000000006,49.21,,,
2024-01-16,767.6062622070312,-2.666669865588034,419400,321934066.3696289,14.366999,5.2344007,59369500672.0,37.221,28.386,40.511,419.00000000000006,49.21,,,
2024-01-17,757.0911254882812,-1.369860726320382,587700,444942454.4494629,14.366999,5.2344007,59369500672.0,37.221,28.386,40.511,419.00000000000006,49.21,,,
2024-01-18,741.79638671875,-2.0201978671546272,502900,373049402.8808594,14.366999,5.2344007,59369500672.0,37.221,28.386,40.511,419.00000000000006,49.21,,,
2024-01-19,740.8403930664062,-0.1288754797758584,378900,280704424.9328613,14.366999,5.2344007,59369500672.0,37.221,28.386,40.511,419.00000000000006,49.21,,,
2024-01-22,762.82666015625,2.967746804253024,385700,294222242.8222656,14.366999,5.2344007,59369500672.0,37.221,28.386,40.511,419.00000000000006,49.21,,,
2024-01-23,777.16552734375,1.879701895128183,640800,498007669.921875,14.366999,5.2344007,59369500672.0,37.221,28.386,40.511,419.00000000000006,49.21,,,
2024-01-24,807.7550659179688,3.936039041614437,1118200,903231714.7094728,14.366999,5.2344007,59369500672.0,37.221,28.386,40.511,419.00000000000006,49.21,,,
2024-01-25,801.0636596679688,-0.8283954545547312,726300,581812536.0168457,14.366999,5.2344007,59369500672.0,37.221,28.386,40.511,419.00000000000006,49.21,,,
2024-01-26,799.1517944335938,-0.2386658302746425,911900,728746521.3439941,14.366999,5.2344007,59369500672.0,37.221,28.386,40.511,419.00000000000006,49.21,,,
2024-01-29,791.5043334960938,-0.9569472271435232,1066100,843822769.9401855,14.366999,5.2344007,59369500672.0,37.221,28.386,40.511,419.00000000000006,49.21,,,
2024-01-30,812.53466796875,2.657008127771676,1320200,1072708268.6523438,14.366999,5.2344007,59369500672.0,37.221,28.386,40.511,419.00000000000006,49.21,,,
2024-01-31,803.931396484375,-1.058819004717948,1156400,929666266.8945312,14.366999,5.2344007,59369500672.0,37.221,28.386,40.511,419.00000000000006,49.21,,,
2024-02-01,780.0333251953125,-2.972650576102609,839900,655149989.831543,14.366999,5.2344007,59369500672.0,37.221,28.386,40.511,419.00000000000006,49.21,,,
2024-02-02,790.5484619140625,1.3480368567736711,545900,431560405.3588867,14.366999,5.2344007,59369500672.0,37.221,28.386,40.511,419.00000000000006,49.21,,,
2024-02-05,788.6365966796875,-0.2418403584956707,542300,427677626.3793945,14.366999,5.2344007,59369500672.0,37.221,28.386,40.511,419.00000000000006,49.21,,,
2024-02-06,780.0333251953125,-1.0909044191705577,578900,451561291.9555664,14.366999,5.2344007,59369500672.0,37.221,28.386,40.511,419.00000000000006,49.21,,,
2024-02-07,744.6641845703125,-4.534311481646491,945600,704154452.9296875,14.366999,5.2344007,59369500672.0,37.221,28.386,40.511,419.00000000000006,49.21,,,
2024-02-08,718.854248046875,-3.4659833329207856,648900,466464521.5576172,14.366999,5.2344007,59369500672.0,37.221,28.386,40.511,419.00000000000006,49.21,,,
2024-02-09,722.6779174804688,0.5319116418916137,454400,328384845.703125,14.366999,5.2344007,59369500672.0,37.221,28.386,40.511,419.00000000000006,49.21,,,
2024-02-13,730.3253173828125,1.0582030690802655,570700,416796658.6303711,14.366999,5.2344007,59369500672.0,37.221,28.386,40.511,419.00000000000006,49.21,,,
2024-02-14,702.603515625,-3.7958155219315337,492200,345821450.390625,14.366999,5.2344007,59369500672.0,37.221,28.386,40.511,419.00000000000006,49.21,,,
2024-02-15,707.3831176757812,0.6802701587010462,399100,282316602.2644043,14.366999,5.2344007,59369500672.0,37.221,28.386,40.511,419.00000000000006,49.21,,,
2024-02-16,711.206787109375,0.5405372757773863,498600,354607704.0527344,14.366999,5.2344007,59369500672.0,37.221,28.386,40.511,419.00000000000006,49.21,,,
2024-02-19,756.1351928710938,6.31720711557402,672500,508500917.20581055,14.366999,5.2344007,59369500672.0,37.221,28.386,40.511,419.00000000000006,49.21,,,
2024-02-20,764.738525390625,1.137803477558541,645500,493638718.1396485,14.366999,5.2344007,59369500672.0,37.221,28.386,40.511,419.00000000000006,49.21,,,
2024-02-21,766.6503295898438,0.2499944929859721,418500,320843162.9333496,14.366999,5.2344007,59369500672.0,37.221,28.386,40.511,419.00000000000006,49.21,,,
2024-02-22,780.9892578125,1.8703348409603529,772400,603236102.734375,14.366999,5.2344007,59369500672.0,37.221,28.386,40.511,419.00000000000006,49.21,,,
2024-02-26,790.5484619140625,1.223986630537932,738600,583899093.9697266,14.366999,5.2344007,59369500672.0,37.221,28.386,40.511,419.00000000000006,49.21,,,
2024-02-27,810.6228637695312,2.53930060237737,675400,547494682.1899414,14.366999,5.2344007,59369500672.0,37.221,28.386,40.511,419.00000000000006,49.21,,,
2024-02-28,849.815673828125,4.834900643727291,911500,774606986.6943359,14.366999,5.2344007,59369500672.0,37.221,28.386,40.511,419.00000000000006,49.21,,,
2024-02-29,842.1682739257812,-0.899889251029562,631500,531829264.98413086,14.366999,5.2344007,59369500672.0,37.221,28.386,40.511,419.00000000000006,49.21,,,
2024-03-01,844.0801391601562,0.2270170099691437,807300,681425896.3439941,14.366999,5.2344007,59369500672.0,37.221,28.386,40.511,419.00000000000006,49.21,,,
2024-03-04,873.7137451171875,3.510757401129716,828900,724221323.3276367,14.366999,5.2344007,59369500672.0,37.221,28.386,40.511,419.00000000000006,49.21,,,
2024-03-05,875.6256103515625,0.218820551360177,1119300,980087745.666504,14.366999,5.2344007,59369500672.0,37.221,28.386,40.511,419.00000000000006,49.21,,,
2024-03-06,865.1104736328125,-1.2008713078330624,589700,510155646.30126953,14.366999,5.2344007,59369500672.0,37.221,28.386,40.511,419.00000000000006,49.21,,,
2024-03-07,836.4328002929688,-3.3149145934413538,690800,577807778.4423828,14.366999,5.2344007,59369500672.0,37.221,28.386,40.511,419.00000000000006,49.21,,,
2024-03-08,805.84326171875,-3.65714239846936,802700,646850386.1816406,14.366999,5.2344007,59369500672.0,37.221,28.386,40.511,419.00000000000006,49.21,,,
2024-03-11,786.7247314453125,-2.3724874527908058,587000,461807417.3583984,14.366999,5.2344007,59369500672.0,37.221,28.386,40.511,419.00000000000006,49.21,,,
2024-03-12,813.4906005859375,3.402189872873662,444900,361921968.2006836,14.366999,5.2344007,59369500672.0,37.221,28.386,40.511,419.00000000000006,49.21,,,
2024-03-13,813.4906005859375,0.0,426200,346709693.96972656,14.366999,5.2344007,59369500672.0,37.221,28.386,40.511,419.00000000000006,49.21,,,
2024-03-14,779.077392578125,-4.230314152741965,449900,350506918.92089844,14.366999,5.2344007,59369500672.0,37.221,28.386,40.511,419.00000000000006,49.21,,,
2024-03-15,783.8569946289062,0.6134951541803213,337700,264708507.08618164,14.366999,5.2344007,59369500672.0,37.221,28.386,40.511,419.00000000000006,49.21,,,
2024-03-18,820.1820678710938,4.634145448862714,318600,261310006.82373047,14.366999,5.2344007,59369500672.0,37.221,28.386,40.511,419.00000000000006,49.21,,,
2024-03-19,824.0057373046875,0.4661976387168032,307200,253134562.5,14.366999,5.2344007,59369500672.0,37.221,28.386,40.511,419.00000000000006,49.21,,,
2024-03-21,828.785400390625,0.5800521609924392,380900,315684359.00878906,14.366999,5.2344007,59369500672.0,37.221,28.386,40.511,419.00000000000006,49.21,,,
2024-03-22,866.06640625,4.498270100052881,561000,485863253.90625,14.366999,5.2344007,59369500672.0,37.221,28.386,40.511,419.00000000000006,49.21,,,
2024-03-25,858.4190063476562,-0.8830038721229672,367000,315039775.32958984,14.366999,5.2344007,59369500672.0,37.221,28.386,40.511,419.00000000000006,49.21,,,
2024-03-26,868.9341430664062,1.2249422066607174,487900,423952968.4020996,14.366999,5.2344007,59369500672.0,37.221,28.386,40.511,419.00000000000006,49.21,,,
2024-03-27,869.8900756835938,0.1100120906532886,490100,426333126.0925293,14.366999,5.2344007,59369500672.0,37.221,28.386,40.511,419.00000000000006,49.21,,,
2024-03-28,866.06640625,-0.4395577717781096,316200,273850197.65625,14.366999,5.2344007,59369500672.0,37.221,28.386,40.511,419.00000000000006,49.21,,,
2024-03-29,867.9782104492188,0.2207456824814047,195800,169950133.60595703,14.366999,5.2344007,59369500672.0,37.221,28.386,40.511,419.00000000000006,49.21,,,
2024-04-01,869.8900756835938,0.2202665010894167,284600,247570715.5395508,14.366999,5.2344007,59369500672.0,37.221,28.386,40.511,419.00000000000006,49.21,,,
2024-04-02,824.0057373046875,-5.2747283434459895,586700,483444166.07666016,14.366999,5.2344007,59369500672.0,37.221,28.386,40.511,419.00000000000006,49.21,,,
2024-04-03,818.2702026367188,-0.6960551860633379,367900,301041607.5500488,14.366999,5.2344007,59369500672.0,37.221,28.386,40.511,419.00000000000006,49.21,,,
2024-04-04,823.0498046875,0.5841104851893597,586400,482636405.46875,14.366999,5.2344007,59369500672.0,37.221,28.386,40.511,419.00000000000006,49.21,,,
2024-04-05,790.5484619140625,-3.948891377937669,436200,344837239.08691406,14.366999,5.2344007,59369500672.0,37.221,28.386,40.511,419.00000000000006,49.21,,,
2024-04-08,793.4161987304688,0.3627528171344485,593700,471051197.1862793,14.366999,5.2344007,59369500672.0,37.221,28.386,40.511,419.00000000000006,49.21,,,
2024-04-09,812.53466796875,2.409639388365448,390300,317132280.9082031,14.366999,5.2344007,59369500672.0,37.221,28.386,40.511,419.00000000000006,49.21,,,
2024-04-10,787.6806640625,-3.058823812205125,301900,237800792.48046875,14.366999,5.2344007,59369500672.0,37.221,28.386,40.511,419.00000000000006,49.21,,,
2024-04-11,760.914794921875,-3.398060960717097,553300,421014156.03027344,14.366999,5.2344007,59369500672.0,37.221,28.386,40.511,419.00000000000006,49.21,,,
2024-04-12,767.6062622070312,0.8793977104681217,331300,254307954.66918945,14.366999,5.2344007,59369500672.0,37.221,28.386,40.511,419.00000000000006,49.21,,,
2024-04-15,742.7523193359375,-3.237850457294777,365400,271401697.4853516,14.366999,5.2344007,59369500672.0,37.221,28.386,40.511,419.00000000000006,49.21,,,
2024-04-16,744.6641845703125,0.2574027956027569,298000,221909927.00195312,14.366999,5.2344007,59369500672.0,37.221,28.386,40.511,419.00000000000006,49.21,,,
2024-04-17,720.7660522460938,-3.2092495945683863,435200,313677385.9375,14.366999,5.2344007,59369500672.0,37.221,28.386,40.511,419.00000000000006,49.21,,,
2024-04-18,707.3831176757812,-1.8567653857458728,612800,433484374.5117188,14.366999,5.2344007,59369500672.0,37.221,28.386,40.511,419.00000000000006,49.21,,,
2024-04-19,669.146240234375,-5.405398642681714,817300,546893222.1435547,14.366999,5.2344007,59369500672.0,37.221,28.386,40.511,419.00000000000006,49.21,,,
2024-04-22,706.4271850585938,5.57141960644667,732600,517528555.7739258,14.366999,5.2344007,59369500672.0,37.221,28.386,40.511,419.00000000000006,49.21,,,
2024-04-23,684.4409790039062,-3.112310301714094,575400,393827339.31884766,14.366999,5.2344007,59369500672.0,37.221,28.386,40.511,419.00000000000006,49.21,,,
2024-04-24,693.0443115234375,1.256986764885415,487200,337651188.57421875,14.366999,5.2344007,59369500672.0,37.221,28.386,40.511,419.00000000000006,49.21,,,
2024-04-25,688.2647094726562,-0.6896531681033213,449000,309030854.55322266,14.366999,5.2344007,59369500672.0,37.221,28.386,40.511,419.00000000000006,49.21,,,
2024-04-26,744.6641845703125,8.194445294292251,1192800,888235439.3554688,14.366999,5.2344007,59369500672.0,37.221,28.386,40.511,419.00000000000006,49.21,,,
2024-04-30,738.9285888671875,-0.7702258040561683,612100,452298189.2456055,14.366999,5.2344007,59369500672.0,37.221,28.386,40.511,419.00000000000006,49.21,,,
2024-05-01,763.7825927734375,3.363519057281628,882700,674190894.6411133,14.366999,5.2344007,59369500672.0,37.221,28.386,40.511,419.00000000000006,49.21,,,
2024-05-02,744.6641845703125,-2.503121750091541,632800,471223495.99609375,14.366999,5.2344007,59369500672.0,37.221,28.386,40.511,419.00000000000006,49.21,,,
2024-05-07,787.6806640625,5.776627959757308,863200,679925949.21875,14.366999,5.2344007,59369500672.0,37.221,28.386,40.511,419.00000000000006,49.21,,,
2024-05-08,931.0691528320312,18.20388582728416,2590300,2411748426.5808105,14.366999,5.2344007,59369500672.0,37.221,28.386,40.511,419.00000000000006,49.21,,,
2024-05-09,866.06640625,-6.981516505440277,2681300,2322183855.078125,14.366999,5.2344007,59369500672.0,37.221,28.386,40.511,419.00000000000006,49.21,,,
2024-05-10,878.4933471679688,1.4348716020260444,1082600,951056897.644043,14.366999,5.2344007,59369500672.0,37.221,28.386,40.511,419.00000000000006,49.21,,,
2024-05-13,832.6090698242188,-5.2230648634584265,1420400,1182637922.7783203,14.366999,5.2344007,59369500672.0,37.221,28.386,40.511,419.00000000000006,49.21,,,
2024-05-14,896.6559448242188,7.692310511765332,1164200,1043886850.9643556,14.366999,5.2344007,59369500672.0,37.221,28.386,40.511,419.00000000000006,49.21,,,
2024-05-15,905.2592163085938,0.959484129228816,877400,794274436.3891602,14.366999,5.2344007,59369500672.0,37.221,28.386,40.511,419.00000000000006,49.21,,,
2024-05-16,931.0691528320312,2.8511100531716904,719400,669811148.5473633,14.366999,5.2344007,59369500672.0,37.221,28.386,40.511,419.00000000000006,49.21,,,
2024-05-17,927.2454833984376,-0.4106751278316278,689900,639706658.996582,14.366999,5.2344007,59369500672.0,37.221,28.386,40.511,419.00000000000006,49.21,,,
2024-05-20,977.909423828125,5.463918815112434,946900,925982433.4228516,14.366999,5.2344007,59369500672.0,37.221,28.386,40.511,419.00000000000006,49.21,,,
2024-05-21,967.394287109375,-1.0752669380756583,602900,583242015.6982422,14.366999,5.2344007,59369500672.0,37.221,28.386,40.511,419.00000000000006,49.21,,,
2024-05-22,932.0250854492188,-3.656130921120204,719300,670405643.963623,14.366999,5.2344007,59369500672.0,37.221,28.386,40.511,419.00000000000006,49.21,,,
2024-05-23,909.0829467773438,-2.46153660776387,648100,589176657.8063965,14.366999,5.2344007,59369500672.0,37.221,28.386,40.511,419.00000000000006,49.21,,,
2024-05-24,888.0526123046875,-2.3133570536338577,747600,663908132.9589844,14.366999,5.2344007,59369500672.0,37.221,28.386,40.511,419.00000000000006,49.21,,,
2024-05-27,884.2289428710938,-0.430567894358258,339100,299842034.5275879,14.366999,5.2344007,59369500672.0,37.221,28.386,40.511,419.00000000000006,49.21,,,
2024-05-28,914.8184814453124,3.459459093806005,432100,395293065.83251953,14.366999,5.2344007,59369500672.0,37.221,28.386,40.511,419.00000000000006,49.21,,,
2024-05-29,885.1848754882812,-3.239288072778479,545500,482868349.5788574,14.366999,5.2344007,59369500672.0,37.221,28.386,40.511,419.00000000000006,49.21,,,
2024-05-30,894.7440795898438,1.0799104646121993,864000,773058884.765625,14.366999,5.2344007,59369500672.0,37.221,28.386,40.511,419.00000000000006,49.21,,,
2024-05-31,923.4217529296876,3.2051258001047467,489800,452291974.58496094,14.366999,5.2344007,59369500672.0,37.221,28.386,40.511,419.00000000000006,49.21,,,
2024-06-03,915.7744140625,-0.8281523413245617,515500,472081710.4492188,14.366999,5.2344007,59369500672.0,37.221,28.386,40.511,419.00000000000006,49.21,,,
2024-06-04,912.9066162109376,-0.3131554897718214,479800,438012594.4580078,14.366999,5.2344007,59369500672.0,37.221,28.386,40.511,419.00000000000006,49.21,,,
2024-06-05,895.7000122070312,-1.8848153467572737,590500,528910857.208252,14.366999,5.2344007,59369500672.0,37.221,28.386,40.511,419.00000000000006,49.21,,,
2024-06-06,872.7578125,-2.5613709271367524,661300,577154741.40625,14.366999,5.2344007,59369500672.0,37.221,28.386,40.511,419.00000000000006,49.21,,,
2024-06-07,883.2730102539062,1.2048242482969762,432200,381750595.0317383,14.366999,5.2344007,59369500672.0,37.221,28.386,40.511,419.00000000000006,49.21,,,
2024-06-10,864.154541015625,-2.1645028226080942,505600,436916535.9375,14.366999,5.2344007,59369500672.0,37.221,28.386,40.511,419.00000000000006,49.21,,,
2024-06-11,871.8019409179688,0.8849574398296811,328400,286299757.39746094,14.366999,5.2344007,59369500672.0,37.221,28.386,40.511,419.00000000000006,49.21,,,
2024-06-12,868.9341430664062,-0.3289506156114785,337600,293352166.69921875,14.366999,5.2344007,59369500672.0,37.221,28.386,40.511,419.00000000000006,49.21,,,
2024-06-13,868.9341430664062,0.0,419700,364691659.8449707,14.366999,5.2344007,59369500672.0,37.221,28.386,40.511,419.00000000000006,49.21,,,
2024-06-14,857.4630737304688,-1.320131039558059,461700,395890701.1413574,14.366999,5.2344007,59369500672.0,37.221,28.386,40.511,419.00000000000006,49.21,,,
2024-06-17,851.7275390625,-0.6688958211361618,262900,223919170.01953125,14.366999,5.2344007,59369500672.0,37.221,28.386,40.511,419.00000000000006,49.21,,,
2024-06-18,856.5072021484375,0.5611727772943054,206500,176868737.24365234,14.366999,5.2344007,59369500672.0,37.221,28.386,40.511,419.00000000000006,49.21,,,
2024-06-19,843.1242065429688,-1.5625082394986611,217000,182957952.81982425,14.366999,5.2344007,59369500672.0,37.221,28.386,40.511,419.00000000000006,49.21,,,
2024-06-20,838.3446044921875,-0.5668918071251805,453100,379853940.29541016,14.366999,5.2344007,59369500672.0,37.221,28.386,40.511,419.00000000000006,49.21,,,
2024-06-21,829.7413330078125,-1.0262213698609357,583200,483905145.41015625,14.366999,5.2344007,59369500672.0,37.221,28.386,40.511,419.00000000000006,49.21,,,
2024-06-24,818.2702026367188,-1.382494750443597,518100,423945791.986084,14.366999,5.2344007,59369500672.0,37.221,28.386,40.511,419.00000000000006,49.21,,,
2024-06-25,811.5787353515625,-0.8177576628837668,519900,421939784.5092773,14.366999,5.2344007,59369500672.0,37.221,28.386,40.511,419.00000000000006,49.21,,,
2024-06-26,835.4768676757812,2.9446474239947174,688900,575560014.1418457,14.366999,5.2344007,59369500672.0,37.221,28.386,40.511,419.00000000000006,49.21,,,
2024-06-27,851.7275390625,1.945077358266856,620200,528241419.7265625,14.366999,5.2344007,59369500672.0,37.221,28.386,40.511,419.00000000000006,49.21,,,
2024-06-28,851.7275390625,0.0,333900,284391825.29296875,14.366999,5.2344007,59369500672.0,37.221,28.386,40.511,419.00000000000006,49.21,,,
2024-07-01,808.7109985351562,-5.050504833352254,488600,395136193.8842773,14.366999,5.2344007,59369500672.0,37.221,28.386,40.511,419.00000000000006,49.21,,,
2024-07-02,759.9589233398438,-6.028368018194219,1290800,980954978.2470704,14.366999,5.2344007,59369500672.0,37.221,28.386,40.511,419.00000000000006,49.21,,,
2024-07-03,768.5621948242188,1.1320705922585494,812600,624533639.5141602,14.366999,5.2344007,59369500672.0,37.221,28.386,40.511,419.00000000000006,49.21,,,
2024-07-04,783.8569946289062,1.9900536232055448,874500,685482941.8029785,14.366999,5.2344007,59369500672.0,37.221,28.386,40.511,419.00000000000006,49.21,,,
2024-07-05,787.6806640625,0.4878019153741197,547000,430861323.2421875,14.366999,5.2344007,59369500672.0,37.221,28.386,40.511,419.00000000000006,49.21,,,
2024-07-08,783.8569946289062,-0.4854339592231471,488200,382678984.777832,14.366999,5.2344007,59369500672.0,37.221,28.386,40.511,419.00000000000006,49.21,,,
2024-07-09,795.3280639648438,1.4634135326391018,477200,379530552.1240234,14.366999,5.2344007,59369500672.0,37.221,28.386,40.511,419.00000000000006,49.21,,,
2024-07-10,799.1517944335938,0.4807739902560559,239200,191157109.2285156,14.366999,5.2344007,59369500672.0,37.221,28.386,40.511,419.00000000000006,49.21,,,
2024-07-11,804.8873291015625,0.7177027828654037,316500,254746839.66064453,14.366999,5.2344007,59369500672.0,37.221,28.386,40.511,419.00000000000006,49.21,,,
2024-07-12,844.0801391601562,4.869353590438785,538000,454115114.86816406,14.366999,5.2344007,59369500672.0,37.221,28.386,40.511,419.00000000000006,49.21,,,
2024-07-16,827.8294677734375,-1.9252521926280464,596600,493883060.4736328,14.366999,5.2344007,59369500672.0,37.221,28.386,40.511,419.00000000000006,49.21,,,
2024-07-17,850.7716064453125,2.771360475193174,420100,357409151.8676758,14.366999,5.2344007,59369500672.0,37.221,28.386,40.511,419.00000000000006,49.21,,,
2024-07-18,843.1242065429688,-0.8988781295012904,476000,401327122.3144531,14.366999,5.2344007,59369500672.0,37.221,28.386,40.511,419.00000000000006,49.21,,,
2024-07-19,835.4768676757812,-0.907023995734102,463800,387494171.22802734,14.366999,5.2344007,59369500672.0,37.221,28.386,40.511,419.00000000000006,49.21,,,
2024-07-22,820.1820678710938,-1.8306670593090435,995900,816819321.3928223,14.366999,5.2344007,59369500672.0,37.221,28.386,40.511,419.00000000000006,49.21,,,
2024-07-23,813.4906005859375,-0.8158514489989943,1329600,1081617102.5390625,14.366999,5.2344007,59369500672.0,37.221,28.386,40.511,419.00000000000006,49.21,,,
2024-07-24,809.6669311523438,-0.4700324049029758,1003600,812581732.1044922,14.366999,5.2344007,59369500672.0,37.221,28.386,40.511,419.00000000000006,49.21,,,
2024-07-25,809.6669311523438,0.0,521900,422565171.3684082,14.366999,5.2344007,59369500672.0,37.221,28.386,40.511,419.00000000000006,49.21,,,
2024-07-26,845.9920043945312,4.486421742640334,685000,579504523.0102539,14.366999,5.2344007,59369500672.0,37.221,28.386,40.511,419.00000000000006,49.21,,,
2024-07-29,837.388671875,-1.0169519894799195,688700,576709578.3203125,14.366999,5.2344007,59369500672.0,37.221,28.386,40.511,419.00000000000006,49.21,,,
2024-07-30,827.8294677734375,-1.1415492497836688,604900,500754045.05615234,14.366999,5.2344007,59369500672.0,37.221,28.386,40.511,419.00000000000006,49.21,,,
2024-07-31,838.3446044921875,1.2702056556445074,336100,281767621.5698242,14.366999,5.2344007,59369500672.0,37.221,28.386,40.511,419.00000000000006,49.21,,,
2024-08-01,839.300537109375,0.1140262145262527,591800,496698057.8613281,14.366999,5.2344007,59369500672.0,37.221,28.386,40.511,419.00000000000006,49.21,,,
2024-08-02,796.283935546875,-5.125291794838227,840500,669276647.8271484,14.366999,5.2344007,59369500672.0,37.221,28.386,40.511,419.00000000000006,49.21,,,
2024-08-05,707.3831176757812,-11.164462059634308,967400,684322428.0395508,14.366999,5.2344007,59369500672.0,37.221,28.386,40.511,419.00000000000006,49.21,,,
2024-08-06,798.1958618164062,12.837844425663514,641600,512122464.9414063,14.366999,5.2344007,59369500672.0,37.221,28.386,40.511,419.00000000000006,49.21,,,
2024-08-07,784.8129272460938,-1.6766479520274324,691000,542305732.7270508,14.366999,5.2344007,59369500672.0,37.221,28.386,40.511,419.00000000000006,49.21,,,
2024-08-08,796.283935546875,1.4616232611041502,398800,317558033.4960937,14.366999,5.2344007,59369500672.0,37.221,28.386,40.511,419.00000000000006,49.21,,,
2024-08-09,811.5787353515625,1.92077211681827,442200,358880116.77246094,14.366999,5.2344007,59369500672.0,37.221,28.386,40.511,419.00000000000006,49.21,,,
2024-08-13,801.0636596679688,-1.2956322320395453,512200,410304806.4819336,14.366999,5.2344007,59369500672.0,37.221,28.386,40.511,419.00000000000006,49.21,,,
2024-08-14,827.8294677734375,3.3412835275242525,553300,458038044.51904297,14.366999,5.2344007,59369500672.0,37.221,28.386,40.511,419.00000000000006,49.21,,,
2024-08-15,830.697265625,0.346423745856228,305400,253694944.921875,14.366999,5.2344007,59369500672.0,37.221,28.386,40.511,419.00000000000006,49.21,,,
2024-08-16,850.7716064453125,2.416565173741003,272900,232175571.3989257,14.366999,5.2344007,59369500672.0,37.221,28.386,40.511,419.00000000000006,49.21,,,
2024-08-19,839.300537109375,-1.348313607204854,279100,234248779.90722656,14.366999,5.2344007,59369500672.0,37.221,28.386,40.511,419.00000000000006,49.21,,,
2024-08-20,887.0967407226562,5.694766236882876,630000,558870946.6552734,14.366999,5.2344007,59369500672.0,37.221,28.386,40.511,419.00000000000006,49.21,,,
2024-08-21,897.61181640625,1.1853358490560906,413900,371521530.8105469,14.366999,5.2344007,59369500672.0,37.221,28.386,40.511,419.00000000000006,49.21,,,
2024-08-22,917.6862182617188,2.236423528362197,411800,377903184.6801758,14.366999,5.2344007,59369500672.0,37.221,28.386,40.511,419.00000000000006,49.21,,,
2024-08-23,922.4658813476562,0.5208384947734235,270200,249250281.14013672,14.366999,5.2344007,59369500672.0,37.221,28.386,40.511,419.00000000000006,49.21,,,
2024-08-26,958.7908935546876,3.937816340043177,599400,574699261.5966797,14.366999,5.2344007,59369500672.0,37.221,28.386,40.511,419.00000000000006,49.21,,,
2024-08-27,998.939697265625,4.1874410761336245,799700,798852075.9033203,14.366999,5.2344007,59369500672.0,37.221,28.386,40.511,419.00000000000006,49.21,,,
2024-08-28,996.0719604492188,-0.2870780713046028,662600,659997280.9936523,14.366999,5.2344007,59369500672.0,37.221,28.386,40.511,419.00000000000006,49.21,,,
2024-08-29,1027.617431640625,3.166987170001212,797100,819113854.7607422,14.366999,5.2344007,59369500672.0,37.221,28.386,40.511,419.00000000000006,49.21,,,
2024-08-30,1020.9259033203124,-0.6511692108637446,462200,471871952.5146485,14.366999,5.2344007,59369500672.0,37.221,28.386,40.511,419.00000000000006,49.21,,,
2024-09-02,996.0719604492188,-2.434451196728616,645100,642566021.685791,14.366999,5.2344007,59369500672.0,37.221,28.386,40.511,419.00000000000006,49.21,,,
2024-09-03,1058.2069091796875,6.2379979758135695,772200,817147375.2685547,14.366999,5.2344007,59369500672.0,37.221,28.386,40.511,419.00000000000006,49.21,,,
2024-09-04,1024.7496337890625,-3.1616950428494883,664900,681356031.5063477,14.366999,5.2344007,59369500672.0,37.221,28.386,40.511,419.00000000000006,49.21,,,
2024-09-05,1019.9700317382812,-0.4664165658794572,491700,501519264.6057129,14.366999,5.2344007,59369500672.0,37.221,28.386,40.511,419.00000000000006,49.21,,,
2024-09-06,1007.5430297851562,-1.2183693212972413,497600,501353411.62109375,14.366999,5.2344007,59369500672.0,37.221,28.386,40.511,419.00000000000006,49.21,,,
2024-09-09,1017.1022338867188,0.9487638561303856,638700,649623196.7834473,14.366999,5.2344007,59369500672.0,37.221,28.386,40.511,419.00000000000006,49.21,,,
2024-09-10,1024.7496337890625,0.7518811430705652,278700,285597722.9370117,14.366999,5.2344007,59369500672.0,37.221,28.386,40.511,419.00000000000006,49.21,,,
2024-09-11,997.9838256835938,-2.611936342587496,418000,417157239.1357422,14.366999,5.2344007,59369500672.0,37.221,28.386,40.511,419.00000000000006,49.21,,,
2024-09-12,1024.7496337890625,2.6819881662044853,302600,310089239.1845703,14.366999,5.2344007,59369500672.0,37.221,28.386,40.511,419.00000000000006,49.21,,,
2024-09-13,1012.3226928710938,-1.2126806888448916,276500,279907224.5788574,14.366999,5.2344007,59369500672.0,37.221,28.386,40.511,419.00000000000006,49.21,,,
2024-09-17,1008.4989624023438,-0.3777185373475489,383600,386860201.9775391,14.366999,5.2344007,59369500672.0,37.221,28.386,40.511,419.00000000000006,49.21,,,
2024-09-18,1027.617431640625,1.8957351421303503,277300,284958313.7939453,14.366999,5.2344007,59369500672.0,37.221,28.386,40.511,419.00000000000006,49.21,,,
2024-09-19,1046.73583984375,1.860459701681183,549100,574762649.6582031,14.366999,5.2344007,59369500672.0,37.221,28.386,40.511,419.00000000000006,49.21,,,
2024-09-20,1048.647705078125,0.1826502123649875,399300,418725028.6376953,14.366999,5.2344007,59369500672.0,37.221,28.386,40.511,419.00000000000006,49.21,,,
2024-09-24,1054.3831787109375,0.5469399880472903,318900,336242795.690918,14.366999,5.2344007,59369500672.0,37.221,28.386,40.511,419.00000000000006,49.21,,,
2024-09-25,1021.8818969726562,-3.08249243676445,366000,374008774.2919922,14.366999,5.2344007,59369500672.0,37.221,28.386,40.511,419.00000000000006,49.21,,,
2024-09-26,1013.278564453125,-0.8419106498528617,760700,770801003.9794922,14.366999,5.2344007,59369500672.0,37.221,28.386,40.511,419.00000000000006,49.21,,,
2024-09-27,1013.278564453125,0.0,454100,460129796.11816406,14.366999,5.2344007,59369500672.0,37.221,28.386,40.511,419.00000000000006,49.21,,,
2024-09-30,995.7410278320312,-1.730771501177364,530500,528240615.2648926,14.366999,5.2344007,59369500672.0,37.221,28.386,40.511,419.00000000000006,49.21,,,
2024-10-01,975.2805786132812,-2.054796241880019,589000,574440260.8032227,14.366999,5.2344007,59369500672.0,37.221,28.386,40.511,419.00000000000006,49.21,,,
2024-10-02,960.666015625,-1.4984983100003069,565200,542968432.03125,14.366999,5.2344007,59369500672.0,37.221,28.386,40.511,419.00000000000006,49.21,,,
2024-10-03,978.2034912109376,1.8255538658279449,448500,438724265.8081055,14.366999,5.2344007,59369500672.0,37.221,28.386,40.511,419.00000000000006,49.21,,,
2024-10-04,988.9208984375,1.09562144511417,319600,316059119.140625,14.366999,5.2344007,59369500672.0,37.221,28.386,40.511,419.00000000000006,49.21,,,
2024-10-07,1022.0473022460938,3.349752630461511,406800,415768842.5537109,14.366999,5.2344007,59369500672.0,37.221,28.386,40.511,419.00000000000006,49.21,,,
2024-10-08,1018.1500854492188,-0.381314718830561,341800,348003699.20654297,14.366999,5.2344007,59369500672.0,37.221,28.386,40.511,419.00000000000006,49.21,,,
2024-10-09,1044.456298828125,2.5837264814744465,283700,296312251.97753906,14.366999,5.2344007,59369500672.0,37.221,28.386,40.511,419.00000000000006,49.21,,,
2024-10-10,1026.9188232421875,-1.6791009452108652,242600,249130506.5185547,14.366999,5.2344007,59369500672.0,37.221,28.386,40.511,419.00000000000006,49.21,,,
2024-10-11,1016.2014770507812,-1.0436410307067323,195600,198769008.9111328,14.366999,5.2344007,59369500672.0,37.221,28.386,40.511,419.00000000000006,49.21,,,
2024-10-15,1036.661865234375,2.0134184653001874,170800,177061846.58203125,14.366999,5.2344007,59369500672.0,37.221,28.386,40.511,419.00000000000006,49.21,,,
2024-10-16,1017.17578125,-1.879695263987502,282900,287759028.515625,14.366999,5.2344007,59369500672.0,37.221,28.386,40.511,419.00000000000006,49.21,,,
2024-10-17,1003.5354614257812,-1.340999272265042,339700,340900996.2463379,14.366999,5.2344007,59369500672.0,37.221,28.386,40.511,419.00000000000006,49.21,,,
2024-10-18,989.8952026367188,-1.3592204075860923,163600,161946855.1513672,14.366999,5.2344007,59369500672.0,37.221,28.386,40.511,419.00000000000006,49.21,,,
2024-10-21,1014.2528686523438,2.460630776949424,242900,246362021.7956543,14.366999,5.2344007,59369500672.0,37.221,28.386,40.511,419.00000000000006,49.21,,,
2024-10-22,942.1541748046876,-7.108552125019385,489600,461278683.984375,14.366999,5.2344007,59369500672.0,37.221,28.386,40.511,419.00000000000006,49.21,,,
2024-10-23,933.3854370117188,-0.9307115573506386,421800,393701977.33154297,14.366999,5.2344007,59369500672.0,37.221,28.386,40.511,419.00000000000006,49.21,,,
2024-10-24,925.5909423828124,-0.8350778059984187,323900,299798906.23779297,14.366999,5.2344007,59369500672.0,37.221,28.386,40.511,419.00000000000006,49.21,,,
2024-10-25,932.4111328125,0.736847144606867,171600,160001750.390625,14.366999,5.2344007,59369500672.0,37.221,28.386,40.511,419.00000000000006,49.21,,,
2024-10-28,951.897216796875,2.0898596443821527,148500,141356736.69433594,14.366999,5.2344007,59369500672.0,37.221,28.386,40.511,419.00000000000006,49.21,,,
2024-10-29,944.102783203125,-0.8188314301388777,251100,237064208.8623047,14.366999,5.2344007,59369500672.0,37.221,28.386,40.511,419.00000000000006,49.21,,,
2024-10-30,950.9229125976562,0.7223926796817715,327000,310951792.4194336,14.366999,5.2344007,59369500672.0,37.221,28.386,40.511,419.00000000000006,49.21,,,
2024-10-31,946.0513916015624,-0.5122939968694284,231300,218821686.8774414,14.366999,5.2344007,59369500672.0,37.221,28.386,40.511,419.00000000000006,49.21,,,
2024-11-01,926.5653076171876,-2.059727849603088,256800,237941970.9960937,14.366999,5.2344007,59369500672.0,37.221,28.386,40.511,419.00000000000006,49.21,,,
2024-11-05,941.1798706054688,1.577283637552207,593500,558590253.2043457,14.366999,5.2344007,59369500672.0,37.221,28.386,40.511,419.00000000000006,49.21,,,
2024-11-06,1017.17578125,8.07453633657107,1553200,1579877423.4375,14.366999,5.2344007,59369500672.0,37.221,28.386,40.511,419.00000000000006,49.21,,,
2024-11-07,1019.1243896484376,0.1915704674017027,604200,615754956.2255859,14.366999,5.2344007,59369500672.0,37.221,28.386,40.511,419.00000000000006,49.21,,,
2024-11-08,1013.278564453125,-0.5736125300003003,253500,256866116.0888672,14.366999,5.2344007,59369500672.0,37.221,28.386,40.511,419.00000000000006,49.21,,,
2024-11-11,1050.3021240234375,3.653838230585138,400000,420120849.609375,14.366999,5.2344007,59369500672.0,37.221,28.386,40.511,419.00000000000006,49.21,,,
2024-11-12,1037.63623046875,-1.2059285861641178,331400,343872646.7773437,14.366999,5.2344007,59369500672.0,37.221,28.386,40.511,419.00000000000006,49.21,,,
2024-11-13,1023.0216064453124,-1.408453521022046,314900,322149503.8696289,14.366999,5.2344007,59369500672.0,37.221,28.386,40.511,419.00000000000006,49.21,,,
2024-11-14,1004.509765625,-1.8095258891584365,186100,186939267.3828125,14.366999,5.2344007,59369500672.0,37.221,28.386,40.511,419.00000000000006,49.21,,,
2024-11-15,984.0493774414062,-2.036853088318502,271200,266874191.1621093,14.366999,5.2344007,59369500672.0,37.221,28.386,40.511,419.00000000000006,49.21,,,
2024-11-18,991.8438110351562,0.7920774884301096,223400,221577907.3852539,14.366999,5.2344007,59369500672.0,37.221,28.386,40.511,419.00000000000006,49.21,,,
2024-11-19,985.9979858398438,-0.5893896932432696,214500,211496567.96264648,14.366999,5.2344007,59369500672.0,37.221,28.386,40.511,419.00000000000006,49.21,,,
2024-11-20,993.7924194335938,0.790512121291087,243100,241590937.16430664,14.366999,5.2344007,59369500672.0,37.221,28.386,40.511,419.00000000000006,49.21,,,
2024-11-21,1004.509765625,1.0784290543808472,169700,170465307.2265625,14.366999,5.2344007,59369500672.0,37.221,28.386,40.511,419.00000000000006,49.21,,,
2024-11-22,1030.8160400390625,2.618817189666145,256600,264507395.87402344,14.366999,5.2344007,59369500672.0,37.221,28.386,40.511,419.00000000000006,49.21,,,
2024-11-25,1018.1500854492188,-1.2287308402150754,299200,304630505.56640625,14.366999,5.2344007,59369500672.0,37.221,28.386,40.511,419.00000000000006,49.21,,,
2024-11-26,1030.8160400390625,1.244016454043262,146100,150602223.44970703,14.366999,5.2344007,59369500672.0,37.221,28.386,40.511,419.00000000000006,49.21,,,
2024-11-27,1024.97021484375,-0.5671065416377297,254900,261264907.76367188,14.366999,5.2344007,59369500672.0,37.221,28.386,40.511,419.00000000000006,49.21,,,
2024-11-28,1011.3298950195312,-1.330801581029173,157300,159082192.48657227,14.366999,5.2344007,59369500672.0,37.221,28.386,40.511,419.00000000000006,49.21,,,
2024-11-29,1029.841796875,1.8304513637571465,166200,171159706.640625,14.366999,5.2344007,59369500672.0,37.221,28.386,40.511,419.00000000000006,49.21,,,
2024-12-02,1045.4306640625,1.5137147506348647,280700,293452387.4023437,14.366999,5.2344007,59369500672.0,37.221,28.386,40.511,419.00000000000006,49.21,,,
2024-12-03,1043.4820556640625,-0.1863928872016473,259600,270887941.6503906,14.366999,5.2344007,59369500672.0,37.221,28.386,40.511,419.00000000000006,49.21,,,
2024-12-04,1071.7369384765625,2.707749755650446,569000,609818317.9931641,14.366999,5.2344007,59369500672.0,37.221,28.386,40.511,419.00000000000006,49.21,,,
2024-12-05,1130.1953125,5.454545040365422,767700,867650941.40625,14.366999,5.2344007,59369500672.0,37.221,28.386,40.511,419.00000000000006,49.21,,,
2024-12-06,1130.1953125,0.0,574900,649749285.15625,14.366999,5.2344007,59369500672.0,37.221,28.386,40.511,419.00000000000006,49.21,,,
2024-12-09,1157.475830078125,2.413787889261388,608500,704324042.6025391,14.366999,5.2344007,59369500672.0,37.221,28.386,40.511,419.00000000000006,49.21,,,
2024-12-10,1148.7071533203125,-0.7575688865330887,411700,472922735.0219727,14.366999,5.2344007,59369500672.0,37.221,28.386,40.511,419.00000000000006,49.21,,,
2024-12-11,1146.758544921875,-0.1696349145911657,491000,563058445.5566406,14.366999,5.2344007,59369500672.0,37.221,28.386,40.511,419.00000000000006,49.21,,,
2024-12-12,1154.552978515625,0.6796926544184512,270500,312306580.68847656,14.366999,5.2344007,59369500672.0,37.221,28.386,40.511,419.00000000000006,49.21,,,
2024-12-13,1125.32373046875,-2.531650655343176,442100,497505621.2402344,14.366999,5.2344007,59369500672.0,37.221,28.386,40.511,419.00000000000006,49.21,,,
2024-12-16,1130.1953125,0.4329049409826924,324900,367200457.03125,14.366999,5.2344007,59369500672.0,37.221,28.386,40.511,419.00000000000006,49.21,,,
2024-12-17,1112.6578369140625,-1.5517207859537585,375000,417246688.84277344,14.366999,5.2344007,59369500672.0,37.221,28.386,40.511,419.00000000000006,49.21,,,
2024-12-18,1100.966064453125,-1.0507967564731713,283500,312123879.27246094,14.366999,5.2344007,59369500672.0,37.221,28.386,40.511,419.00000000000006,49.21,,,
2024-12-19,1100.966064453125,0.0,239900,264121758.8623047,14.366999,5.2344007,59369500672.0,37.221,28.386,40.511,419.00000000000006,49.21,,,
2024-12-20,1099.9918212890625,-0.0884898450113857,260700,286767867.8100586,14.366999,5.2344007,59369500672.0,37.221,28.386,40.511,419.00000000000006,49.21,,,
2024-12-23,1107.7862548828125,0.7085901406626682,213800,236844701.2939453,14.366999,5.2344007,59369500672.0,37.221,28.386,40.511,419.00000000000006,49.21,,,
2024-12-24,1100.966064453125,-0.6156594198227339,195800,215569155.41992188,14.366999,5.2344007,59369500672.0,37.221,28.386,40.511,419.00000000000006,49.21,,,
2024-12-25,1087.3258056640625,-1.2389354431045052,229700,249758737.5610352,14.366999,5.2344007,59369500672.0,37.221,28.386,40.511,419.00000000000006,49.21,,,
2024-12-26,1092.1973876953125,0.4480333314884177,190400,207954382.6171875,14.366999,5.2344007,59369500672.0,37.221,28.386,40.511,419.00000000000006,49.21,,,
2024-12-27,1103.8890380859375,1.0704704591260716,195700,216031084.753418,14.366999,5.2344007,59369500672.0,37.221,28.386,40.511,419.00000000000006,49.21,,,
2024-12-30,1100.966064453125,-0.2647887180654229,257200,283168471.7773437,14.366999,5.2344007,59369500672.0,37.221,28.386,40.511,419.00000000000006,49.21,,,
2025-01-06,1040.55908203125,-5.486725192740661,464700,483547805.4199219,14.366999,5.2344007,59369500672.0,37.221,28.386,40.511,419.00000000000006,49.21,,,
2025-01-07,1050.3021240234375,0.936327610842458,235800,247661240.84472656,14.366999,5.2344007,59369500672.0,37.221,28.386,40.511,419.00000000000006,49.21,,,
2025-01-08,1060.0452880859375,0.927653466526035,298500,316423518.49365234,14.366999,5.2344007,59369500672.0,37.221,28.386,40.511,419.00000000000006,49.21,,,
2025-01-09,1075.6341552734375,1.4705850177069155,333900,359154244.4458008,14.366999,5.2344007,59369500672.0,37.221,28.386,40.511,419.00000000000006,49.21,,,
2025-01-10,1074.6597900390625,-0.0905851891740416,315700,339270095.71533203,14.366999,5.2344007,59369500672.0,37.221,28.386,40.511,419.00000000000006,49.21,,,
2025-01-14,1071.7369384765625,-0.2719792430675882,303400,325164987.13378906,14.366999,5.2344007,59369500672.0,37.221,28.386,40.511,419.00000000000006,49.21,,,
2025-01-15,1061.01953125,-1.0000035308848187,480900,510244292.578125,14.366999,5.2344007,59369500672.0,37.221,28.386,40.511,419.00000000000006,49.21,,,
2025-01-16,1049.327880859375,-1.101926029283451,260300,273140047.3876953,14.366999,5.2344007,59369500672.0,37.221,28.386,40.511,419.00000000000006,49.21,,,
2025-01-17,1020.0986938476562,-2.785515142109896,361400,368663667.95654297,14.366999,5.2344007,59369500672.0,37.221,28.386,40.511,419.00000000000006,49.21,,,
2025-01-20,1032.7646484375,1.2416401144549782,203900,210580711.81640625,14.366999,5.2344007,59369500672.0,37.221,28.386,40.511,419.00000000000006,49.21,,,
2025-01-21,1023.9959106445312,-0.8490547973572959,309100,316517135.9802246,14.366999,5.2344007,59369500672.0,37.221,28.386,40.511,419.00000000000006,49.21,,,
2025-01-22,1049.327880859375,2.4738350955815003,480400,504097113.96484375,14.366999,5.2344007,59369500672.0,37.221,28.386,40.511,419.00000000000006,49.21,,,
2025-01-23,1053.22509765625,0.3714012434019365,324000,341244931.640625,14.366999,5.2344007,59369500672.0,37.221,28.386,40.511,419.00000000000006,49.21,,,
2025-01-24,1073.685546875,1.942647328123948,348500,374179413.0859375,14.366999,5.2344007,59369500672.0,37.221,28.386,40.511,419.00000000000006,49.21,,,
2025-01-27,1079.5313720703125,0.5444634336679854,1111700,1200115026.3305664,14.366999,5.2344007,59369500672.0,37.221,28.386,40.511,419.00000000000006,49.21,,,
2025-01-28,1098.043212890625,1.714803413708177,2878400,3160607583.984375,14.366999,5.2344007,59369500672.0,37.221,28.386,40.511,419.00000000000006,49.21,,,
2025-01-29,1063.9425048828125,-3.105588888258925,831300,884455404.309082,14.366999,5.2344007,59369500672.0,37.221,28.386,40.511,419.00000000000006,49.21,,,
2025-01-30,1046.4049072265625,-1.6483595284297548,530100,554699241.3208008,14.366999,5.2344007,59369500672.0,37.221,28.386,40.511,419.00000000000006,49.21,,,
2025-01-31,1039.5848388671875,-0.6517618860801377,385600,400863913.8671875,14.366999,5.2344007,59369500672.0,37.221,28.386,40.511,419.00000000000006,49.21,,,
2025-02-03,1004.509765625,-3.3739500549477053,661400,664382758.984375,14.366999,5.2344007,59369500672.0,37.221,28.386,40.511,419.00000000000006,49.21,,,
2025-02-04,996.71533203125,-0.7759440336451484,533500,531747629.6386719,14.366999,5.2344007,59369500672.0,37.221,28.386,40.511,419.00000000000006,49.21,,,
2025-02-05,985.9979858398438,-1.0752665126124716,626100,617333338.9343262,14.366999,5.2344007,59369500672.0,37.221,28.386,40.511,419.00000000000006,49.21,,,
2025-02-06,999.6382446289062,1.3833962122594023,436300,436142166.1315918,14.366999,5.2344007,59369500672.0,37.221,28.386,40.511,419.00000000000006,49.21,,,
2025-02-07,985.023681640625,-1.4619851798193806,543900,535754380.444336,14.366999,5.2344007,59369500672.0,37.221,28.386,40.511,419.00000000000006,49.21,,,
2025-02-10,1024.97021484375,4.055388103623181,426300,436944802.5878906,14.366999,5.2344007,59369500672.0,37.221,28.386,40.511,419.00000000000006,49.21,,,
2025-02-12,1029.841796875,0.475290107039128,328900,338714966.9921875,14.366999,5.2344007,59369500672.0,37.221,28.386,40.511,419.00000000000006,49.21,,,
2025-02-13,1053.22509765625,2.270572125952297,401600,422975199.21875,14.366999,5.2344007,59369500672.0,37.221,28.386,40.511,419.00000000000006,49.21,,,
2025-02-14,1023.0216064453124,-2.867714724815196,236700,242149214.24560547,14.366999,5.2344007,59369500672.0,37.221,28.386,40.511,419.00000000000006,49.21,,,
2025-02-17,992.818115234375,-2.952380577364866,359200,356620266.9921875,14.366999,5.2344007,59369500672.0,37.221,28.386,40.511,419.00000000000006,49.21,,,
2025-02-18,984.0493774414062,-0.8832169415944557,372100,366164773.34594727,14.366999,5.2344007,59369500672.0,37.221,28.386,40.511,419.00000000000006,49.21,,,
2025-02-19,977.2291870117188,-0.6930740048248896,377200,368610849.3408203,14.366999,5.2344007,59369500672.0,37.221,28.386,40.511,419.00000000000006,49.21,,,
2025-02-20,960.666015625,-1.6949116549995311,405700,389742202.5390625,14.366999,5.2344007,59369500672.0,37.221,28.386,40.511,419.00000000000006,49.21,,,
2025-02-21,899.2847290039062,-6.3894512372397845,840000,755399172.3632812,14.366999,5.2344007,59369500672.0,37.221,28.386,40.511,419.00000000000006,49.21,,,
2025-02-25,897.3360595703125,-0.2166910401950494,980000,879389338.3789062,14.366999,5.2344007,59369500672.0,37.221,28.386,40.511,419.00000000000006,49.21,,,
2025-02-26,897.3360595703125,0.0,270700,242908871.3256836,14.366999,5.2344007,59369500672.0,37.221,28.386,40.511,419.00000000000006,49.21,,,
2025-02-27,884.6701049804688,-1.4115062528423097,362000,320250578.0029297,14.366999,5.2344007,59369500672.0,37.221,28.386,40.511,419.00000000000006,49.21,,,
2025-02-28,843.749267578125,-4.625547667087404,698300,589190113.5498047,14.366999,5.2344007,59369500672.0,37.221,28.386,40.511,419.00000000000006,49.21,,,
2025-03-03,862.2610473632812,2.1939906197835146,557800,480969212.2192383,14.366999,5.2344007,59369500672.0,37.221,28.386,40.511,419.00000000000006,49.21,,,
2025-03-04,847.646484375,-1.6949116549995311,567600,481124144.53125,14.366999,5.2344007,59369500672.0,37.221,28.386,40.511,419.00000000000006,49.21,,,
2025-03-05,848.6207885742188,0.1149422804410216,385800,327397900.2319336,14.366999,5.2344007,59369500672.0,37.221,28.386,40.511,419.00000000000006,49.21,,,
2025-03-06,826.2117309570312,-2.6406444337567225,593500,490356662.3229981,14.366999,5.2344007,59369500672.0,37.221,28.386,40.511,419.00000000000006,49.21,,,
2025-03-07,793.0853271484375,-4.009432760077402,702900,557459676.4526367,14.366999,5.2344007,59369500672.0,37.221,28.386,40.511,419.00000000000006,49.21,,,
2025-03-10,797.9568481445312,0.6142492906292318,477600,381104190.6738281,14.366999,5.2344007,59369500672.0,37.221,28.386,40.511,419.00000000000006,49.21,,,
2025-03-11,791.13671875,-0.8546990241878216,608100,481090238.671875,14.366999,5.2344007,59369500672.0,37.221,28.386,40.511,419.00000000000006,49.21,,,
2025-03-12,790.1624145507812,-0.123152443329666,425900,336530172.35717773,14.366999,5.2344007,59369500672.0,37.221,28.386,40.511,419.00000000000006,49.21,,,
2025-03-13,776.5220947265625,-1.7262678625347472,540600,419787844.4091797,14.366999,5.2344007,59369500672.0,37.221,28.386,40.511,419.00000000000006,49.21,,,
2025-03-14,783.3422241210938,0.8782917370732113,474200,371460882.67822266,14.366999,5.2344007,59369500672.0,37.221,28.386,40.511,419.00000000000006,49.21,,,
2025-03-17,815.494384765625,4.104484560449406,539800,440203868.8964844,14.366999,5.2344007,59369500672.0,37.221,28.386,40.511,419.00000000000006,49.21,,,
2025-03-18,803.8026733398438,-1.4336961288999528,445200,357852950.17089844,14.366999,5.2344007,59369500672.0,37.221,28.386,40.511,419.00000000000006,49.21,,,
2025-03-19,792.1110229492188,-1.4545423620010545,226200,179175513.39111328,14.366999,5.2344007,59369500672.0,37.221,28.386,40.511,419.00000000000006,49.21,,,
2025-03-21,799.9054565429688,0.984007717091151,484900,387874155.8776856,14.366999,5.2344007,59369500672.0,37.221,28.386,40.511,419.00000000000006,49.21,,,
2025-03-24,799.9054565429688,0.0,255100,204055881.96411133,14.366999,5.2344007,59369500672.0,37.221,28.386,40.511,419.00000000000006,49.21,,,
2025-03-25,804.7769775390625,0.6090120971480095,215400,173348960.96191406,14.366999,5.2344007,59369500672.0,37.221,28.386,40.511,419.00000000000006,49.21,,,
2025-03-26,817.4429931640625,1.5738541208934145,396300,323952658.190918,14.366999,5.2344007,59369500672.0,37.221,28.386,40.511,419.00000000000006,49.21,,,
2025-03-27,818.4172973632812,0.1191892532404592,315000,257801448.6694336,14.366999,5.2344007,59369500672.0,37.221,28.386,40.511,419.00000000000006,49.21,,,
2025-03-28,799.9054565429688,-2.261907327710766,405600,324441653.1738281,14.366999,5.2344007,59369500672.0,37.221,28.386,40.511,419.00000000000006,49.21,,,
2025-03-31,778.470703125,-2.6796608577475456,427700,332951919.7265625,14.366999,5.2344007,59369500672.0,37.221,28.386,40.511,419.00000000000006,49.21,,,
2025-04-01,769.7019653320312,-1.1264056255127608,253000,194734597.2290039,14.366999,5.2344007,59369500672.0,37.221,28.386,40.511,419.00000000000006,49.21,,,
2025-04-02,772.6248779296875,0.379746022396521,332600,256975034.3994141,14.366999,5.2344007,59369500672.0,37.221,28.386,40.511,419.00000000000006,49.21,,,
2025-04-03,748.2672119140625,-3.152586295291626,575100,430328473.5717773,14.366999,5.2344007,59369500672.0,37.221,28.386,40.511,419.00000000000006,49.21,,,
2025-04-04,720.0123291015625,-3.776041815359543,628300,452383746.3745117,14.366999,5.2344007,59369500672.0,37.221,28.386,40.511,419.00000000000006,49.21,,,
2025-04-07,661.553955078125,-8.119079585259648,633100,418829808.95996094,14.366999,5.2344007,59369500672.0,37.221,28.386,40.511,419.00000000000006,49.21,,,
2025-04-08,729.7554321289062,10.309284152450893,440700,321603218.939209,14.366999,5.2344007,59369500672.0,37.221,28.386,40.511,419.00000000000006,49.21,,,
2025-04-09,721.9609375,-1.068096828846821,694900,501690655.46875,14.366999,5.2344007,59369500672.0,37.221,28.386,40.511,419.00000000000006,49.21,,,
2025-04-10,775.5477905273438,7.42240338000888,437900,339612377.4719238,14.366999,5.2344007,59369500672.0,37.221,28.386,40.511,419.00000000000006,49.21,,,
2025-04-11,772.6248779296875,-0.376883621274815,283700,219193677.8686524,14.366999,5.2344007,59369500672.0,37.221,28.386,40.511,419.00000000000006,49.21,,,
2025-04-14,796.9825439453125,3.152586295291626,339300,270416177.16064453,14.366999,5.2344007,59369500672.0,37.221,28.386,40.511,419.00000000000006,49.21,,,
2025-04-15,799.9054565429688,0.366747379834309,297100,237651911.138916,14.366999,5.2344007,59369500672.0,37.221,28.386,40.511,419.00000000000006,49.21,,,
2025-04-16,796.0082397460938,-0.4872096777184143,285300,227101150.7995605,14.366999,5.2344007,59369500672.0,37.221,28.386,40.511,419.00000000000006,49.21,,,
2025-04-17,807.6998901367188,1.468785096289249,254500,205559622.0397949,14.366999,5.2344007,59369500672.0,37.221,28.386,40.511,419.00000000000006,49.21,,,
2025-04-18,825.2374267578125,2.171293674204322,535500,441914642.0288086,14.366999,5.2344007,59369500672.0,37.221,28.386,40.511,419.00000000000006,49.21,,,
2025-04-21,839.8519897460938,1.770952517955804,568400,477371870.9716797,14.366999,5.2344007,59369500672.0,37.221,28.386,40.511,419.00000000000006,49.21,,,
2025-04-22,834.0061645507812,-0.6960542174913265,373200,311251100.6103516,14.366999,5.2344007,59369500672.0,37.221,28.386,40.511,419.00000000000006,49.21,,,
2025-04-23,829.1346435546875,-0.5841109098657205,294500,244180152.52685547,14.366999,5.2344007,59369500672.0,37.221,28.386,40.511,419.00000000000006,49.21,,,
2025-04-24,832.0575561523438,0.3525256869167936,230800,192038883.9599609,14.366999,5.2344007,59369500672.0,37.221,28.386,40.511,419.00000000000006,49.21,,,
2025-04-25,866.1582641601562,4.098359272825225,957300,829173306.2805176,14.366999,5.2344007,59369500672.0,37.221,28.386,40.511,419.00000000000006,49.21,,,
2025-04-28,884.6701049804688,2.137235374445323,408100,361033869.8425293,14.366999,5.2344007,59369500672.0,37.221,28.386,40.511,419.00000000000006,49.21,,,
2025-04-30,885.6444091796875,0.1101319230449426,374500,331673831.23779297,14.366999,5.2344007,59369500672.0,37.221,28.386,40.511,419.00000000000006,49.21,,,
2025-05-01,880.7728881835938,-0.5500538303635727,404400,356184555.9814453,14.366999,5.2344007,59369500672.0,37.221,28.386,40.511,419.00000000000006,49.21,,,
2025-05-02,909.0277709960938,3.207964640098049,525400,477603190.88134766,14.366999,5.2344007,59369500672.0,37.221,28.386,40.511,419.00000000000006,49.21,,,
2025-05-07,900.259033203125,-0.964628152488689,811500,730560205.4443359,14.366999,5.2344007,59369500672.0,37.221,28.386,40.511,419.00000000000006,49.21,,,
2025-05-08,919.7451171875,2.164497468583404,765200,703788963.671875,14.366999,5.2344007,59369500672.0,37.221,28.386,40.511,419.00000000000006,49.21,,,
2025-05-09,921.6937255859376,0.2118639568749358,390000,359460552.9785156,14.366999,5.2344007,59369500672.0,37.221,28.386,40.511,419.00000000000006,49.21,,,
2025-05-12,912.9249877929688,-0.9513721911684204,339400,309846740.8569336,14.366999,5.2344007,59369500672.0,37.221,28.386,40.511,419.00000000000006,49.21,,,
2025-05-13,934.3597412109376,2.347920552573335,418300,390842679.7485352,14.366999,5.2344007,59369500672.0,37.221,28.386,40.511,419.00000000000006,49.21,,,
2025-05-14,968.46044921875,3.649633701428279,635900,615843999.6582031,14.366999,5.2344007,59369500672.0,37.221,28.386,40.511,419.00000000000006,49.21,,,
2025-05-15,941.1798706054688,-2.816901674744521,367600,345977720.4345703,14.366999,5.2344007,59369500672.0,37.221,28.386,40.511,419.00000000000006,49.21,,,
2025-05-16,952.8715209960938,1.2422333664131149,291300,277571474.0661621,14.366999,5.2344007,59369500672.0,37.221,28.386,40.511,419.00000000000006,49.21,,,
2025-05-19,941.1798706054688,-1.2269912714363618,289100,272095100.592041,14.366999,5.2344007,59369500672.0,37.221,28.386,40.511,419.00000000000006,49.21,,,
2025-05-20,942.1541748046876,0.1035194472010836,321100,302525705.5297852,14.366999,5.2344007,59369500672.0,37.221,28.386,40.511,419.00000000000006,49.21,,,
2025-05-21,934.3597412109376,-0.8272991620894565,387700,362251271.66748047,14.366999,5.2344007,59369500672.0,37.221,28.386,40.511,419.00000000000006,49.21,,,
2025-05-22,940.20556640625,0.6256503718510276,276800,260248900.78125,14.366999,5.2344007,59369500672.0,37.221,28.386,40.511,419.00000000000006,49.21,,,
2025-05-23,936.308349609375,-0.4145068840393451,240000,224714003.90625,14.366999,5.2344007,59369500672.0,37.221,28.386,40.511,419.00000000000006,49.21,,,
2025-05-26,960.666015625,2.6014577383387527,228800,219800384.375,14.366999,5.2344007,59369500672.0,37.221,28.386,40.511,419.00000000000006,49.21,,,
2025-05-27,955.7944946289062,-0.5070982960633241,106300,101600954.77905272,14.366999,5.2344007,59369500672.0,37.221,28.386,40.511,419.00000000000006,49.21,,,
2025-05-28,959.6917114257812,0.4077463114482649,228400,219193586.88964844,14.366999,5.2344007,59369500672.0,37.221,28.386,40.511,419.00000000000006,49.21,,,
2025-05-29,984.0493774414062,2.538071937647324,381300,375218027.6184082,14.366999,5.2344007,59369500672.0,37.221,28.386,40.511,419.00000000000006,49.21,,,
2025-05-30,984.0493774414062,0.0,453800,446561607.48291016,14.366999,5.2344007,59369500672.0,37.221,28.386,40.511,419.00000000000006,49.21,,,
2025-06-02,980.152099609375,-0.3960449466635984,337200,330507287.98828125,14.366999,5.2344007,59369500672.0,37.221,28.386,40.511,419.00000000000006,49.21,,,
2025-06-03,986.9722900390624,0.6958298035994126,206500,203809777.8930664,14.366999,5.2344007,59369500672.0,37.221,28.386,40.511,419.00000000000006,49.21,,,
2025-06-04,975.2805786132812,-1.1846038175315488,207300,202175663.9465332,14.366999,5.2344007,59369500672.0,37.221,28.386,40.511,419.00000000000006,49.21,,,
2025-06-05,974.3062744140624,-0.0998998873333545,296500,288881810.36376953,14.366999,5.2344007,59369500672.0,37.221,28.386,40.511,419.00000000000006,49.21,,,
2025-06-06,948.0,-2.7000005136868066,403400,382423200.0,14.366999,5.2344007,59369500672.0,37.221,28.386,40.511,419.00000000000006,49.21,,,
2025-06-09,990.8695068359376,4.522099877208596,374000,370585195.5566406,14.366999,5.2344007,59369500672.0,37.221,28.386,40.511,419.00000000000006,49.21,,,
2025-06-10,984.0493774414062,-0.6882974344734283,229700,226036141.99829105,14.366999,5.2344007,59369500672.0,37.221,28.386,40.511,419.00000000000006,49.21,,,
2025-06-11,998.6639404296876,1.4851452908064555,238500,238181349.79248047,14.366999,5.2344007,59369500672.0,37.221,28.386,40.511,419.00000000000006,49.21,,,
2025-06-12,1006.4583740234376,0.780486135345626,314600,316631804.46777344,14.366999,5.2344007,59369500672.0,37.221,28.386,40.511,419.00000000000006,49.21,,,
2025-06-13,989.8952026367188,-1.645688665742384,326400,323101794.140625,14.366999,5.2344007,59369500672.0,37.221,28.386,40.511,419.00000000000006,49.21,,,
2025-06-16,993.7924194335938,0.3936999377807115,135700,134857631.31713867,14.366999,5.2344007,59369500672.0,37.221,28.386,40.511,419.00000000000006,49.21,,,
2025-06-17,984.0493774414062,-0.9803900494371298,214500,211078591.46118164,14.366999,5.2344007,59369500672.0,37.221,28.386,40.511,419.00000000000006,49.21,,,
2025-06-18,979.1777954101562,-0.4950546327173621,262500,257034171.295166,14.366999,5.2344007,59369500672.0,37.221,28.386,40.511,419.00000000000006,49.21,,,
2025-06-19,981.1264038085938,0.1990045533682982,232100,227719438.3239746,14.366999,5.2344007,59369500672.0,37.221,28.386,40.511,419.00000000000006,49.21,,,
2025-06-20,958.7174072265624,-2.28400708563572,622800,597089201.2207031,14.366999,5.2344007,59369500672.0,37.221,28.386,40.511,419.00000000000006,49.21,,,
2025-06-23,966.5118408203124,0.8130063702815438,189200,182864040.28320312,14.366999,5.2344007,59369500672.0,37.221,28.386,40.511,419.00000000000006,49.21,,,
2025-06-24,976.2548828125,1.0080623517160658,146200,142728463.8671875,14.366999,5.2344007,59369500672.0,37.221,28.386,40.511,419.00000000000006,49.21,,,
2025-06-25,992.818115234375,1.6966094319710745,225500,223880484.9853516,14.366999,5.2344007,59369500672.0,37.221,28.386,40.511,419.00000000000006,49.21,,,
2025-06-26,972.357666015625,-2.060845678054524,429800,417919324.8535156,14.366999,5.2344007,59369500672.0,37.221,28.386,40.511,419.00000000000006,49.21,,,
2025-06-27,961.6403198242188,-1.1022020565047974,304100,292434821.2585449,14.366999,5.2344007,59369500672.0,37.221,28.386,40.511,419.00000000000006,49.21,,,
2025-06-30,968.46044921875,0.709218327677652,270500,261968551.51367188,14.366999,5.2344007,59369500672.0,37.221,28.386,40.511,419.00000000000006,49.21,,,
2025-07-01,949.9486083984376,-1.9114710193117168,241200,229127604.34570312,14.366999,5.2344007,59369500672.0,37.221,28.386,40.511,419.00000000000006,49.21,,,
2025-07-02,949.9486083984376,0.0,234700,222952938.39111328,14.366999,5.2344007,59369500672.0,37.221,28.386,40.511,419.00000000000006,49.21,,,
2025-07-03,938.2569580078124,-1.230766621189805,234300,219833605.26123047,14.366999,5.2344007,59369500672.0,37.221,28.386,40.511,419.00000000000006,49.21,,,
2025-07-04,954.8201293945312,1.765312928974927,346900,331227102.8869629,14.366999,5.2344007,59369500672.0,37.221,28.386,40.511,419.00000000000006,49.21,,,
2025-07-07,972.357666015625,1.8367372116688152,377400,366967783.1542969,14.366999,5.2344007,59369500672.0,37.221,28.386,40.511,419.00000000000006,49.21,,,
2025-07-08,955.7944946289062,-1.703403178234686,342800,327646352.75878906,14.366999,5.2344007,59369500672.0,37.221,28.386,40.511,419.00000000000006,49.21,,,
2025-07-09,952.8715209960938,-0.3058161193894904,337500,321594138.33618164,14.366999,5.2344007,59369500672.0,37.221,28.386,40.511,419.00000000000006,49.21,,,
2025-07-10,961.6403198242188,0.9202498589692798,339900,326861544.70825195,14.366999,5.2344007,59369500672.0,37.221,28.386,40.511,419.00000000000006,49.21,,,
2025-07-11,949.9486083984376,-1.2158091944312832,286100,271780296.86279297,14.366999,5.2344007,59369500672.0,37.221,28.386,40.511,419.00000000000006,49.21,,,
2025-07-14,948.0,-0.2051277701982989,235500,223254000.0,14.366999,5.2344007,59369500672.0,37.221,28.386,40.511,419.00000000000006,49.21,,,
2025-07-15,940.20556640625,-0.8221976364715222,309100,290617540.5761719,14.366999,5.2344007,59369500672.0,37.221,28.386,40.511,419.00000000000006,49.21,,,
2025-07-16,930.4625244140624,-1.0362672100983517,397000,369393622.1923828,14.366999,5.2344007,59369500672.0,37.221,28.386,40.511,419.00000000000006,49.21,,,
2025-07-17,942.1541748046876,1.2565417825922245,250800,236292267.0410156,14.366999,5.2344007,59369500672.0,37.221,28.386,40.511,419.00000000000006,49.21,,,
2025-07-18,935.3340454101562,-0.7238867668282745,260200,243373918.61572263,14.366999,5.2344007,59369500672.0,37.221,28.386,40.511,419.00000000000006,49.21,,,
2025-07-22,922.6680297851562,-1.3541702760799024,604600,557845090.8081055,14.366999,5.2344007,59369500672.0,37.221,28.386,40.511,419.00000000000006,49.21,,,
2025-07-23,910.9763793945312,-1.2671567685451746,1172700,1068302000.1159668,14.366999,5.2344007,59369500672.0,37.221,28.386,40.511,419.00000000000006,49.21,,,
2025-07-24,906.1048583984376,-0.5347582117696148,523500,474345893.371582,14.366999,5.2344007,59369500672.0,37.221,28.386,40.511,419.00000000000006,49.21,,,
2025-07-25,910.9763793945312,0.5376332497216918,916500,834909851.7150879,14.366999,5.2344007,59369500672.0,37.221,28.386,40.511,419.00000000000006,49.21,,,
2025-07-28,908.053466796875,-0.3208549270617644,610600,554457446.8261719,14.366999,5.2344007,59369500672.0,37.221,28.386,40.511,419.00000000000006,49.21,,,
2025-07-29,900.259033203125,-0.8583672524531627,541300,487310214.6728516,14.366999,5.2344007,59369500672.0,37.221,28.386,40.511,419.00000000000006,49.21,,,
2025-07-30,896.3617553710938,-0.432906273449396,544000,487620794.921875,14.366999,5.2344007,59369500672.0,37.221,28.386,40.511,419.00000000000006,49.21,,,
2025-07-31,899.2847290039062,0.3260930774096282,297800,267806992.29736328,14.366999,5.2344007,59369500672.0,37.221,28.386,40.511,419.00000000000006,49.21,,,
2025-08-01,909.0277709960938,1.0834212655850717,301600,274162775.7324219,14.366999,5.2344007,59369500672.0,37.221,28.386,40.511,419.00000000000006,49.21,,,
2025-08-04,902.2076416015624,-0.7502663408245347,528500,476816738.5864258,14.366999,5.2344007,59369500672.0,37.221,28.386,40.511,419.00000000000006,49.21,,,
2025-08-05,893.4388427734375,-0.9719269072648308,454200,405799922.3876953,14.366999,5.2344007,59369500672.0,37.221,28.386,40.511,419.00000000000006,49.21,,,
2025-08-06,894.4131469726562,0.1090510231449348,520700,465720925.6286621,14.366999,5.2344007,59369500672.0,37.221,28.386,40.511,419.00000000000006,49.21,,,
2025-08-07,915.847900390625,2.396515915549702,458500,419916262.3291016,14.366999,5.2344007,59369500672.0,37.221,28.386,40.511,419.00000000000006,49.21,,,
2025-08-08,926.5653076171876,1.1702169347105995,418900,388138207.36083984,14.366999,5.2344007,59369500672.0,37.221,28.386,40.511,419.00000000000006,49.21,,,
2025-08-12,933.3854370117188,0.7360656975243574,379100,353846419.1711426,14.366999,5.2344007,59369500672.0,37.221,28.386,40.511,419.00000000000006,49.21,,,
2025-08-13,935.3340454101562,0.2087678167206119,324100,303141764.11743164,14.366999,5.2344007,59369500672.0,37.221,28.386,40.511,419.00000000000006,49.21,,,
2025-08-14,922.6680297851562,-1.3541702760799024,361400,333452225.96435547,14.366999,5.2344007,59369500672.0,37.221,28.386,40.511,419.00000000000006,49.21,,,
2025-08-15,943.1284790039062,2.217530960026237,447800,422332932.8979492,14.366999,5.2344007,59369500672.0,37.221,28.386,40.511,419.00000000000006,49.21,,,
2025-08-18,965.5375366210938,2.376034455120579,390100,376656193.0358887,14.366999,5.2344007,59369500672.0,37.221,28.386,40.511,419.00000000000006,49.21,,,
2025-08-19,958.7174072265624,-0.7063556967860984,308100,295380833.1665039,14.366999,5.2344007,59369500672.0,37.221,28.386,40.511,419.00000000000006,49.21,,,
2025-08-20,938.2569580078124,-2.134148088323473,355700,333737999.9633789,14.366999,5.2344007,59369500672.0,37.221,28.386,40.511,419.00000000000006,49.21,,,
2025-08-21,938.2569580078124,0.0,202300,189809382.60498047,14.366999,5.2344007,59369500672.0,37.221,28.386,40.511,419.00000000000006,49.21,,,
2025-08-22,951.897216796875,1.4537871179793438,251600,239497339.7460937,14.366999,5.2344007,59369500672.0,37.221,28.386,40.511,419.00000000000006,49.21,,,
2025-08-25,996.71533203125,4.708293547194886,640700,638595513.2324219,14.366999,5.2344007,59369500672.0,37.221,28.386,40.511,419.00000000000006,49.21,,,
2025-08-26,973.3319702148438,-2.3460421511478424,705400,686588371.7895508,14.366999,5.2344007,59369500672.0,37.221,28.386,40.511,419.00000000000006,49.21,,,
2025-08-27,933.3854370117188,-4.1041016246808,522000,487227198.1201172,14.366999,5.2344007,59369500672.0,37.221,28.386,40.511,419.00000000000006,49.21,,,
2025-08-28,931.4368286132812,-0.2087678167206119,522500,486675742.95043945,14.366999,5.2344007,59369500672.0,37.221,28.386,40.511,419.00000000000006,49.21,,,
2025-08-29,931.4368286132812,0.0,204000,190013113.0371093,14.366999,5.2344007,59369500672.0,37.221,28.386,40.511,419.00000000000006,49.21,,,
2025-09-01,936.308349609375,0.5230114213270243,228400,213852827.05078125,14.366999,5.2344007,59369500672.0,37.221,28.386,40.511,419.00000000000006,49.21,,,
2025-09-02,912.9249877929688,-2.4973996895533146,459100,419123861.895752,14.366999,5.2344007,59369500672.0,37.221,28.386,40.511,419.00000000000006,49.21,,,
2025-09-03,917.7965087890624,0.5336167879324671,334600,307094711.8408203,14.366999,5.2344007,59369500672.0,37.221,28.386,40.511,419.00000000000006,49.21,,,
2025-09-04,931.4368286132812,1.486203062835334,188000,175110123.77929688,14.366999,5.2344007,59369500672.0,37.221,28.386,40.511,419.00000000000006,49.21,,,
2025-09-05,916.8222045898438,-1.5690408167772008,486000,445575591.43066406,14.366999,5.2344007,59369500672.0,37.221,28.386,40.511,419.00000000000006,49.21,,,
2025-09-08,955.7944946289062,4.250801283384864,547400,523201906.3598633,14.366999,5.2344007,59369500672.0,37.221,28.386,40.511,419.00000000000006,49.21,,,
2025-09-09,967.4861450195312,1.223238934344817,344700,333492474.1882324,14.366999,5.2344007,59369500672.0,37.221,28.386,40.511,419.00000000000006,49.21,,,
2025-09-10,962.6146240234376,-0.5035235926810544,265300,255381659.753418,14.366999,5.2344007,59369500672.0,37.221,28.386,40.511,419.00000000000006,49.21,,,
2025-09-11,949.9486083984376,-1.31579297767781,399500,379504469.0551758,14.366999,5.2344007,59369500672.0,37.221,28.386,40.511,419.00000000000006,49.21,,,
2025-09-12,970.4090576171876,2.153848012183013,379700,368464319.1772461,14.366999,5.2344007,59369500672.0,37.221,28.386,40.511,419.00000000000006,49.21,,,
2025-09-16,958.7174072265624,-1.2048167006327717,463600,444461389.9902344,14.366999,5.2344007,59369500672.0,37.221,28.386,40.511,419.00000000000006,49.21,,,
2025-09-17,957.7431030273438,-0.1016257962851874,242900,232635799.7253418,14.366999,5.2344007,59369500672.0,37.221,28.386,40.511,419.00000000000006,49.21,,,
2025-09-18,957.7431030273438,0.0,192200,184078224.40185547,14.366999,5.2344007,59369500672.0,37.221,28.386,40.511,419.00000000000006,49.21,,,
2025-09-19,961.6403198242188,0.4069167174951538,367700,353595145.59936523,14.366999,5.2344007,59369500672.0,37.221,28.386,40.511,419.00000000000006,49.21,,,
2025-09-22,977.2291870117188,1.6210704632631856,401400,392259795.6665039,14.366999,5.2344007,59369500672.0,37.221,28.386,40.511,419.00000000000006,49.21,,,
2025-09-24,940.20556640625,-3.7886322980880016,606800,570516737.6953125,14.366999,5.2344007,59369500672.0,37.221,28.386,40.511,419.00000000000006,49.21,,,
2025-09-25,944.102783203125,0.4145068840393451,243400,229794617.43164065,14.366999,5.2344007,59369500672.0,37.221,28.386,40.511,419.00000000000006,49.21,,,
2025-09-26,948.0,0.4127958169610091,283300,268568400.0,14.366999,5.2344007,59369500672.0,37.221,28.386,40.511,419.00000000000006,49.21,,,
2025-09-29,942.0,-0.6329113924050667,295700,278549400.0,14.366999,5.2344007,59369500672.0,37.221,28.386,40.511,419.00000000000006,49.21,,,
2025-09-30,962.0,2.123142250530785,326500,314093000.0,14.366999,5.2344007,59369500672.0,37.221,28.386,40.511,419.00000000000006,49.21,,,
2025-10-01,932.0,-3.118503118503113,201600,187891200.0,14.366999,5.2344007,59369500672.0,37.221,28.386,40.511,419.00000000000006,49.21,,,
2025-10-02,940.0,0.8583690987124415,167000,156980000.0,14.366999,5.2344007,59369500672.0,37.221,28.386,40.511,419.00000000000006,49.21,,,
2025-10-03,952.0,1.2765957446808418,261000,248472000.0,14.366999,5.2344007,59369500672.0,37.221,28.386,40.511,419.00000000000006,49.21,,,
2025-10-06,985.0,3.466386554621858,559000,550615000.0,14.366999,5.2344007,59369500672.0,37.221,28.386,40.511,419.00000000000006,49.21,,,
2025-10-07,950.0,-3.5532994923857864,428100,406695000.0,14.366999,5.2344007,59369500672.0,37.221,28.386,40.511,419.00000000000006,49.21,,,
2025-10-08,958.0,0.8421052631578885,319400,305985200.0,14.366999,5.2344007,59369500672.0,37.221,28.386,40.511,419.00000000000006,49.21,,,
2025-10-09,958.0,0.0,231900,222160200.0,14.366999,5.2344007,59369500672.0,37.221,28.386,40.511,419.00000000000006,49.21,,,
2025-10-10,960.0,0.2087682672233803,302700,290592000.0,14.366999,5.2344007,59369500672.0,37.221,28.386,40.511,419.00000000000006,49.21,,,
2025-10-14,914.0,-4.791666666666671,493900,451424600.0,14.366999,5.2344007,59369500672.0,37.221,28.386,40.511,419.00000000000006,49.21,,,
2025-10-15,927.0,1.422319474835887,346900,321576300.0,14.366999,5.2344007,59369500672.0,37.221,28.386,40.511,419.00000000000006,49.21,,,
2025-10-16,899.0,-3.0204962243797207,534600,480605400.0,14.366999,5.2344007,59369500672.0,37.221,28.386,40.511,419.00000000000006,49.21,,,
2025-10-17,903.0,0.4449388209121219,293500,265030500.0,14.366999,5.2344007,59369500672.0,37.221,28.386,40.511,419.00000000000006,49.21,,,
2025-10-20,913.0,1.107419712070867,266400,243223200.0,14.366999,5.2344007,59369500672.0,37.221,28.386,40.511,419.00000000000006,49.21,,,
2025-10-21,928.0,1.6429353778751432,502600,466412800.0,14.366999,5.2344007,59369500672.0,37.221,28.386,40.511,419.00000000000006,49.21,,,
2025-10-22,937.0,0.969827586206895,298000,279226000.0,14.366999,5.2344007,59369500672.0,37.221,28.386,40.511,419.00000000000006,49.21,,,
2025-10-23,937.0,0.0,244200,228815400.0,14.366999,5.2344007,59369500672.0,37.221,28.386,40.511,419.00000000000006,49.21,,,
2025-10-24,911.0,-2.774813233724649,271200,247063200.0,14.366999,5.2344007,59369500672.0,37.221,28.386,40.511,419.00000000000006,49.21,,,
2025-10-27,924.0,1.427003293084517,215600,199214400.0,14.366999,5.2344007,59369500672.0,37.221,28.386,40.511,419.00000000000006,49.21,,,
2025-10-28,903.0,-2.2727272727272707,313200,282819600.0,14.366999,5.2344007,59369500672.0,37.221,28.386,40.511,419.00000000000006,49.21,,,
2025-10-29,863.0,-4.429678848283503,371500,320604500.0,14.366999,5.2344007,59369500672.0,37.221,28.386,40.511,419.00000000000006,49.21,,,
2025-10-30,865.0,0.2317497103128563,287800,248947000.0,14.366999,5.2344007,59369500672.0,37.221,28.386,40.511,419.00000000000006,49.21,,,
2025-10-31,874.0,1.0404624277456698,267400,233707600.0,14.366999,5.2344007,59369500672.0,37.221,28.386,40.511,419.00000000000006,49.21,,,
2025-11-04,868.0,-0.6864988558352381,851000,738668000.0,14.366999,5.2344007,59369500672.0,37.221,28.386,40.511,419.00000000000006,49.21,,,
2025-11-05,883.0,1.7281105990783363,1513800,1336685400.0,14.366999,5.2344007,59369500672.0,37.221,28.386,40.511,419.00000000000006,49.21,,,
2025-11-06,845.0,-4.303510758776897,924600,781287000.0,14.366999,5.2344007,59369500672.0,37.221,28.386,40.511,419.00000000000006,49.21,,,
2025-11-07,854.0,1.0650887573964596,485000,414190000.0,14.366999,5.2344007,59369500672.0,37.221,28.386,40.511,419.00000000000006,49.21,,,
2025-11-10,831.0,-2.693208430913352,545800,453559800.0,14.366999,5.2344007,59369500672.0,37.221,28.386,40.511,419.00000000000006,49.21,,,
2025-11-11,824.0,-0.8423586040914532,457900,377309600.0,14.366999,5.2344007,59369500672.0,37.221,28.386,40.511,419.00000000000006,49.21,,,
2025-11-12,841.0,2.0631067961164984,329200,276857200.0,14.366999,5.2344007,59369500672.0,37.221,28.386,40.511,419.00000000000006,49.21,,,
2025-11-13,842.0,0.1189060642092787,394400,332084800.0,14.366999,5.2344007,59369500672.0,37.221,28.386,40.511,419.00000000000006,49.21,,,
2025-11-14,834.0,-0.9501187648456088,467900,390228600.0,14.366999,5.2344007,59369500672.0,37.221,28.386,40.511,419.00000000000006,49.21,,,
2025-11-17,835.0,0.1199040767386083,525900,439126500.0,14.366999,5.2344007,59369500672.0,37.221,28.386,40.511,419.00000000000006,49.21,,,
2025-11-18,812.0,-2.754491017964067,482600,391871200.0,14.366999,5.2344007,59369500672.0,37.221,28.386,40.511,419.00000000000006,49.21,,,
2025-11-19,812.0,0.0,392900,319034800.0,14.366999,5.2344007,59369500672.0,37.221,28.386,40.511,419.00000000000006,49.21,,,
2025-11-20,823.0,1.3546798029556717,387200,318665600.0,14.366999,5.2344007,59369500672.0,37.221,28.386,40.511,419.00000000000006,49.21,,,
2025-11-21,833.0,1.2150668286755817,2193900,1827518700.0,14.366999,5.2344007,59369500672.0,37.221,28.386,40.511,419.00000000000006,49.21,,,
2025-11-25,845.0,1.4405762304922076,510500,431372500.0,14.366999,5.2344007,59369500672.0,37.221,28.386,40.511,419.00000000000006,49.21,,,
2025-11-26,856.0,1.3017751479289963,452100,386997600.0,14.366999,5.2344007,59369500672.0,37.221,28.386,40.511,419.00000000000006,49.21,,,
2025-11-27,857.0,0.1168224299065379,443300,379908100.0,14.366999,5.2344007,59369500672.0,37.221,28.386,40.511,419.00000000000006,49.21,,,
2025-11-28,855.0,-0.2333722287047868,322400,275652000.0,14.366999,5.2344007,59369500672.0,37.221,28.386,40.511,419.00000000000006,49.21,,,
2025-12-01,856.0,0.1169590643274931,424800,363628800.0,14.366999,5.2344007,59369500672.0,37.221,28.386,40.511,419.00000000000006,49.21,,,
2025-12-02,848.0,-0.9345794392523366,747900,634219200.0,14.366999,5.2344007,59369500672.0,37.221,28.386,40.511,419.00000000000006,49.21,,,
2025-12-03,849.0,0.1179245283018826,361700,307083300.0,14.366999,5.2344007,59369500672.0,37.221,28.386,40.511,419.00000000000006,49.21,,,
2025-12-04,868.0,2.2379269729092988,419100,363778800.0,14.366999,5.2344007,59369500672.0,37.221,28.386,40.511,419.00000000000006,49.21,,,
2025-12-05,843.0,-2.880184331797231,413600,348664800.0,14.366999,5.2344007,59369500672.0,37.221,28.386,40.511,419.00000000000006,49.21,,,
2025-12-08,848.0,0.5931198102016699,345600,293068800.0,14.366999,5.2344007,59369500672.0,37.221,28.386,40.511,419.00000000000006,49.21,,,
2025-12-09,837.0,-1.297169811320753,355900,297888300.0,14.366999,5.2344007,59369500672.0,37.221,28.386,40.511,419.00000000000006,49.21,,,
2025-12-10,833.0,-0.4778972520907976,325200,270891600.0,14.366999,5.2344007,59369500672.0,37.221,28.386,40.511,419.00000000000006,49.21,,,
2025-12-11,829.0,-0.4801920768307322,365700,303165300.0,14.366999,5.2344007,59369500672.0,37.221,28.386,40.511,419.00000000000006,49.21,,,
2025-12-12,827.0,-0.2412545235223162,480000,396960000.0,14.366999,5.2344007,59369500672.0,37.221,28.386,40.511,419.00000000000006,49.21,,,
2025-12-15,864.0,4.474002418379697,566000,489024000.0,14.366999,5.2344007,59369500672.0,37.221,28.386,40.511,419.00000000000006,49.21,,,
2025-12-16,860.0,-0.462962962962965,352900,303494000.0,14.366999,5.2344007,59369500672.0,37.221,28.386,40.511,419.00000000000006,49.21,,,
2025-12-17,853.0,-0.8139534883720878,468900,399971700.0,14.366999,5.2344007,59369500672.0,37.221,28.386,40.511,419.00000000000006,49.21,,,
2025-12-18,860.0,0.8206330597889888,398300,342538000.0,14.366999,5.2344007,59369500672.0,37.221,28.386,40.511,419.00000000000006,49.21,,,
2025-12-19,857.0,-0.3488372093023217,388000,332516000.0,14.366999,5.2344007,59369500672.0,37.221,28.386,40.511,419.00000000000006,49.21,,,
2025-12-22,846.0,-1.2835472578763163,419800,355150800.0,14.366999,5.2344007,59369500672.0,37.221,28.386,40.511,419.00000000000006,49.21,,,
2025-12-23,851.0,0.5910165484633634,517700,440562700.0,14.366999,5.2344007,59369500672.0,37.221,28.386,40.511,419.00000000000006,49.21,,,
2025-12-24,860.0,1.0575793184488758,217400,186964000.0,14.366999,5.2344007,59369500672.0,37.221,28.386,40.511,419.00000000000006,49.21,,,
2025-12-25,868.0,0.930232558139532,158400,137491200.0,14.366999,5.2344007,59369500672.0,37.221,28.386,40.511,419.00000000000006,49.21,,,
2025-12-26,867.0,-0.1152073732718861,280300,243020100.0,14.366999,5.2344007,59369500672.0,37.221,28.386,40.511,419.00000000000006,49.21,,,
2025-12-29,865.0,-0.2306805074971163,257200,222478000.0,14.366999,5.2344007,59369500672.0,37.221,28.386,40.511,419.00000000000006,49.21,,,
2025-12-30,861.0,-0.4624277456647396,212600,183048600.0,14.366999,5.2344007,59369500672.0,37.221,28.386,40.511,419.00000000000006,49.21,,,
2026-01-05,853.0,-0.9291521486643473,362300,309041900.0,14.366999,5.2344007,59369500672.0,37.221,28.386,40.511,419.00000000000006,49.21,,,
2026-01-06,858.0,0.5861664712778492,275700,236550600.0,14.366999,5.2344007,59369500672.0,37.221,28.386,40.511,419.00000000000006,49.21,,,
2026-01-07,864.0,0.6993006993007089,240800,208051200.0,14.366999,5.2344007,59369500672.0,37.221,28.386,40.511,419.00000000000006,49.21,,,
2026-01-08,876.0,1.388888888888884,329200,288379200.0,14.366999,5.2344007,59369500672.0,37.221,28.386,40.511,419.00000000000006,49.21,,,
2026-01-09,879.0,0.3424657534246478,287300,252536700.0,14.366999,5.2344007,59369500672.0,37.221,28.386,40.511,419.00000000000006,49.21,,,
2026-01-13,866.0,-1.4789533560864654,313800,271750800.0,14.366999,5.2344007,59369500672.0,37.221,28.386,40.511,419.00000000000006,49.21,,,
2026-01-14,855.0,-1.270207852193994,235700,201523500.0,14.366999,5.2344007,59369500672.0,37.221,28.386,40.511,419.00000000000006,49.21,,,
2026-01-15,852.0,-0.3508771929824572,278700,237452400.0,14.366999,5.2344007,59369500672.0,37.221,28.386,40.511,419.00000000000006,49.21,,,
2026-01-16,852.0,0.0,281400,239752800.0,14.366999,5.2344007,59369500672.0,37.221,28.386,40.511,419.00000000000006,49.21,,,
2026-01-19,846.0,-0.7042253521126751,372100,314796600.0,14.366999,5.2344007,59369500672.0,37.221,28.386,40.511,419.00000000000006,49.21,,,
2026-01-20,832.0,-1.654846335697402,389300,323897600.0,14.366999,5.2344007,59369500672.0,37.221,28.386,40.511,419.00000000000006,49.21,,,
2026-01-21,816.0,-1.923076923076928,415800,339292800.0,14.366999,5.2344007,59369500672.0,37.221,28.386,40.511,419.00000000000006,49.21,,,
2026-01-22,822.0,0.7352941176470562,323000,265506000.0,14.366999,5.2344007,59369500672.0,37.221,28.386,40.511,419.00000000000006,49.21,,,
2026-01-23,831.0,1.094890510948909,667800,554941800.0,14.366999,5.2344007,59369500672.0,37.221,28.386,40.511,419.00000000000006,49.21,,,
2026-01-26,809.0,-2.647412755716005,870600,704315400.0,14.366999,5.2344007,59369500672.0,37.221,28.386,40.511,419.00000000000006,49.21,,,
2026-01-27,713.0,-11.86650185414091,2964300,2113545900.0,14.366999,5.2344007,59369500672.0,37.221,28.386,40.511,419.00000000000006,49.21,,,
2026-01-28,720.0,0.9817671809256634,2127600,1531872000.0,14.366999,5.2344007,59369500672.0,37.221,28.386,40.511,419.00000000000006,49.21,,,
2026-01-29,713.0,-0.9722222222222188,1860100,1326251300.0,14.366999,5.2344007,59369500672.0,37.221,28.386,40.511,419.00000000000006,49.21,,,
2026-01-30,724.0,1.5427769985974835,1119400,810445600.0,14.366999,5.2344007,59369500672.0,37.221,28.386,40.511,419.00000000000006,49.21,,,
2026-02-02,705.0,-2.624309392265189,1130400,796932000.0,14.366999,5.2344007,59369500672.0,37.221,28.386,40.511,419.00000000000006,49.21,,,
2026-02-03,706.0,0.1418439716311947,550700,388794200.0,14.366999,5.2344007,59369500672.0,37.221,28.386,40.511,419.00000000000006,49.21,,,
2026-02-04,706.0,0.0,960700,678254200.0,14.366999,5.2344007,59369500672.0,37.221,28.386,40.511,419.00000000000006,49.21,,,
2026-02-05,716.0,1.4164305949008416,635500,455018000.0,14.366999,5.2344007,59369500672.0,37.221,28.386,40.511,419.00000000000006,49.21,,,
2026-02-06,705.0,-1.5363128491620135,943800,665379000.0,14.366999,5.2344007,59369500672.0,37.221,28.386,40.511,419.00000000000006,49.21,,,
2026-02-09,710.0,0.7092198581560183,1210200,859242000.0,14.366999,5.2344007,59369500672.0,37.221,28.386,40.511,419.00000000000006,49.21,,,
2026-02-10,711.0,0.140845070422535,722800,513910800.0,14.366999,5.2344007,59369500672.0,37.221,28.386,40.511,419.00000000000006,49.21,,,
2026-02-12,706.0,-0.7032348804500654,793200,559999200.0,14.366999,5.2344007,59369500672.0,37.221,28.386,40.511,419.00000000000006,49.21,,,
2026-02-13,704.0,-0.283286118980175,651300,458515200.0,14.366999,5.2344007,59369500672.0,37.221,28.386,40.511,419.00000000000006,49.21,,,
2026-02-16,707.0,0.0,577800,408504600.0,,,,,,,,,707.0,714.0,704.0
2026-02-17,704.0,-0.4243281471004279,607700,427820800.0,,,,,,,,,703.0,708.0,701.0
2026-02-18,702.0,-0.28409090909090606,609300,427728600.0,,,,,,,,,702.0,706.0,699.0
