日期,股票代码,开盘,收盘,最高,最低,成交量,成交额,振幅,涨跌幅,涨跌额,换手率
2018-01-02,600176,9.6,10.64,10.64,9.48,652632,1132962480.0,12.28,12.59,1.19,2.24
2018-01-03,600176,10.66,10.79,10.81,10.37,499549,893382928.0,4.14,1.41,0.15,1.71
2018-01-04,600176,10.77,10.64,11.01,10.47,399347,718797968.0,5.0,-1.39,-0.15,1.37
2018-01-05,600176,10.64,10.72,10.75,10.45,350113,625913344.0,2.82,0.75,0.08,1.2
2018-01-08,600176,10.72,10.82,11.36,10.55,564465,1039907072.0,7.56,0.93,0.1,1.93
2018-01-09,600176,10.82,10.36,10.82,10.2,555794,977002448.0,5.73,-4.25,-0.46,1.9
2018-01-10,600176,10.42,10.35,10.58,10.1,383096,671388464.0,4.63,-0.1,-0.01,1.31
2018-01-11,600176,10.36,9.97,10.4,9.8,386319,657296880.0,5.8,-3.67,-0.38,1.32
2018-01-12,600176,10.04,10.04,10.22,9.84,383560,656415232.0,3.81,0.7,0.07,1.31
2018-01-15,600176,10.1,10.16,10.5,9.85,449900,778677952.0,6.47,1.2,0.12,1.54
2018-01-16,600176,10.24,10.93,10.96,10.22,654794,1179776752.0,7.28,7.58,0.77,2.24
2018-01-17,600176,10.95,9.6,11.01,9.6,1174587,1984233408.0,12.9,-12.17,-1.33,4.02
2018-01-18,600176,9.45,9.94,9.96,9.38,584128,971929024.0,6.04,3.54,0.34,2.0
2018-01-19,600176,9.85,10.01,10.07,9.67,520281,878603184.0,4.02,0.7,0.07,1.78
2018-01-22,600176,9.82,10.44,10.45,9.75,367980,633185168.0,6.99,4.3,0.43,1.26
2018-01-23,600176,10.33,10.61,10.88,10.24,300901,537190560.0,6.13,1.63,0.17,1.03
2018-01-24,600176,10.6,10.3,10.62,10.2,242394,425931408.0,3.96,-2.92,-0.31,0.83
2018-01-25,600176,10.31,10.33,10.48,9.98,253579,441388144.0,4.85,0.29,0.03,0.87
2018-01-26,600176,10.23,10.03,10.36,9.97,313940,539688576.0,3.78,-2.9,-0.3,1.08
2018-01-29,600176,10.17,9.42,10.27,9.09,716684,1171291120.0,11.76,-6.08,-0.61,2.46
2018-01-30,600176,9.31,9.75,9.86,9.26,346126,574328928.0,6.37,3.5,0.33,1.19
2018-01-31,600176,9.71,9.63,9.82,9.42,211312,348885568.0,4.1,-1.23,-0.12,0.72
2018-02-01,600176,9.63,9.67,9.99,9.49,257897,430855760.0,5.19,0.42,0.04,0.88
2018-02-02,600176,9.45,10.39,10.47,9.3,481695,826103216.0,12.1,7.45,0.72,1.65
2018-02-05,600176,10.15,10.25,10.4,10.14,334759,582524000.0,2.5,-1.35,-0.14,1.15
2018-02-06,600176,9.89,9.32,9.89,8.98,558218,910257744.0,8.88,-9.07,-0.93,1.91
2018-02-07,600176,9.67,8.83,9.74,8.61,366080,581966160.0,12.12,-5.26,-0.49,1.25
2018-02-08,600176,8.8,8.7,9.13,8.56,273968,421681392.0,6.46,-1.47,-0.13,0.94
2018-02-09,600176,8.16,7.98,8.43,7.65,594764,853196304.0,8.97,-8.28,-0.72,2.04
2018-02-12,600176,8.0,8.4,8.47,8.0,299019,440709568.0,5.89,5.26,0.42,1.02
2018-02-13,600176,8.62,8.58,8.99,8.46,266575,407301760.0,6.31,2.14,0.18,0.91
2018-02-14,600176,8.6,8.86,9.02,8.58,157454,242879248.0,5.13,3.26,0.28,0.54
2018-02-22,600176,9.0,9.2,9.34,8.94,184036,294247136.0,4.51,3.84,0.34,0.63
2018-02-23,600176,9.18,9.28,9.45,9.06,160857,258215981.0,4.24,0.87,0.08,0.55
2018-02-26,600176,9.34,9.6,9.69,9.34,189202,310508432.0,3.77,3.45,0.32,0.65
2018-02-27,600176,9.54,9.23,9.66,9.16,220794,357071856.0,5.21,-3.85,-0.37,0.76
2018-02-28,600176,8.87,9.21,9.28,8.87,187216,296194944.0,4.44,-0.22,-0.02,0.64
2018-03-01,600176,9.08,9.18,9.4,9.05,197016,314976672.0,3.8,-0.33,-0.03,0.68
2018-03-02,600176,9.11,9.46,9.56,9.02,217892,352581424.0,5.88,3.05,0.28,0.75
2018-03-05,600176,9.46,8.83,9.49,8.46,381034,596462512.0,10.89,-6.66,-0.63,1.31
2018-03-06,600176,8.94,9.14,9.18,8.73,211433,331597280.0,5.1,3.51,0.31,0.72
2018-03-07,600176,9.13,9.14,9.37,9.06,160560,256854272.0,3.39,0.0,0.0,0.55
2018-03-08,600176,9.13,9.18,9.29,8.88,164078,258838327.0,4.49,0.44,0.04,0.56
2018-03-09,600176,9.34,9.39,9.55,9.25,220459,357052592.0,3.27,2.29,0.21,0.76
2018-03-12,600176,9.4,9.88,10.02,9.31,367192,613796016.0,7.56,5.22,0.49,1.26
2018-03-13,600176,9.83,9.88,9.96,9.78,181313,305974032.0,1.82,0.0,0.0,0.62
2018-03-14,600176,9.86,9.94,10.0,9.63,230966,390000016.0,3.74,0.61,0.06,0.79
2018-03-15,600176,9.93,10.12,10.31,9.83,259532,445593760.0,4.83,1.81,0.18,0.89
2018-03-16,600176,10.12,9.81,10.31,9.78,231532,395195152.0,5.24,-3.06,-0.31,0.79
2018-03-19,600176,9.81,9.6,9.88,9.48,248694,412087136.0,4.08,-2.14,-0.21,0.85
2018-03-20,600176,9.76,10.13,10.22,9.62,379768,642184544.0,6.25,5.52,0.53,1.3
2018-03-21,600176,10.15,9.8,10.45,9.77,299174,514775712.0,6.71,-3.26,-0.33,1.03
2018-03-22,600176,9.92,9.64,9.99,9.56,216824,361572384.0,4.39,-1.63,-0.16,0.74
2018-03-23,600176,8.91,8.88,9.26,8.55,401328,624275680.0,7.37,-7.88,-0.76,1.38
2018-03-26,600176,8.58,9.22,9.34,8.54,345926,536820608.0,9.01,3.83,0.34,1.19
2018-03-27,600176,9.45,9.24,9.48,8.98,364450,580054000.0,5.42,0.22,0.02,1.25
2018-03-28,600176,8.94,8.56,9.13,8.52,310335,477840752.0,6.6,-7.36,-0.68,1.06
2018-03-29,600176,8.81,8.96,9.07,8.48,303951,466322368.0,6.89,4.67,0.4,1.04
2018-03-30,600176,9.0,8.9,9.05,8.81,208075,323712720.0,2.68,-0.67,-0.06,0.71
2018-04-02,600176,9.0,8.88,9.2,8.83,212938,334632192.0,4.16,-0.22,-0.02,0.73
2018-04-03,600176,8.72,8.43,8.72,8.14,455975,675434176.0,6.53,-5.07,-0.45,1.56
2018-04-04,600176,8.51,8.51,8.68,8.42,241165,363409824.0,3.08,0.95,0.08,0.83
2018-04-09,600176,8.4,8.35,8.57,8.27,182066,269703888.0,3.53,-1.88,-0.16,0.62
2018-04-10,600176,8.4,8.87,8.9,8.35,295194,449431168.0,6.59,6.23,0.52,1.01
2018-04-11,600176,8.91,8.83,9.05,8.72,193878,300891440.0,3.72,-0.45,-0.04,0.66
2018-04-12,600176,8.84,8.75,8.9,8.65,139925,214408789.0,2.83,-0.91,-0.08,0.48
2018-04-13,600176,8.83,8.56,8.86,8.43,203631,308028704.0,4.91,-2.17,-0.19,0.7
2018-04-16,600176,8.45,8.04,8.54,7.84,516161,742543632.0,8.18,-6.07,-0.52,1.77
2018-04-17,600176,8.03,7.53,8.03,7.47,483211,671427792.0,6.97,-6.34,-0.51,1.66
2018-04-18,600176,7.62,7.6,7.74,7.16,357032,485545632.0,7.7,0.93,0.07,1.22
2018-04-19,600176,7.61,7.92,8.03,7.61,326084,461568016.0,5.53,4.21,0.32,1.12
2018-04-20,600176,7.9,7.52,7.97,7.48,220217,305733280.0,6.19,-5.05,-0.4,0.75
2018-04-23,600176,7.54,7.49,7.72,7.35,181560,247030416.0,4.92,-0.4,-0.03,0.62
2018-04-24,600176,7.7,7.94,8.13,7.65,368337,523750768.0,6.41,6.01,0.45,1.26
2018-04-25,600176,7.89,7.83,7.98,7.73,254603,358385888.0,3.15,-1.39,-0.11,0.87
2018-04-26,600176,7.86,7.85,8.03,7.74,259401,367711648.0,3.7,0.26,0.02,0.89
2018-04-27,600176,7.96,7.78,7.97,7.41,348909,482711584.0,7.13,-0.89,-0.07,1.2
2018-05-02,600176,7.81,7.67,7.91,7.53,254244,351922528.0,4.88,-1.41,-0.11,0.87
2018-05-03,600176,7.73,8.0,8.03,7.59,224038,316122112.0,5.74,4.3,0.33,0.77
2018-05-04,600176,7.97,7.97,8.1,7.87,181752,260374826.0,2.88,-0.38,-0.03,0.62
2018-05-07,600176,8.02,8.29,8.38,8.0,274719,402572832.0,4.77,4.02,0.32,0.94
2018-05-08,600176,8.26,8.56,8.59,8.25,245561,368456672.0,4.1,3.26,0.27,0.84
2018-05-09,600176,8.54,8.48,8.62,8.36,152464,228031186.0,3.04,-0.93,-0.08,0.52
2018-05-10,600176,8.48,8.53,8.62,8.41,122295,183383537.0,2.48,0.59,0.05,0.42
2018-05-11,600176,8.62,8.49,8.64,8.42,141089,211270041.0,2.58,-0.47,-0.04,0.48
2018-05-14,600176,8.56,8.87,8.98,8.53,332859,512530912.0,5.3,4.48,0.38,1.14
2018-05-15,600176,8.9,8.85,9.02,8.74,221759,343235536.0,3.16,-0.23,-0.02,0.76
2018-05-16,600176,8.84,8.62,8.84,8.5,222026,336325600.0,3.84,-2.6,-0.23,0.76
2018-05-17,600176,8.63,8.58,8.78,8.52,140846,175103923.0,3.02,-0.46,-0.04,0.4
2018-05-18,600176,8.57,8.37,8.57,8.2,313656,379701376.0,4.31,-2.45,-0.21,0.9
2018-05-21,600176,8.61,9.2,9.26,8.61,567895,726556736.0,7.77,9.92,0.83,1.62
2018-05-22,600176,9.17,9.27,9.33,8.92,447536,582853792.0,4.46,0.76,0.07,1.28
2018-05-23,600176,9.28,9.07,9.28,8.99,372452,482901632.0,3.13,-2.16,-0.2,1.06
2018-05-24,600176,9.0,8.6,9.0,8.57,387778,485325168.0,4.74,-5.18,-0.47,1.11
2018-05-25,600176,8.58,8.35,8.67,8.29,313746,381940544.0,4.42,-2.91,-0.25,0.9
2018-05-28,600176,8.35,8.4,8.53,8.1,290977,352065280.0,5.15,0.6,0.05,0.83
2018-05-29,600176,8.41,8.07,8.43,8.03,294349,351698688.0,4.76,-3.93,-0.33,0.84
2018-05-30,600176,7.9,7.96,8.22,7.56,286723,334883872.0,8.18,-1.36,-0.11,0.82
2018-05-31,600176,8.12,8.41,8.42,8.08,301646,362316064.0,4.27,5.65,0.45,0.86
2018-06-01,600176,8.39,8.5,8.59,8.2,398559,488142304.0,4.64,1.07,0.09,1.14
2018-06-04,600176,8.51,8.27,8.57,8.22,290099,349724272.0,4.12,-2.71,-0.23,0.83
2018-06-05,600176,8.25,8.6,8.64,8.2,306012,375871888.0,5.32,3.99,0.33,0.87
2018-06-06,600176,8.56,8.53,8.67,8.43,221163,272400816.0,2.79,-0.81,-0.07,0.63
2018-06-07,600176,8.57,8.41,8.68,8.4,326652,402765248.0,3.28,-1.41,-0.12,0.93
2018-06-08,600176,8.33,8.08,8.39,8.06,406880,484437920.0,3.92,-3.92,-0.33,1.16
2018-06-11,600176,8.07,8.11,8.29,7.99,286076,339795104.0,3.71,0.37,0.03,0.82
2018-06-12,600176,8.09,8.37,8.43,8.08,277295,333706368.0,4.32,3.21,0.26,0.79
2018-06-13,600176,8.36,8.28,8.44,8.19,187657,226234274.0,2.99,-1.08,-0.09,0.54
2018-06-14,600176,8.24,8.15,8.32,7.97,224845,266201247.0,4.23,-1.57,-0.13,0.64
2018-06-15,600176,8.08,7.95,8.21,7.86,218882,256421671.0,4.29,-2.45,-0.2,0.62
2018-06-19,600176,7.78,7.23,7.78,6.94,474820,520205808.0,10.57,-9.06,-0.72,1.36
2018-06-20,600176,7.2,7.43,7.56,7.13,358239,394105024.0,5.95,2.77,0.2,1.02
2018-06-21,600176,7.51,7.37,7.78,7.36,339814,382221152.0,5.65,-0.81,-0.06,0.97
2018-06-22,600176,7.36,7.59,7.68,7.17,240830,268351042.0,6.92,2.99,0.22,0.69
2018-06-25,600176,7.71,7.41,7.79,7.37,254416,286111072.0,5.53,-2.37,-0.18,0.73
2018-06-26,600176,7.2,7.15,7.28,6.94,415582,444574544.0,4.59,-3.51,-0.26,1.19
2018-06-27,600176,7.18,6.85,7.3,6.54,521875,541684160.0,10.63,-4.2,-0.3,1.49
2018-06-28,600176,6.85,6.45,6.86,6.29,611952,614221696.0,8.32,-5.84,-0.4,1.75
2018-06-29,600176,6.5,6.7,6.82,6.38,382460,388654240.0,6.82,3.88,0.25,1.09
2018-07-02,600176,6.73,6.37,6.77,6.21,453177,449811456.0,8.36,-4.93,-0.33,1.29
2018-07-03,600176,6.36,6.2,6.42,5.84,597770,568782400.0,9.11,-2.67,-0.17,1.71
2018-07-04,600176,6.2,5.94,6.31,5.87,526858,499064736.0,7.1,-4.19,-0.26,1.5
2018-07-05,600176,5.96,5.64,6.09,5.6,485192,446026976.0,8.25,-5.05,-0.3,1.39
2018-07-06,600176,5.64,5.68,5.86,5.38,474053,427734304.0,8.51,0.71,0.04,1.35
2018-07-09,600176,5.71,6.47,6.47,5.71,728333,703434128.0,13.38,13.91,0.79,2.08
2018-07-10,600176,6.63,6.57,6.72,6.45,701240,707226224.0,4.17,1.55,0.1,2.0
2018-07-11,600176,6.33,6.7,6.72,6.09,761932,747398176.0,9.59,1.98,0.13,2.18
2018-07-12,600176,6.61,6.95,7.27,6.57,752811,787987808.0,10.45,3.73,0.25,2.15
2018-07-13,600176,6.95,7.05,7.2,6.84,401407,427273760.0,5.18,1.44,0.1,1.15
2018-07-16,600176,7.09,6.99,7.32,6.96,332355,354209840.0,5.11,-0.85,-0.06,0.95
2018-07-17,600176,7.04,7.08,7.11,6.93,326215,345253152.0,2.58,1.29,0.09,0.93
2018-07-18,600176,7.17,6.82,7.19,6.8,306966,324019344.0,5.51,-3.67,-0.26,0.88
2018-07-19,600176,6.89,7.11,7.26,6.89,465536,499678128.0,5.43,4.25,0.29,1.33
2018-07-20,600176,7.06,7.32,7.39,6.93,473422,510263264.0,6.47,2.95,0.21,1.35
2018-07-23,600176,7.22,7.4,7.52,7.1,481711,526834528.0,5.74,1.09,0.08,1.38
2018-07-24,600176,7.45,7.9,8.06,7.45,621894,716080208.0,8.24,6.76,0.5,1.78
2018-07-25,600176,7.83,7.69,7.9,7.67,300008,342762064.0,2.91,-2.66,-0.21,0.86
2018-07-26,600176,7.68,7.47,7.77,7.34,392803,437234160.0,5.59,-2.86,-0.22,1.12
2018-07-27,600176,7.4,7.3,7.53,7.21,281246,309937808.0,4.28,-2.28,-0.17,0.8
2018-07-30,600176,7.3,7.45,7.66,7.3,296755,330710800.0,4.93,2.05,0.15,0.85
2018-07-31,600176,7.43,7.44,7.5,7.14,265573,291077328.0,4.83,-0.13,-0.01,0.76
2018-08-01,600176,7.45,7.17,7.62,7.12,346422,382109360.0,6.72,-3.63,-0.27,0.99
2018-08-02,600176,7.11,6.84,7.12,6.7,429325,446950480.0,5.86,-4.6,-0.33,1.23
2018-08-03,600176,6.81,6.68,7.02,6.64,436067,451750160.0,5.56,-2.34,-0.16,1.25
2018-08-06,600176,6.64,6.3,6.76,6.18,421169,417177824.0,8.68,-5.69,-0.38,1.2
2018-08-07,600176,6.38,6.74,6.75,6.34,320307,322619248.0,6.51,6.98,0.44,0.91
2018-08-08,600176,6.75,6.81,6.92,6.64,286066,295499424.0,4.15,1.04,0.07,0.82
2018-08-09,600176,6.68,6.87,6.99,6.58,302364,314118384.0,6.02,0.88,0.06,0.86
2018-08-10,600176,6.85,7.02,7.08,6.82,259107,273135600.0,3.78,2.18,0.15,0.74
2018-08-13,600176,6.91,6.89,6.97,6.59,254318,262606772.0,5.41,-1.85,-0.13,0.73
2018-08-14,600176,6.84,6.73,6.93,6.61,202182,208504028.0,4.64,-2.32,-0.16,0.58
2018-08-15,600176,6.75,6.51,6.94,6.46,437821,447094112.0,7.13,-3.27,-0.22,1.25
2018-08-16,600176,6.2,6.48,6.63,6.2,358474,356897360.0,6.61,-0.46,-0.03,1.02
2018-08-17,600176,6.61,6.25,6.65,6.22,331353,324512176.0,6.64,-3.55,-0.23,0.95
2018-08-20,600176,6.27,6.27,6.37,5.95,408853,390860688.0,6.72,0.32,0.02,1.17
2018-08-21,600176,6.27,6.54,6.62,6.24,439360,439108176.0,6.06,4.31,0.27,1.25
2018-08-22,600176,6.53,6.55,6.66,6.47,290634,293004416.0,2.91,0.15,0.01,0.83
2018-08-23,600176,6.57,6.59,6.64,6.35,265723,266907110.0,4.43,0.61,0.04,0.76
2018-08-24,600176,6.55,6.61,6.68,6.52,202933,205443164.0,2.43,0.3,0.02,0.58
2018-08-27,600176,6.61,6.9,7.03,6.61,377204,393275168.0,6.35,4.39,0.29,1.08
2018-08-28,600176,6.98,7.03,7.16,6.86,304944,323019648.0,4.35,1.88,0.13,0.87
2018-08-29,600176,7.01,7.05,7.1,6.9,178099,188487987.0,2.84,0.28,0.02,0.51
2018-08-30,600176,7.07,7.1,7.16,6.89,266236,282650672.0,3.83,0.71,0.05,0.76
2018-08-31,600176,6.94,6.94,7.05,6.75,289361,302581456.0,4.23,-2.25,-0.16,0.83
2018-09-03,600176,6.84,6.82,6.89,6.66,189082,194544742.0,3.31,-1.73,-0.12,0.54
2018-09-04,600176,6.9,6.94,7.0,6.68,242628,253091813.0,4.69,1.76,0.12,0.69
2018-09-05,600176,6.85,6.58,6.89,6.57,195578,200571599.0,4.61,-5.19,-0.36,0.56
2018-09-06,600176,6.54,6.61,6.72,6.37,231740,232977115.0,5.32,0.46,0.03,0.66
2018-09-07,600176,6.65,6.61,6.78,6.46,196127,198670349.0,4.84,0.0,0.0,0.56
2018-09-10,600176,6.54,6.26,6.61,6.2,250797,246234253.0,6.2,-5.3,-0.35,0.72
2018-09-11,600176,6.26,5.99,6.34,5.78,436928,410253424.0,8.95,-4.31,-0.27,1.25
2018-09-12,600176,5.99,5.93,5.99,5.71,269625,250039426.0,4.67,-1.0,-0.06,0.77
2018-09-13,600176,6.11,6.12,6.16,5.93,252446,238877148.0,3.88,3.2,0.19,0.72
2018-09-14,600176,6.13,6.13,6.21,6.03,211557,202216689.0,2.94,0.16,0.01,0.6
2018-09-17,600176,6.01,5.95,6.08,5.9,165911,156084970.0,2.94,-2.94,-0.18,0.47
2018-09-18,600176,5.89,6.41,6.44,5.89,335170,323315648.0,9.24,7.73,0.46,0.96
2018-09-19,600176,6.33,6.46,6.55,6.25,255092,253125018.0,4.68,0.78,0.05,0.73
2018-09-20,600176,6.49,6.58,6.65,6.45,213711,215187570.0,3.1,1.86,0.12,0.61
2018-09-21,600176,6.59,6.74,6.82,6.51,179266,183200716.0,4.71,2.43,0.16,0.51
2018-09-25,600176,6.65,6.68,6.69,6.53,189057,191334451.0,2.37,-0.89,-0.06,0.54
2018-09-26,600176,6.6,6.82,6.96,6.6,398783,413386048.0,5.39,2.1,0.14,1.14
2018-09-27,600176,6.82,6.9,6.99,6.77,250608,262523732.0,3.23,1.17,0.08,0.72
2018-09-28,600176,6.94,7.03,7.12,6.9,245928,261446128.0,3.19,1.88,0.13,0.7
2018-10-08,600176,6.89,6.78,6.94,6.69,309828,320493280.0,3.56,-3.56,-0.25,0.88
2018-10-09,600176,6.78,6.81,6.89,6.68,213324,220514350.0,3.1,0.44,0.03,0.61
2018-10-10,600176,6.85,6.75,6.9,6.68,216850,223910669.0,3.23,-0.88,-0.06,0.62
2018-10-11,600176,6.44,6.38,6.75,6.21,434448,435074784.0,8.0,-5.48,-0.37,1.24
2018-10-12,600176,6.33,6.81,6.81,6.33,281785,284339120.0,7.52,6.74,0.43,0.8
2018-10-15,600176,6.88,6.62,6.92,6.49,296740,301993712.0,6.31,-2.79,-0.19,0.85
2018-10-16,600176,6.33,5.81,6.41,5.74,637932,598608496.0,10.12,-12.24,-0.81,1.82
2018-10-17,600176,5.89,5.74,5.94,5.41,363052,328438304.0,9.12,-1.2,-0.07,1.04
2018-10-18,600176,5.64,5.61,5.71,5.52,168491,151398244.0,3.31,-2.26,-0.13,0.48
2018-10-19,600176,5.4,5.86,5.94,5.36,305374,277498320.0,10.34,4.46,0.25,0.87
2018-10-22,600176,5.98,6.49,6.6,5.98,396284,390248640.0,10.58,10.75,0.63,1.13
2018-10-23,600176,6.54,6.31,6.59,6.26,263306,259853232.0,5.08,-2.77,-0.18,0.75
2018-10-24,600176,6.24,6.28,6.48,6.2,198714,194625285.0,4.44,-0.48,-0.03,0.57
2018-10-25,600176,5.9,6.08,6.16,5.85,260955,245205556.0,4.94,-3.18,-0.2,0.75
2018-10-26,600176,6.31,6.11,6.37,6.02,191551,184502558.0,5.76,0.49,0.03,0.55
2018-10-29,600176,6.05,5.88,6.11,5.71,229759,212992617.0,6.55,-3.76,-0.23,0.66
2018-10-30,600176,5.81,5.85,6.0,5.66,199418,184419062.0,5.78,-0.51,-0.03,0.57
2018-10-31,600176,5.89,5.98,6.11,5.86,223478,210958783.0,4.27,2.22,0.13,0.64
2018-11-01,600176,6.12,6.19,6.36,6.12,350105,339424272.0,4.01,3.51,0.21,1.0
2018-11-02,600176,6.46,6.53,6.63,6.27,558050,555845088.0,5.82,5.49,0.34,1.59
2018-11-05,600176,6.47,6.62,6.73,6.44,387956,390742592.0,4.44,1.38,0.09,1.11
2018-11-06,600176,6.63,6.54,6.64,6.46,131106,131211835.0,2.72,-1.21,-0.08,0.37
2018-11-07,600176,6.61,6.51,6.68,6.49,172532,173671164.0,2.91,-0.46,-0.03,0.49
2018-11-08,600176,6.59,6.5,6.72,6.49,189223,191584107.0,3.53,-0.15,-0.01,0.54
2018-11-09,600176,6.41,6.43,6.55,6.38,127947,127131936.0,2.62,-1.08,-0.07,0.37
2018-11-12,600176,6.37,6.6,6.61,6.35,156716,156710437.0,4.04,2.64,0.17,0.45
2018-11-13,600176,6.51,6.8,6.93,6.45,322921,329973168.0,7.27,3.03,0.2,0.92
2018-11-14,600176,6.78,6.72,6.88,6.65,172120,177212839.0,3.38,-1.18,-0.08,0.49
2018-11-15,600176,6.63,6.74,6.8,6.63,154484,158356671.0,2.53,0.3,0.02,0.44
2018-11-16,600176,6.73,6.89,7.01,6.71,265610,276818208.0,4.45,2.23,0.15,0.76
2018-11-19,600176,6.89,7.11,7.17,6.86,321246,340436112.0,4.5,3.19,0.22,0.92
2018-11-20,600176,7.03,6.74,7.1,6.72,294562,309348096.0,5.34,-5.2,-0.37,0.84
2018-11-21,600176,6.63,7.09,7.09,6.54,312743,325563456.0,8.16,5.19,0.35,0.89
2018-11-22,600176,7.07,6.92,7.14,6.89,168111,177746932.0,3.53,-2.4,-0.17,0.48
2018-11-23,600176,6.95,6.71,6.96,6.66,173610,178598536.0,4.34,-3.03,-0.21,0.5
2018-11-26,600176,6.72,6.49,6.78,6.47,181102,182391906.0,4.62,-3.28,-0.22,0.52
2018-11-27,600176,6.55,6.59,6.74,6.53,160939,163118250.0,3.24,1.54,0.1,0.46
2018-11-28,600176,6.56,6.66,6.68,6.46,160443,162027426.0,3.34,1.06,0.07,0.46
2018-11-29,600176,6.75,6.51,6.82,6.5,152115,154875110.0,4.8,-2.25,-0.15,0.43
2018-11-30,600176,6.5,6.61,6.63,6.46,120675,121363204.0,2.61,1.54,0.1,0.34
2018-12-03,600176,6.98,7.06,7.09,6.91,358701,379541456.0,2.72,6.81,0.45,1.02
2018-12-04,600176,7.01,6.97,7.08,6.89,156062,164447442.0,2.69,-1.27,-0.09,0.45
2018-12-05,600176,6.81,6.82,6.88,6.68,181609,187611838.0,2.87,-2.15,-0.15,0.52
2018-12-06,600176,6.72,6.56,6.75,6.54,215321,218271619.0,3.08,-3.81,-0.26,0.61
2018-12-07,600176,6.55,6.66,6.66,6.54,93601,94625552.0,1.83,1.52,0.1,0.27
2018-12-10,600176,6.59,6.5,6.64,6.49,147222,147900200.0,2.25,-2.4,-0.16,0.42
2018-12-11,600176,6.54,6.57,6.61,6.49,90248,90631967.0,1.85,1.08,0.07,0.26
2018-12-12,600176,6.6,6.63,6.71,6.57,110514,112252525.0,2.13,0.91,0.06,0.32
2018-12-13,600176,6.63,6.96,6.99,6.58,327108,340985584.0,6.18,4.98,0.33,0.93
2018-12-14,600176,6.94,6.9,7.11,6.86,310694,327153008.0,3.59,-0.86,-0.06,0.89
2018-12-17,600176,6.88,6.95,7.15,6.85,239232,252901042.0,4.35,0.72,0.05,0.68
2018-12-18,600176,6.89,6.91,7.0,6.79,153809,160815279.0,3.02,-0.58,-0.04,0.44
2018-12-19,600176,6.92,6.81,6.99,6.75,130993,136444970.0,3.47,-1.45,-0.1,0.37
2018-12-20,600176,6.81,6.82,6.87,6.72,97809,101203959.0,2.2,0.15,0.01,0.28
2018-12-21,600176,6.75,6.7,6.81,6.6,134106,136788367.0,3.08,-1.76,-0.12,0.38
2018-12-24,600176,6.68,6.7,6.76,6.59,152197,155096588.0,2.54,0.0,0.0,0.43
2018-12-25,600176,6.64,6.39,6.64,6.21,303220,298875392.0,6.42,-4.63,-0.31,0.87
2018-12-26,600176,6.38,6.13,6.43,6.08,188632,182515192.0,5.48,-4.07,-0.26,0.54
2018-12-27,600176,6.33,6.15,6.38,6.11,214627,207550914.0,4.4,0.33,0.02,0.61
2018-12-28,600176,6.13,6.21,6.28,6.11,124099,119702457.0,2.76,0.98,0.06,0.35
2019-01-02,600176,6.2,6.04,6.27,5.97,201560,192015438.0,4.83,-2.74,-0.17,0.58
2019-01-03,600176,6.09,6.03,6.11,5.99,129791,123030515.0,1.99,-0.17,-0.01,0.37
2019-01-04,600176,5.98,6.15,6.25,5.82,253205,240104237.0,7.13,1.99,0.12,0.72
2019-01-07,600176,6.24,6.15,6.27,5.89,269723,256233404.0,6.18,0.0,0.0,0.77
2019-01-08,600176,6.06,6.0,6.14,5.96,192412,181938848.0,2.93,-2.44,-0.15,0.55
2019-01-09,600176,6.03,6.13,6.3,6.0,231205,222743046.0,5.0,2.17,0.13,0.66
2019-01-10,600176,6.13,6.05,6.16,6.01,141104,134100257.0,2.45,-1.31,-0.08,0.4
2019-01-11,600176,6.06,6.12,6.17,5.99,140292,133843170.0,2.98,1.16,0.07,0.4
2019-01-14,600176,6.1,6.03,6.13,5.99,131575,124401557.0,2.29,-1.47,-0.09,0.38
2019-01-15,600176,6.0,6.13,6.13,5.97,174854,166330000.0,2.65,1.66,0.1,0.5
2019-01-16,600176,6.13,6.18,6.28,6.1,221718,213833459.0,2.94,0.82,0.05,0.63
2019-01-17,600176,6.19,6.07,6.2,6.05,152100,145127628.0,2.43,-1.78,-0.11,0.43
2019-01-18,600176,6.07,6.18,6.21,6.06,184083,176610010.0,2.47,1.81,0.11,0.53
2019-01-21,600176,6.2,6.4,6.46,6.2,329272,324635584.0,4.21,3.56,0.22,0.94
2019-01-22,600176,6.37,6.33,6.49,6.26,194797,191347284.0,3.59,-1.09,-0.07,0.56
2019-01-23,600176,6.33,6.34,6.41,6.29,105964,104155403.0,1.9,0.16,0.01,0.3
2019-01-24,600176,6.39,6.54,6.58,6.34,213672,213053126.0,3.79,3.15,0.2,0.61
2019-01-25,600176,6.54,6.68,6.82,6.53,301746,309428704.0,4.43,2.14,0.14,0.86
2019-01-28,600176,6.69,6.68,6.9,6.59,187157,191764266.0,4.64,0.0,0.0,0.53
2019-01-29,600176,6.57,6.62,6.71,6.5,154227,156149274.0,3.14,-0.9,-0.06,0.44
2019-01-30,600176,6.57,6.55,6.71,6.53,129954,131981536.0,2.72,-1.06,-0.07,0.37
2019-01-31,600176,6.6,6.44,6.68,6.39,186425,186603280.0,4.43,-1.68,-0.11,0.53
2019-02-01,600176,6.52,6.62,6.64,6.46,219671,221484777.0,2.8,2.8,0.18,0.63
2019-02-11,600176,6.63,6.84,6.89,6.62,266905,275281840.0,4.08,3.32,0.22,0.76
2019-02-12,600176,6.8,6.84,6.85,6.72,250377,258824206.0,1.9,0.0,0.0,0.71
2019-02-13,600176,6.87,7.6,7.7,6.81,680373,742368928.0,13.01,11.11,0.76,1.94
2019-02-14,600176,7.53,7.52,7.75,7.43,377663,422347920.0,4.21,-1.05,-0.08,1.08
2019-02-15,600176,7.52,7.21,7.52,7.2,412799,451348976.0,4.26,-4.12,-0.31,1.18
2019-02-18,600176,7.29,7.51,7.61,7.27,538238,596933456.0,4.72,4.16,0.3,1.54
2019-02-19,600176,7.51,7.39,7.63,7.29,335807,371970832.0,4.53,-1.6,-0.12,0.96
2019-02-20,600176,7.39,7.42,7.43,7.27,243007,266506289.0,2.17,0.41,0.03,0.69
2019-02-21,600176,7.38,7.31,7.52,7.25,403303,442311520.0,3.64,-1.48,-0.11,1.15
2019-02-22,600176,7.25,7.18,7.27,6.98,598821,640719616.0,3.97,-1.78,-0.13,1.71
2019-02-25,600176,7.17,7.56,7.62,7.11,952193,1049097216.0,7.1,5.29,0.38,2.72
2019-02-26,600176,7.68,7.39,7.68,7.33,727349,808903040.0,4.63,-2.25,-0.17,2.08
2019-02-27,600176,7.51,7.21,7.51,7.17,598980,655167776.0,4.6,-2.44,-0.18,1.71
2019-02-28,600176,7.23,7.34,7.38,7.15,394033,429776576.0,3.19,1.8,0.13,1.13
2019-03-01,600176,7.43,7.61,7.61,7.31,679505,757459472.0,4.09,3.68,0.27,1.94
2019-03-04,600176,7.82,7.74,7.94,7.59,1039889,1190814336.0,4.6,1.71,0.13,2.97
2019-03-05,600176,7.72,7.61,7.72,7.48,829374,929749440.0,3.1,-1.68,-0.13,2.37
2019-03-06,600176,7.66,7.58,7.72,7.46,898004,1008992192.0,3.42,-0.39,-0.03,2.56
2019-03-07,600176,7.54,7.38,7.54,7.27,977519,1076598112.0,3.56,-2.64,-0.2,2.79
2019-03-08,600176,7.21,6.86,7.21,6.83,943304,998340912.0,5.15,-7.05,-0.52,2.69
2019-03-11,600176,6.83,7.05,7.07,6.74,623031,651608576.0,4.81,2.77,0.19,1.78
2019-03-12,600176,7.06,7.05,7.18,6.91,803007,853671360.0,3.83,0.0,0.0,2.29
2019-03-13,600176,7.03,7.03,7.18,6.85,644585,681372688.0,4.68,-0.28,-0.02,1.84
2019-03-14,600176,7.05,6.96,7.17,6.85,592529,628413872.0,4.55,-1.0,-0.07,1.69
2019-03-15,600176,7.02,7.1,7.23,6.95,699276,747813584.0,4.02,2.01,0.14,2.0
2019-03-18,600176,7.13,7.42,7.48,7.04,944873,1024417344.0,6.2,4.51,0.32,2.7
2019-03-19,600176,7.44,7.17,7.47,7.11,943665,1024337808.0,4.85,-3.37,-0.25,2.69
2019-03-20,600176,7.16,7.38,7.47,6.98,977639,1059182576.0,6.83,2.93,0.21,2.79
2019-03-21,600176,7.23,7.19,7.28,7.12,997688,1078304560.0,2.17,-2.57,-0.19,2.85
2019-03-22,600176,7.17,7.24,7.24,7.12,524498,565065648.0,1.67,0.7,0.05,1.5
2019-03-25,600176,7.08,7.02,7.15,7.01,491302,523706768.0,1.93,-3.04,-0.22,1.4
2019-03-26,600176,7.04,6.95,7.12,6.93,374157,396832160.0,2.71,-1.0,-0.07,1.07
2019-03-27,600176,7.0,6.97,7.05,6.9,330617,348359712.0,2.16,0.29,0.02,0.94
2019-03-28,600176,6.97,6.92,7.04,6.88,272075,286099152.0,2.3,-0.72,-0.05,0.78
2019-03-29,600176,6.91,7.11,7.14,6.91,528247,562775456.0,3.32,2.75,0.19,1.51
2019-04-01,600176,7.25,7.62,7.72,7.25,1402967,1568107392.0,6.61,7.17,0.51,4.01
2019-04-02,600176,7.73,7.75,8.04,7.67,1308740,1506051120.0,4.86,1.71,0.13,3.74
2019-04-03,600176,7.7,7.94,8.03,7.63,863430,999388208.0,5.16,2.45,0.19,2.47
2019-04-04,600176,7.94,8.13,8.29,7.94,1057420,1254612992.0,4.41,2.39,0.19,3.02
2019-04-08,600176,8.31,8.56,8.8,8.26,1409103,1736938064.0,6.64,5.29,0.43,4.02
2019-04-09,600176,8.51,8.27,8.51,8.15,668608,803478880.0,4.21,-3.39,-0.29,1.91
2019-04-10,600176,8.16,8.08,8.29,7.91,683847,806910016.0,4.59,-2.3,-0.19,1.95
2019-04-11,600176,8.09,7.95,8.22,7.92,525402,617704672.0,3.71,-1.61,-0.13,1.5
2019-04-12,600176,7.96,7.8,8.02,7.71,522839,602947776.0,3.9,-1.89,-0.15,1.49
2019-04-15,600176,8.04,7.7,8.22,7.66,648930,755946672.0,7.18,-1.28,-0.1,1.85
2019-04-16,600176,7.69,8.15,8.15,7.6,730320,849485824.0,7.14,5.84,0.45,2.09
2019-04-17,600176,8.15,8.03,8.22,7.95,462025,543542304.0,3.31,-1.47,-0.12,1.32
2019-04-18,600176,8.02,7.77,8.06,7.76,444828,514226608.0,3.74,-3.24,-0.26,1.27
2019-04-19,600176,7.78,7.86,7.99,7.76,432150,499316848.0,2.96,1.16,0.09,1.23
2019-04-22,600176,7.92,7.5,7.94,7.48,660855,745553248.0,5.85,-4.58,-0.36,1.89
2019-04-23,600176,7.5,7.41,7.59,7.37,449472,497521680.0,2.93,-1.2,-0.09,1.28
2019-04-24,600176,7.43,7.56,7.59,7.37,383005,426355520.0,2.97,2.02,0.15,1.09
2019-04-25,600176,7.26,7.29,7.43,7.16,582005,633712800.0,3.57,-3.57,-0.27,1.66
2019-04-26,600176,7.2,7.25,7.35,7.12,328635,356699552.0,3.16,-0.55,-0.04,0.94
2019-04-29,600176,7.25,7.2,7.36,7.03,352796,380441104.0,4.55,-0.69,-0.05,1.01
2019-04-30,600176,7.24,7.29,7.43,7.2,266199,291337216.0,3.19,1.25,0.09,0.76
2019-05-06,600176,6.94,6.46,6.96,6.39,617137,622391232.0,7.82,-11.39,-0.83,1.76
2019-05-07,600176,6.49,6.59,6.71,6.43,347361,351019888.0,4.33,2.01,0.13,0.99
2019-05-08,600176,6.41,6.42,6.59,6.33,201884,201176840.0,3.95,-2.58,-0.17,0.58
2019-05-09,600176,6.36,6.31,6.45,6.17,300735,292795616.0,4.36,-1.71,-0.11,0.86
2019-05-10,600176,6.38,6.46,6.49,6.15,327350,323685472.0,5.39,2.38,0.15,0.93
2019-05-13,600176,6.37,6.27,6.42,6.27,194584,190841901.0,2.32,-2.94,-0.19,0.56
2019-05-14,600176,6.16,6.12,6.29,6.12,300124,288850832.0,2.71,-2.39,-0.15,0.86
2019-05-15,600176,6.2,6.29,6.35,6.2,298851,291121952.0,2.45,2.78,0.17,0.85
2019-05-16,600176,6.32,6.36,6.41,6.24,264002,259068487.0,2.7,1.11,0.07,0.75
2019-05-17,600176,6.39,6.05,6.39,6.03,408472,391945328.0,5.66,-4.87,-0.31,1.17
2019-05-20,600176,6.14,5.95,6.14,5.79,359327,335517840.0,5.79,-1.65,-0.1,1.03
2019-05-21,600176,5.99,6.18,6.19,5.87,456418,433960128.0,5.38,3.87,0.23,1.3
2019-05-22,600176,6.14,6.31,6.45,6.1,424605,414317504.0,5.66,2.1,0.13,1.21
2019-05-23,600176,6.32,6.15,6.35,6.12,220191,212767498.0,3.65,-2.54,-0.16,0.63
2019-05-24,600176,6.16,6.25,6.28,6.1,198404,187381371.0,2.93,1.63,0.1,0.57
2019-05-27,600176,6.23,6.35,6.37,6.16,245846,234491484.0,3.36,1.6,0.1,0.7
2019-05-28,600176,6.32,6.23,6.38,6.19,237096,226327667.0,2.99,-1.89,-0.12,0.68
2019-05-29,600176,6.22,6.21,6.27,6.14,229550,216521352.0,2.09,-0.32,-0.02,0.66
2019-05-30,600176,6.17,6.04,6.19,5.97,270409,250432568.0,3.54,-2.74,-0.17,0.77
2019-05-31,600176,6.03,6.03,6.15,6.01,196026,181924622.0,2.32,-0.17,-0.01,0.56
2019-06-03,600176,6.03,5.84,6.08,5.81,381441,345931280.0,4.48,-3.15,-0.19,1.09
2019-06-04,600176,5.87,5.81,5.88,5.74,225710,203210229.0,2.4,-0.51,-0.03,0.64
2019-06-05,600176,5.87,5.81,5.88,5.78,201909,181544365.0,1.72,0.0,0.0,0.58
2019-06-06,600176,5.82,5.72,5.84,5.67,191038,169877530.0,2.93,-1.55,-0.09,0.55
2019-06-10,600176,5.72,5.78,5.86,5.72,121769,109070378.0,2.45,1.05,0.06,0.35
2019-06-11,600176,5.87,6.1,6.12,5.87,269004,248168448.0,4.33,5.54,0.32,0.77
2019-06-12,600176,6.07,6.04,6.22,6.03,176396,164494461.0,3.11,-0.98,-0.06,0.5
2019-06-13,600176,6.04,6.02,6.07,5.92,121687,111928205.0,2.48,-0.33,-0.02,0.35
2019-06-14,600176,6.02,5.9,6.02,5.88,132043,120617618.0,2.33,-1.99,-0.12,0.38
2019-06-17,600176,5.88,5.95,5.97,5.88,103400,94466187.0,1.53,0.85,0.05,0.3
2019-06-18,600176,5.94,5.94,5.97,5.88,91553,83493336.0,1.51,-0.17,-0.01,0.26
2019-06-19,600176,6.14,6.09,6.23,6.06,239459,223742290.0,2.86,2.53,0.15,0.68
2019-06-20,600176,6.05,6.24,6.3,6.04,243850,230374370.0,4.27,2.46,0.15,0.7
2019-06-21,600176,6.29,6.32,6.4,6.26,248029,237123973.0,2.24,1.28,0.08,0.71
2019-06-24,600176,6.32,6.48,6.51,6.23,265357,257156845.0,4.43,2.53,0.16,0.76
2019-06-25,600176,6.47,6.31,6.47,6.23,156580,149939025.0,3.7,-2.62,-0.17,0.45
2019-06-26,600176,6.26,6.21,6.32,6.19,156688,148528772.0,2.06,-1.58,-0.1,0.45
2019-06-27,600176,6.2,6.34,6.37,6.2,182365,174246299.0,2.74,2.09,0.13,0.52
2019-06-28,600176,6.36,6.29,6.37,6.22,139361,132935383.0,2.37,-0.79,-0.05,0.4
2019-07-01,600176,6.42,6.45,6.51,6.42,190818,185626866.0,1.43,2.54,0.16,0.54
2019-07-02,600176,6.42,6.52,6.6,6.4,183629,180146357.0,3.1,1.09,0.07,0.52
2019-07-03,600176,6.5,6.44,6.5,6.39,131405,127591038.0,1.69,-1.23,-0.08,0.38
2019-07-04,600176,6.44,6.47,6.57,6.44,113841,111255446.0,2.02,0.47,0.03,0.33
2019-07-05,600176,6.48,6.37,6.5,6.35,121379,117161976.0,2.32,-1.55,-0.1,0.35
2019-07-08,600176,6.38,6.09,6.38,5.95,213417,199174659.0,6.75,-4.4,-0.28,0.61
2019-07-09,600176,6.04,5.97,6.16,5.87,185682,170339148.0,4.76,-1.97,-0.12,0.53
2019-07-10,600176,5.95,5.91,6.02,5.86,131948,120130806.0,2.68,-1.01,-0.06,0.38
2019-07-11,600176,5.93,5.94,6.02,5.91,102529,93965929.0,1.86,0.51,0.03,0.29
2019-07-12,600176,5.94,5.94,6.03,5.91,106846,97908282.0,2.02,0.0,0.0,0.31
2019-07-15,600176,5.96,5.95,6.02,5.81,125974,114721538.0,3.54,0.17,0.01,0.36
2019-07-16,600176,5.96,5.98,6.03,5.88,157239,143992997.0,2.52,0.5,0.03,0.45
2019-07-17,600176,5.96,5.93,5.99,5.91,126369,115413085.0,1.34,-0.84,-0.05,0.36
2019-07-18,600176,5.91,5.88,5.94,5.85,110363,100145171.0,1.52,-0.84,-0.05,0.32
2019-07-19,600176,5.88,5.88,5.97,5.88,116201,105800000.0,1.53,0.0,0.0,0.33
2019-07-22,600176,5.9,5.75,5.9,5.72,159013,142204866.0,3.06,-2.21,-0.13,0.45
2019-07-23,600176,5.7,5.75,5.8,5.7,129306,115139678.0,1.74,0.0,0.0,0.37
2019-07-24,600176,5.79,5.81,5.87,5.77,131683,118568131.0,1.74,1.04,0.06,0.38
2019-07-25,600176,5.82,5.76,5.83,5.74,151831,135767009.0,1.55,-0.86,-0.05,0.43
2019-07-26,600176,5.74,5.78,5.79,5.69,151192,134457574.0,1.74,0.35,0.02,0.43
2019-07-29,600176,5.75,5.69,5.79,5.69,167729,148782942.0,1.73,-1.56,-0.09,0.48
2019-07-30,600176,5.68,5.73,5.77,5.67,163824,145832001.0,1.76,0.7,0.04,0.47
2019-07-31,600176,5.74,5.75,5.77,5.67,130750,116176765.0,1.75,0.35,0.02,0.37
2019-08-01,600176,5.71,5.7,5.74,5.67,105565,93631898.0,1.22,-0.87,-0.05,0.3
2019-08-02,600176,5.57,5.5,5.58,5.46,246045,212478423.0,2.11,-3.51,-0.2,0.7
2019-08-05,600176,5.49,5.45,5.56,5.44,147597,127132660.0,2.18,-0.91,-0.05,0.42
2019-08-06,600176,5.34,5.25,5.34,4.87,360710,295963664.0,8.62,-3.67,-0.2,1.03
2019-08-07,600176,5.25,5.16,5.32,5.12,117326,97076147.0,3.81,-1.71,-0.09,0.33
2019-08-08,600176,5.16,5.14,5.25,5.12,110658,91520792.0,2.52,-0.39,-0.02,0.32
2019-08-09,600176,5.19,5.04,5.21,4.97,173927,141157451.0,4.67,-1.95,-0.1,0.5
2019-08-12,600176,5.04,4.97,5.06,4.89,238196,190706887.0,3.37,-1.39,-0.07,0.68
2019-08-13,600176,4.91,5.13,5.24,4.83,262313,212309217.0,8.25,3.22,0.16,0.75
2019-08-14,600176,5.25,5.13,5.3,5.13,157396,130646043.0,3.31,0.0,0.0,0.45
2019-08-15,600176,4.96,5.18,5.22,4.9,211095,172534752.0,6.24,0.97,0.05,0.6
2019-08-16,600176,5.22,5.28,5.34,5.15,205126,171761747.0,3.67,1.93,0.1,0.59
2019-08-19,600176,5.36,5.37,5.4,5.25,153474,129736301.0,2.84,1.7,0.09,0.44
2019-08-20,600176,5.37,5.43,5.49,5.34,161626,137998732.0,2.79,1.12,0.06,0.46
2019-08-21,600176,5.48,5.58,5.61,5.43,225649,195776355.0,3.31,2.76,0.15,0.64
2019-08-22,600176,5.51,5.45,5.51,5.35,190617,163286479.0,2.87,-2.33,-0.13,0.54
2019-08-23,600176,5.46,5.36,5.54,5.33,161899,138089091.0,3.85,-1.65,-0.09,0.46
2019-08-26,600176,5.18,5.17,5.29,5.15,179122,148745451.0,2.61,-3.54,-0.19,0.51
2019-08-27,600176,5.23,5.17,5.26,5.12,274979,227796029.0,2.71,0.0,0.0,0.79
2019-08-28,600176,5.13,5.17,5.25,5.05,242234,198934385.0,3.87,0.0,0.0,0.69
2019-08-29,600176,5.18,5.17,5.21,5.1,119304,98363712.0,2.13,0.0,0.0,0.34
2019-08-30,600176,5.19,5.11,5.23,5.11,96167,79222679.0,2.32,-1.16,-0.06,0.27
2019-09-02,600176,5.08,5.18,5.2,5.08,146720,121017914.0,2.35,1.37,0.07,0.42
2019-09-03,600176,5.18,5.35,5.42,5.17,272447,229705552.0,4.83,3.28,0.17,0.78
2019-09-04,600176,5.32,5.54,5.54,5.3,256508,220065563.0,4.49,3.55,0.19,0.73
2019-09-05,600176,5.6,5.74,5.9,5.6,437689,391558272.0,5.42,3.61,0.2,1.25
2019-09-06,600176,5.78,5.72,5.88,5.65,304902,271780112.0,4.01,-0.35,-0.02,0.87
2019-09-09,600176,5.81,5.75,5.86,5.68,245182,218523508.0,3.15,0.52,0.03,0.7
2019-09-10,600176,5.75,5.63,5.8,5.59,237171,209174403.0,3.65,-2.09,-0.12,0.68
2019-09-11,600176,5.67,5.56,5.7,5.55,180636,158142618.0,2.66,-1.24,-0.07,0.52
2019-09-12,600176,5.6,5.6,5.67,5.52,211216,184106929.0,2.7,0.72,0.04,0.6
2019-09-16,600176,5.62,5.47,5.63,5.44,312190,269368960.0,3.39,-2.32,-0.13,0.89
2019-09-17,600176,5.45,5.18,5.46,5.15,349839,293053440.0,5.67,-5.3,-0.29,1.0
2019-09-18,600176,5.22,5.22,5.28,5.18,173460,144450588.0,1.93,0.77,0.04,0.5
2019-09-19,600176,5.23,5.29,5.31,5.2,115249,96429102.0,2.11,1.34,0.07,0.33
2019-09-20,600176,5.32,5.29,5.32,5.23,171084,143182061.0,1.7,0.0,0.0,0.49
2019-09-23,600176,5.25,5.07,5.25,5.04,295655,240964391.0,3.97,-4.16,-0.22,0.84
2019-09-24,600176,5.06,5.1,5.15,5.04,235819,192685725.0,2.17,0.59,0.03,0.67
2019-09-25,600176,5.11,5.1,5.13,5.05,140500,114802843.0,1.57,0.0,0.0,0.4
2019-09-26,600176,5.11,5.1,5.18,5.08,170880,140248628.0,1.96,0.0,0.0,0.49
2019-09-27,600176,5.07,5.06,5.11,5.01,127660,103838154.0,1.96,-0.78,-0.04,0.36
2019-09-30,600176,5.06,5.05,5.11,5.04,107571,87541983.0,1.38,-0.2,-0.01,0.31
2019-10-08,600176,5.08,5.25,5.35,5.06,222012,185295050.0,5.74,3.96,0.2,0.63
2019-10-09,600176,5.23,5.24,5.25,5.13,97673,80849040.0,2.29,-0.19,-0.01,0.28
2019-10-10,600176,5.23,5.3,5.31,5.18,110365,92346853.0,2.48,1.15,0.06,0.32
2019-10-11,600176,5.3,5.29,5.35,5.23,122397,102765991.0,2.26,-0.19,-0.01,0.35
2019-10-14,600176,5.34,5.28,5.38,5.25,213323,179605988.0,2.46,-0.19,-0.01,0.61
2019-10-15,600176,5.28,5.14,5.28,5.09,189206,155796691.0,3.6,-2.65,-0.14,0.54
2019-10-16,600176,5.15,5.24,5.31,5.15,159479,133158543.0,3.11,1.95,0.1,0.46
2019-10-17,600176,5.24,5.34,5.35,5.18,192107,161436831.0,3.24,1.91,0.1,0.55
2019-10-18,600176,5.31,5.31,5.39,5.24,149161,125689778.0,2.81,-0.56,-0.03,0.43
2019-10-21,600176,5.25,5.37,5.38,5.24,151377,127862225.0,2.64,1.13,0.06,0.43
2019-10-22,600176,5.37,5.39,5.43,5.3,161053,136505200.0,2.42,0.37,0.02,0.46
2019-10-23,600176,5.33,5.21,5.34,5.08,285777,236526514.0,4.82,-3.34,-0.18,0.82
2019-10-24,600176,5.11,5.06,5.19,5.05,256398,209720923.0,2.69,-2.88,-0.15,0.73
2019-10-25,600176,5.04,5.11,5.11,5.02,247627,201193049.0,1.78,0.99,0.05,0.71
2019-10-28,600176,5.08,5.1,5.11,5.04,196811,160516702.0,1.37,-0.2,-0.01,0.56
2019-10-29,600176,5.1,5.01,5.11,5.01,159804,129800737.0,1.96,-1.76,-0.09,0.46
2019-10-30,600176,5.01,4.95,5.01,4.92,147636,118303888.0,1.8,-1.2,-0.06,0.42
2019-10-31,600176,4.94,4.89,5.01,4.85,157170,125339009.0,3.23,-1.21,-0.06,0.45
2019-11-01,600176,4.96,5.1,5.11,4.88,211745,170876161.0,4.7,4.29,0.21,0.6
2019-11-04,600176,5.08,5.29,5.33,5.07,317898,265111423.0,5.1,3.73,0.19,0.91
2019-11-05,600176,5.32,5.34,5.37,5.25,249322,210458605.0,2.27,0.95,0.05,0.71
2019-11-06,600176,5.35,5.35,5.49,5.34,300744,256375537.0,2.81,0.19,0.01,0.86
2019-11-07,600176,5.38,5.82,5.82,5.33,691982,605883712.0,9.16,8.79,0.47,1.98
2019-11-08,600176,5.82,5.81,6.07,5.78,557229,506754400.0,4.98,-0.17,-0.01,1.59
2019-11-11,600176,5.81,5.6,5.81,5.58,295370,260736584.0,3.96,-3.61,-0.21,0.84
2019-11-12,600176,5.7,5.66,5.81,5.56,168491,148731735.0,4.46,1.07,0.06,0.48
2019-11-13,600176,5.74,5.5,5.74,5.47,184746,160612432.0,4.77,-2.83,-0.16,0.53
2019-11-14,600176,5.57,5.91,5.91,5.55,458121,409845120.0,6.55,7.45,0.41,1.31
2019-11-15,600176,5.84,5.74,5.89,5.69,182674,163864053.0,3.38,-2.88,-0.17,0.52
2019-11-18,600176,5.74,5.87,5.92,5.67,298274,268807440.0,4.36,2.26,0.13,0.85
2019-11-19,600176,5.9,6.13,6.23,5.87,395057,369999104.0,6.13,4.43,0.26,1.13
2019-11-20,600176,6.1,6.22,6.35,6.1,354630,336864656.0,4.08,1.47,0.09,1.01
2019-11-21,600176,6.15,6.14,6.31,6.09,213661,201122500.0,3.54,-1.29,-0.08,0.61
2019-11-22,600176,6.16,6.14,6.26,6.09,263469,248274011.0,2.77,0.0,0.0,0.75
2019-11-25,600176,6.16,6.26,6.53,6.16,361495,346199696.0,6.03,1.95,0.12,1.03
2019-11-26,600176,6.25,6.03,6.29,6.03,389724,364607504.0,4.15,-3.67,-0.23,1.11
2019-11-27,600176,6.16,6.09,6.3,6.05,241959,226958023.0,4.15,1.0,0.06,0.69
2019-11-28,600176,6.14,5.91,6.16,5.85,288896,264054424.0,5.09,-2.96,-0.18,0.82
2019-11-29,600176,5.92,5.85,5.98,5.74,193479,174588121.0,4.06,-1.02,-0.06,0.55
2019-12-02,600176,5.9,5.98,6.17,5.9,267313,246841205.0,4.62,2.22,0.13,0.76
2019-12-03,600176,5.9,5.93,6.01,5.78,225559,204811489.0,3.85,-0.84,-0.05,0.64
2019-12-04,600176,5.88,5.86,5.95,5.81,167615,151288930.0,2.36,-1.18,-0.07,0.48
2019-12-05,600176,5.89,6.09,6.16,5.89,374303,346667728.0,4.61,3.92,0.23,1.07
2019-12-06,600176,6.05,6.13,6.19,5.98,220854,205452344.0,3.45,0.66,0.04,0.63
2019-12-09,600176,6.19,6.27,6.36,6.14,406485,386449776.0,3.59,2.28,0.14,1.16
2019-12-10,600176,6.26,6.47,6.52,6.24,442628,429603024.0,4.47,3.19,0.2,1.26
2019-12-11,600176,6.56,6.47,6.78,6.44,558687,551511120.0,5.26,0.0,0.0,1.6
2019-12-12,600176,6.54,6.61,6.7,6.37,406654,399854048.0,5.1,2.16,0.14,1.16
2019-12-13,600176,6.83,6.7,6.87,6.63,384670,386056784.0,3.63,1.36,0.09,1.1
2019-12-16,600176,6.73,6.71,6.79,6.62,301917,302164784.0,2.54,0.15,0.01,0.86
2019-12-17,600176,6.77,7.05,7.11,6.66,439595,452023840.0,6.71,5.07,0.34,1.26
2019-12-18,600176,7.01,6.93,7.17,6.87,282752,293088688.0,4.26,-1.7,-0.12,0.81
2019-12-19,600176,6.93,6.79,6.99,6.69,368663,373206976.0,4.33,-2.02,-0.14,1.05
2019-12-20,600176,6.79,6.88,7.0,6.75,240173,246070200.0,3.68,1.33,0.09,0.69
2019-12-23,600176,6.88,6.97,7.17,6.88,290228,302198736.0,4.22,1.31,0.09,0.83
2019-12-24,600176,6.97,7.0,7.09,6.72,317064,323364240.0,5.31,0.43,0.03,0.91
2019-12-25,600176,7.05,6.86,7.05,6.77,194815,198188542.0,4.0,-2.0,-0.14,0.56
2019-12-26,600176,6.85,7.17,7.18,6.83,321729,336052368.0,5.1,4.52,0.31,0.92
2019-12-27,600176,7.17,7.28,7.43,7.08,391553,416835104.0,4.88,1.53,0.11,1.12
2019-12-30,600176,7.47,7.49,7.56,7.28,362559,394593664.0,3.85,2.88,0.21,1.04
2019-12-31,600176,7.41,7.49,7.6,7.34,311251,338235920.0,3.47,0.0,0.0,0.89
2020-01-02,600176,7.62,7.54,7.84,7.49,425344,471519728.0,4.67,0.67,0.05,1.21
2020-01-03,600176,7.54,7.57,7.63,7.45,264378,290296176.0,2.39,0.4,0.03,0.75
2020-01-06,600176,7.4,7.33,7.48,7.21,457684,492111984.0,3.57,-3.17,-0.24,1.31
2020-01-07,600176,7.35,7.4,7.52,7.29,251506,271287632.0,3.14,0.95,0.07,0.72
2020-01-08,600176,7.32,7.24,7.39,7.19,454678,484457184.0,2.7,-2.16,-0.16,1.3
2020-01-09,600176,7.36,7.39,7.57,7.33,317042,343766912.0,3.31,2.07,0.15,0.91
2020-01-10,600176,7.42,7.46,7.49,7.33,241845,261714052.0,2.17,0.95,0.07,0.69
2020-01-13,600176,7.49,7.91,7.92,7.41,485332,543413728.0,6.84,6.03,0.45,1.39
2020-01-14,600176,7.91,7.84,8.08,7.69,307922,349662048.0,4.93,-0.88,-0.07,0.88
2020-01-15,600176,7.8,7.63,7.84,7.59,198631,220970631.0,3.19,-2.68,-0.21,0.57
2020-01-16,600176,7.63,7.64,7.74,7.55,217101,240523466.0,2.49,0.13,0.01,0.62
2020-01-17,600176,7.64,7.55,7.7,7.5,142529,157152813.0,2.62,-1.18,-0.09,0.41
2020-01-20,600176,7.53,7.77,7.91,7.36,369835,411366784.0,7.28,2.91,0.22,1.06
2020-01-21,600176,7.78,7.38,7.8,7.35,368333,403013376.0,5.79,-5.02,-0.39,1.05
2020-01-22,600176,7.22,7.29,7.45,7.0,366590,388923968.0,6.1,-1.22,-0.09,1.05
2020-01-23,600176,7.22,6.7,7.22,6.57,496096,505622464.0,8.92,-8.09,-0.59,1.42
2020-02-03,600176,5.82,6.01,6.13,5.82,716702,655782224.0,4.63,-10.3,-0.69,2.05
2020-02-04,600176,6.01,6.42,6.62,6.01,476626,454468752.0,10.15,6.82,0.41,1.36
2020-02-05,600176,6.44,6.55,6.6,6.33,430432,418958832.0,4.21,2.02,0.13,1.23
2020-02-06,600176,6.49,6.61,6.75,6.3,432978,423631312.0,6.87,0.92,0.06,1.24
2020-02-07,600176,6.53,6.5,6.63,6.31,292409,283322480.0,4.84,-1.66,-0.11,0.83
2020-02-10,600176,6.39,6.64,6.74,6.31,368352,363141328.0,6.62,2.15,0.14,1.05
2020-02-11,600176,6.65,6.63,6.83,6.55,331837,331278544.0,4.22,-0.15,-0.01,0.95
2020-02-12,600176,6.58,6.77,6.85,6.56,246492,247866724.0,4.37,2.11,0.14,0.7
2020-02-13,600176,6.74,6.77,7.06,6.72,306661,314175568.0,5.02,0.0,0.0,0.88
2020-02-14,600176,6.79,6.87,7.0,6.71,278665,283378816.0,4.28,1.48,0.1,0.8
2020-02-17,600176,6.87,6.96,7.0,6.76,367470,375073600.0,3.49,1.31,0.09,1.05
2020-02-18,600176,6.91,6.82,7.0,6.77,269008,273574448.0,3.3,-2.01,-0.14,0.77
2020-02-19,600176,6.79,6.82,7.03,6.75,318774,325554704.0,4.11,0.0,0.0,0.91
2020-02-20,600176,6.86,6.97,7.0,6.79,360207,368427632.0,3.08,2.2,0.15,1.03
2020-02-21,600176,7.04,6.86,7.04,6.83,333691,341641008.0,3.01,-1.58,-0.11,0.95
2020-02-24,600176,6.81,6.7,6.81,6.63,361617,361482016.0,2.62,-2.33,-0.16,1.03
2020-02-25,600176,6.48,6.42,6.54,6.3,691886,667675408.0,3.58,-4.18,-0.28,1.98
2020-02-26,600176,6.27,6.43,6.73,6.16,652260,631021552.0,8.88,0.16,0.01,1.86
2020-02-27,600176,6.38,6.5,6.75,6.36,391384,385587280.0,6.07,1.09,0.07,1.12
2020-02-28,600176,6.3,6.16,6.46,5.95,583196,548480704.0,7.85,-5.23,-0.34,1.67
2020-03-02,600176,6.17,6.67,6.72,6.07,785834,772359984.0,10.55,8.28,0.51,2.24
2020-03-03,600176,6.77,6.49,6.83,6.35,590544,579895184.0,7.2,-2.7,-0.18,1.69
2020-03-04,600176,6.33,6.5,6.57,6.3,390805,378443872.0,4.16,0.15,0.01,1.12
2020-03-05,600176,6.57,6.7,6.74,6.57,461203,459493264.0,2.62,3.08,0.2,1.32
2020-03-06,600176,6.61,6.39,6.65,6.37,466612,452908976.0,4.18,-4.63,-0.31,1.33
2020-03-09,600176,6.26,5.99,6.27,5.97,520193,483389568.0,4.69,-6.26,-0.4,1.49
2020-03-10,600176,5.86,6.04,6.12,5.86,380121,349650944.0,4.34,0.83,0.05,1.09
2020-03-11,600176,6.07,5.96,6.12,5.96,236984,218266115.0,2.65,-1.32,-0.08,0.68
2020-03-12,600176,5.84,5.58,5.88,5.52,598637,526699664.0,6.04,-6.38,-0.38,1.71
2020-03-13,600176,5.08,5.39,5.5,5.04,761158,631022016.0,8.24,-3.41,-0.19,2.17
2020-03-16,600176,5.4,4.98,5.4,4.95,563047,461406576.0,8.35,-7.61,-0.41,1.61
2020-03-17,600176,4.96,4.93,5.11,4.69,359572,284995568.0,8.43,-1.0,-0.05,1.03
2020-03-18,600176,5.04,4.88,5.17,4.86,364993,296086256.0,6.29,-1.01,-0.05,1.04
2020-03-19,600176,4.86,4.84,4.97,4.65,416063,325500064.0,6.56,-0.82,-0.04,1.19
2020-03-20,600176,4.93,4.96,5.02,4.8,323393,257951722.0,4.55,2.48,0.12,0.92
2020-03-23,600176,4.77,4.61,4.82,4.61,476902,367217712.0,4.23,-7.06,-0.35,1.36
2020-03-24,600176,4.76,4.69,4.79,4.53,379556,291306368.0,5.64,1.74,0.08,1.08
2020-03-25,600176,4.86,5.19,5.25,4.86,955951,781905264.0,8.32,10.66,0.5,2.73
2020-03-26,600176,5.11,5.07,5.2,5.05,254458,208115950.0,2.89,-2.31,-0.12,0.73
2020-03-27,600176,5.18,5.22,5.32,5.08,441270,366583664.0,4.73,2.96,0.15,1.26
2020-03-30,600176,5.08,4.92,5.11,4.83,528690,422903792.0,5.36,-5.75,-0.3,1.51
2020-03-31,600176,5.01,4.86,5.04,4.83,349968,279301296.0,4.27,-1.22,-0.06,1.0
2020-04-01,600176,4.84,4.87,5.03,4.82,299771,238651449.0,4.32,0.21,0.01,0.86
2020-04-02,600176,4.82,4.97,4.97,4.8,249529,198044178.0,3.49,2.05,0.1,0.71
2020-04-03,600176,4.97,4.9,4.97,4.86,198378,157821030.0,2.21,-1.41,-0.07,0.57
2020-04-07,600176,5.03,5.1,5.17,4.98,445536,362146384.0,3.88,4.08,0.2,1.27
2020-04-08,600176,4.97,5.23,5.32,4.94,504533,415981008.0,7.45,2.55,0.13,1.44
2020-04-09,600176,5.25,5.35,5.44,5.18,426515,360947968.0,4.97,2.29,0.12,1.22
2020-04-10,600176,5.32,5.25,5.41,5.22,237578,199176666.0,3.55,-1.87,-0.1,0.68
2020-04-13,600176,5.18,5.16,5.21,5.1,166185,136596578.0,2.1,-1.71,-0.09,0.47
2020-04-14,600176,5.2,5.39,5.42,5.16,352488,297613856.0,5.04,4.46,0.23,1.01
2020-04-15,600176,5.41,5.23,5.42,5.22,234402,196644791.0,3.71,-2.97,-0.16,0.67
2020-04-16,600176,5.2,5.23,5.3,5.13,190029,158018539.0,3.25,0.0,0.0,0.54
2020-04-17,600176,5.27,5.39,5.54,5.25,439153,374923984.0,5.54,3.06,0.16,1.25
2020-04-20,600176,5.41,5.4,5.5,5.35,261739,223142028.0,2.78,0.19,0.01,0.75
2020-04-21,600176,5.35,5.18,5.36,5.13,237323,196772367.0,4.26,-4.07,-0.22,0.68
2020-04-22,600176,5.08,5.26,5.29,5.05,202802,168201639.0,4.63,1.54,0.08,0.58
2020-04-23,600176,5.3,5.21,5.32,5.17,156426,130248662.0,2.85,-0.95,-0.05,0.45
2020-04-24,600176,5.2,5.19,5.34,5.17,152455,126818327.0,3.26,-0.38,-0.02,0.44
2020-04-27,600176,5.11,5.19,5.39,5.1,401992,335414896.0,5.59,0.0,0.0,1.15
2020-04-28,600176,5.21,5.1,5.22,4.94,325253,266173767.0,5.39,-1.73,-0.09,0.93
2020-04-29,600176,5.12,5.22,5.32,5.09,217938,181594972.0,4.51,2.35,0.12,0.62
2020-04-30,600176,5.25,5.65,5.65,5.25,478408,413969648.0,7.66,8.24,0.43,1.37
2020-05-06,600176,5.53,5.7,5.78,5.52,340030,298741664.0,4.6,0.88,0.05,0.97
2020-05-07,600176,5.68,5.56,5.69,5.52,277516,241728585.0,2.98,-2.46,-0.14,0.79
2020-05-08,600176,5.57,5.55,5.63,5.52,194923,169797674.0,1.98,-0.18,-0.01,0.56
2020-05-11,600176,5.59,5.87,5.89,5.59,500256,449132432.0,5.41,5.77,0.32,1.43
2020-05-12,600176,5.83,6.0,6.02,5.67,372809,337188336.0,5.96,2.21,0.13,1.06
2020-05-13,600176,5.96,5.98,6.06,5.86,231317,211436642.0,3.33,-0.33,-0.02,0.66
2020-05-14,600176,6.0,5.95,6.09,5.88,213780,196070841.0,3.51,-0.5,-0.03,0.61
2020-05-15,600176,6.01,5.93,6.02,5.88,198639,180991002.0,2.35,-0.34,-0.02,0.57
2020-05-18,600176,6.0,5.73,6.04,5.72,321193,287935648.0,5.4,-3.37,-0.2,0.92
2020-05-19,600176,5.83,6.18,6.24,5.83,533669,497238128.0,7.16,7.85,0.45,1.52
2020-05-20,600176,6.17,6.14,6.29,6.08,321260,301866912.0,3.4,-0.65,-0.04,0.92
2020-05-21,600176,6.15,6.3,6.38,6.1,431752,410259744.0,4.56,2.61,0.16,1.23
2020-05-22,600176,6.25,5.9,6.28,5.82,345930,311297504.0,7.3,-6.35,-0.4,0.99
2020-05-25,600176,5.89,5.98,6.04,5.83,166648,148915572.0,3.56,1.36,0.08,0.48
2020-05-26,600176,5.99,5.97,6.2,5.9,340314,308221600.0,5.02,-0.17,-0.01,0.97
2020-05-27,600176,5.99,5.85,5.99,5.8,213208,188773368.0,3.18,-2.01,-0.12,0.61
2020-05-28,600176,5.84,5.76,5.91,5.67,219983,192593216.0,4.1,-1.54,-0.09,0.63
2020-05-29,600176,5.76,5.84,5.88,5.69,187678,164866098.0,3.3,1.39,0.08,0.54
2020-06-01,600176,5.9,6.06,6.11,5.83,309679,279157088.0,4.79,3.77,0.22,0.88
2020-06-02,600176,6.04,6.0,6.1,5.87,281890,252916309.0,3.8,-0.99,-0.06,0.8
2020-06-03,600176,6.01,5.98,6.13,5.96,340183,308972880.0,2.83,-0.33,-0.02,0.97
2020-06-04,600176,6.04,5.99,6.1,5.93,174127,156854458.0,2.84,0.17,0.01,0.5
2020-06-05,600176,5.97,5.86,6.0,5.83,212997,189326374.0,2.84,-2.17,-0.13,0.61
2020-06-08,600176,5.92,6.44,6.47,5.9,831150,771954144.0,9.73,9.9,0.58,2.37
2020-06-09,600176,6.39,6.76,6.85,6.33,785106,769606752.0,8.07,4.97,0.32,2.24
2020-06-10,600176,6.77,6.81,6.92,6.69,636626,631197392.0,3.4,0.74,0.05,1.82
2020-06-11,600176,6.85,6.61,6.88,6.53,452842,443417824.0,5.14,-2.94,-0.2,1.29
2020-06-12,600176,6.42,6.46,6.5,6.34,519429,492564368.0,2.42,-2.27,-0.15,1.48
2020-06-15,600176,6.43,6.23,6.49,6.23,402671,378675984.0,4.02,-3.56,-0.23,1.15
2020-06-16,600176,6.32,6.34,6.44,6.22,431945,404733840.0,3.53,1.77,0.11,1.23
2020-06-17,600176,6.34,6.34,6.45,6.28,239454,225000781.0,2.68,0.0,0.0,0.68
2020-06-18,600176,6.32,6.32,6.41,6.21,289393,270179792.0,3.15,-0.32,-0.02,0.83
2020-06-19,600176,6.32,6.37,6.42,6.31,294555,278023552.0,1.74,0.79,0.05,0.84
2020-06-22,600176,6.35,6.49,6.72,6.33,452002,434891040.0,6.12,1.88,0.12,1.29
2020-06-23,600176,6.46,6.26,6.46,6.25,397688,373062976.0,3.24,-3.54,-0.23,1.14
2020-06-24,600176,6.24,6.32,6.42,6.24,198366,186210968.0,2.88,0.96,0.06,0.57
2020-06-29,600176,6.28,6.22,6.39,6.09,293135,271600832.0,4.75,-1.58,-0.1,0.84
2020-06-30,600176,6.25,6.12,6.26,6.02,438864,402457472.0,3.86,-1.61,-0.1,1.25
2020-07-01,600176,6.13,6.42,6.42,6.04,459015,428551680.0,6.21,4.9,0.3,1.31
2020-07-02,600176,6.37,6.65,6.71,6.35,633926,614604448.0,5.61,3.58,0.23,1.81
2020-07-03,600176,6.65,6.6,6.83,6.55,480100,469193680.0,4.21,-0.75,-0.05,1.37
2020-07-06,600176,6.77,6.95,6.95,6.69,848816,845680400.0,3.94,5.3,0.35,2.42
2020-07-07,600176,7.11,6.8,7.22,6.76,742361,745558544.0,6.62,-2.16,-0.15,2.12
2020-07-08,600176,6.86,6.79,6.88,6.57,790706,776698560.0,4.56,-0.15,-0.01,2.26
2020-07-09,600176,6.78,7.04,7.06,6.68,797301,795749232.0,5.6,3.68,0.25,2.28
2020-07-10,600176,6.95,6.68,6.95,6.66,837058,829533776.0,4.12,-5.11,-0.36,2.39
2020-07-13,600176,6.65,7.28,7.37,6.64,1133436,1158050704.0,10.93,8.98,0.6,3.24
2020-07-14,600176,7.29,7.36,7.5,7.12,812801,851984672.0,5.22,1.1,0.08,2.32
2020-07-15,600176,7.32,7.16,7.44,7.03,652984,679280192.0,5.57,-2.72,-0.2,1.86
2020-07-16,600176,7.18,6.99,7.55,6.89,739120,772476960.0,9.22,-2.37,-0.17,2.11
2020-07-17,600176,7.03,7.65,7.67,6.95,1095066,1163322656.0,10.3,9.44,0.66,3.13
2020-07-20,600176,7.87,8.61,8.61,7.87,1824289,2148205776.0,9.67,12.55,0.96,5.21
2020-07-21,600176,8.47,8.48,8.61,8.17,966427,1136081104.0,5.11,-1.51,-0.13,2.76
2020-07-22,600176,8.56,8.44,8.69,8.29,630371,746628912.0,4.72,-0.47,-0.04,1.8
2020-07-23,600176,8.21,8.35,8.47,7.98,615949,713035712.0,5.81,-1.07,-0.09,1.76
2020-07-24,600176,8.21,8.4,8.84,8.01,1099897,1299536064.0,9.94,0.6,0.05,3.14
2020-07-27,600176,9.06,8.63,9.43,8.46,1294303,1597676464.0,11.55,2.74,0.23,3.7
2020-07-28,600176,8.7,8.9,9.27,8.34,772818,947334144.0,10.78,3.13,0.27,2.21
2020-07-29,600176,8.74,9.76,9.93,8.5,1053646,1360312688.0,16.07,9.66,0.86,3.01
2020-07-30,600176,9.65,10.29,10.63,9.65,1219037,1673397280.0,10.04,5.43,0.53,3.48
2020-07-31,600176,10.17,10.23,10.32,9.89,750562,1025626000.0,4.18,-0.58,-0.06,2.14
2020-08-03,600176,10.35,9.93,10.39,9.02,1151999,1530047056.0,13.39,-2.93,-0.3,3.29
2020-08-04,600176,9.93,10.21,10.45,9.86,1015909,1400591072.0,5.94,2.82,0.28,2.9
2020-08-05,600176,10.17,9.98,10.24,9.6,776235,1047133536.0,6.27,-2.25,-0.23,2.22
2020-08-06,600176,10.0,10.03,10.23,9.68,787682,1062887488.0,5.51,0.5,0.05,2.25
2020-08-07,600176,9.76,9.51,9.91,9.26,788668,1034252176.0,6.48,-5.18,-0.52,2.25
2020-08-10,600176,9.41,9.75,9.96,9.38,624570,827198272.0,6.1,2.52,0.24,1.78
2020-08-11,600176,9.86,9.6,9.96,9.57,530756,707395456.0,4.0,-1.54,-0.15,1.52
2020-08-12,600176,9.42,9.21,9.54,8.91,708480,894693408.0,6.56,-4.06,-0.39,2.02
2020-08-13,600176,9.24,9.22,9.62,9.16,423872,543721856.0,4.99,0.11,0.01,1.21
2020-08-14,600176,9.21,9.35,9.4,9.07,354139,450623504.0,3.58,1.41,0.13,1.01
2020-08-17,600176,9.62,9.75,9.84,9.33,480759,632629840.0,5.45,4.28,0.4,1.37
2020-08-18,600176,9.68,9.67,9.86,9.5,340953,450361760.0,3.69,-0.82,-0.08,0.97
2020-08-19,600176,9.61,10.7,10.82,9.56,1513429,2139086144.0,13.03,10.65,1.03,4.32
2020-08-20,600176,10.52,10.67,11.02,10.45,943248,1359855712.0,5.33,-0.28,-0.03,2.69
2020-08-21,600176,10.67,10.72,10.94,10.5,507090,730228128.0,4.12,0.47,0.05,1.45
2020-08-24,600176,10.87,10.81,11.29,10.71,593830,872929872.0,5.41,0.84,0.09,1.7
2020-08-25,600176,10.72,11.37,11.37,10.45,896585,1309528848.0,8.51,5.18,0.56,2.56
2020-08-26,600176,11.64,11.24,11.65,10.52,986527,1451558640.0,9.94,-1.14,-0.13,2.82
2020-08-27,600176,11.01,10.94,11.21,10.64,422919,617293376.0,5.07,-2.67,-0.3,1.21
2020-08-28,600176,10.75,10.99,11.15,10.67,411507,599669360.0,4.39,0.46,0.05,1.17
2020-08-31,600176,11.0,11.11,11.47,10.99,456107,684974832.0,4.37,1.09,0.12,1.3
2020-09-01,600176,11.11,11.13,11.49,11.06,381728,570561248.0,3.87,0.18,0.02,1.09
2020-09-02,600176,11.22,10.64,11.23,10.61,509653,736157040.0,5.57,-4.4,-0.49,1.46
2020-09-03,600176,10.72,11.14,11.33,10.68,581413,863292768.0,6.11,4.7,0.5,1.66
2020-09-04,600176,10.94,11.21,11.36,10.84,392836,581808912.0,4.67,0.63,0.07,1.12
2020-09-07,600176,11.24,11.59,12.16,11.22,646822,1008130336.0,8.39,3.39,0.38,1.85
2020-09-08,600176,11.71,11.38,12.01,11.32,517280,793921616.0,5.95,-1.81,-0.21,1.48
2020-09-09,600176,10.98,10.7,11.11,10.55,503324,730967488.0,4.92,-5.98,-0.68,1.44
2020-09-10,600176,10.82,10.16,10.87,10.09,615513,866283184.0,7.29,-5.05,-0.54,1.76
2020-09-11,600176,9.81,10.64,10.79,9.81,417623,585464816.0,9.65,4.72,0.48,1.19
2020-09-14,600176,10.76,10.8,11.14,10.59,338400,492249120.0,5.17,1.5,0.16,0.97
2020-09-15,600176,10.81,11.12,11.22,10.69,312919,459654320.0,4.91,2.96,0.32,0.89
2020-09-16,600176,11.07,11.22,11.41,11.0,335225,503137312.0,3.69,0.9,0.1,0.96
2020-09-17,600176,11.22,11.22,11.46,11.02,219367,328605536.0,3.92,0.0,0.0,0.63
2020-09-18,600176,11.23,12.02,12.07,11.22,582229,911758080.0,7.58,7.13,0.8,1.66
2020-09-21,600176,12.02,11.92,12.19,11.62,424120,666677824.0,4.74,-0.83,-0.1,1.21
2020-09-22,600176,11.85,11.66,12.22,11.66,372328,584709984.0,4.7,-2.18,-0.26,1.06
2020-09-23,600176,11.79,11.76,12.08,11.58,264727,413268864.0,4.29,0.86,0.1,0.76
2020-09-24,600176,11.6,11.2,11.72,11.18,330865,500782624.0,4.59,-4.76,-0.56,0.94
2020-09-25,600176,11.33,11.0,11.41,10.9,253054,375190032.0,4.55,-1.79,-0.2,0.72
2020-09-28,600176,11.22,10.91,11.31,10.82,340631,500857152.0,4.45,-0.82,-0.09,0.97
2020-09-29,600176,11.06,10.97,11.11,10.81,271654,399938656.0,2.75,0.55,0.06,0.78
2020-09-30,600176,11.01,10.75,11.08,10.69,256655,373190128.0,3.56,-2.01,-0.22,0.73
2020-10-09,600176,11.19,11.6,11.85,11.13,449049,689711984.0,6.7,7.91,0.85,1.28
2020-10-12,600176,11.71,11.78,11.84,11.39,520334,803902704.0,3.88,1.55,0.18,1.49
2020-10-13,600176,11.81,12.08,12.14,11.5,349571,548434000.0,5.43,2.55,0.3,1.0
2020-10-14,600176,12.12,12.11,12.28,11.89,334273,534061824.0,3.23,0.25,0.03,0.95
2020-10-15,600176,12.32,11.59,12.36,11.55,258497,403978384.0,6.69,-4.29,-0.52,0.74
2020-10-16,600176,11.55,11.52,11.66,11.29,240147,366676768.0,3.19,-0.6,-0.07,0.69
2020-10-19,600176,11.52,11.13,11.65,11.02,254362,382675872.0,5.47,-3.39,-0.39,0.73
2020-10-20,600176,11.04,11.0,11.11,10.74,432491,633201872.0,3.32,-1.17,-0.13,1.23
2020-10-21,600176,11.08,10.89,11.17,10.77,270248,395216608.0,3.64,-1.0,-0.11,0.77
2020-10-22,600176,10.84,10.86,10.94,10.59,173401,250714598.0,3.21,-0.28,-0.03,0.5
2020-10-23,600176,10.94,10.74,11.13,10.69,196121,287067968.0,4.05,-1.1,-0.12,0.56
2020-10-26,600176,10.76,10.37,10.76,9.93,382868,533240800.0,7.73,-3.45,-0.37,1.09
2020-10-27,600176,10.06,10.3,10.38,9.84,491327,674868720.0,5.21,-0.68,-0.07,1.4
2020-10-28,600176,10.34,10.3,10.36,10.03,289970,399900224.0,3.2,0.0,0.0,0.83
2020-10-29,600176,10.06,10.09,10.24,9.88,342216,469188864.0,3.5,-2.04,-0.21,0.98
2020-10-30,600176,10.15,10.32,10.53,10.09,376087,524720576.0,4.36,2.28,0.23,1.07
2020-11-02,600176,10.21,10.85,10.99,10.11,553314,792682912.0,8.53,5.14,0.53,1.58
2020-11-03,600176,10.98,10.96,11.14,10.74,303434,444791568.0,3.69,1.01,0.11,0.87
2020-11-04,600176,11.04,11.08,11.19,10.94,223573,330844656.0,2.28,1.09,0.12,0.64
2020-11-05,600176,11.18,11.44,11.5,11.18,316413,479390656.0,2.89,3.25,0.36,0.9
2020-11-06,600176,11.49,10.81,11.5,10.7,544141,799627072.0,6.99,-5.51,-0.63,1.55
2020-11-09,600176,10.87,11.18,11.5,10.85,527245,789607072.0,6.01,3.42,0.37,1.51
2020-11-10,600176,11.71,12.48,12.48,11.47,1183382,1901638400.0,9.03,11.63,1.3,3.38
2020-11-11,600176,12.43,13.03,13.35,12.29,1261571,2129233712.0,8.49,4.41,0.55,3.6
2020-11-12,600176,12.89,13.24,13.35,12.76,633073,1083987184.0,4.53,1.61,0.21,1.81
2020-11-13,600176,13.24,13.19,13.35,12.83,555617,951124000.0,3.93,-0.38,-0.05,1.59
2020-11-16,600176,13.14,13.77,13.94,13.1,683192,1207475760.0,6.37,4.4,0.58,1.95
2020-11-17,600176,13.75,13.8,14.02,13.43,568229,1014992192.0,4.28,0.22,0.03,1.62
2020-11-18,600176,13.64,13.59,13.74,13.12,587440,1027804096.0,4.49,-1.52,-0.21,1.68
2020-11-19,600176,13.57,13.31,13.57,13.18,363903,632332064.0,2.87,-2.06,-0.28,1.04
2020-11-20,600176,13.42,13.47,13.59,13.21,305284,535068288.0,2.85,1.2,0.16,0.87
2020-11-23,600176,13.52,13.73,14.5,13.52,726607,1319268192.0,7.28,1.93,0.26,2.07
2020-11-24,600176,13.52,13.51,13.55,13.02,376974,656286704.0,3.86,-1.6,-0.22,1.08
2020-11-25,600176,13.6,12.7,14.06,12.49,797784,1356778592.0,11.62,-6.0,-0.81,2.28
2020-11-26,600176,12.89,12.59,12.89,12.26,415513,685717440.0,4.96,-0.87,-0.11,1.19
2020-11-27,600176,12.8,13.16,13.17,12.64,364183,618619472.0,4.21,4.53,0.57,1.04
2020-11-30,600176,13.2,12.83,13.29,12.73,411167,698086848.0,4.26,-2.51,-0.33,1.17
2020-12-01,600176,12.82,12.71,12.91,12.47,407261,678449904.0,3.43,-0.94,-0.12,1.16
2020-12-16,600176,11.71,12.2,12.81,11.5,1428336,2283950464.0,10.31,-4.01,-0.51,4.08
2020-12-17,600176,12.13,12.71,13.07,12.13,696584,1168553536.0,7.7,4.18,0.51,1.99
2020-12-18,600176,12.89,13.31,13.69,12.87,465742,810551088.0,6.45,4.72,0.6,1.33
2020-12-21,600176,13.28,13.56,13.69,13.21,339980,597749792.0,3.61,1.88,0.25,0.97
2020-12-22,600176,13.42,13.49,13.96,13.15,445527,786760672.0,5.97,-0.52,-0.07,1.27
2020-12-23,600176,13.39,13.17,13.58,12.99,396823,684461968.0,4.37,-2.37,-0.32,1.13
2020-12-24,600176,13.22,13.13,13.3,12.96,233547,399985408.0,2.58,-0.3,-0.04,0.67
2020-12-25,600176,13.13,14.64,14.64,13.05,453543,827313808.0,12.11,11.5,1.51,1.29
2020-12-28,600176,15.22,15.45,15.57,14.98,711291,1394243536.0,4.03,5.53,0.81,2.03
2020-12-29,600176,15.4,15.44,15.63,14.8,417267,819037824.0,5.37,-0.06,-0.01,1.19
2020-12-30,600176,15.34,15.61,15.9,15.34,386254,771589712.0,3.63,1.1,0.17,1.1
2020-12-31,600176,15.74,15.58,16.07,15.2,350576,700645968.0,5.57,-0.19,-0.03,1.0
2021-01-04,600176,15.73,15.96,16.02,15.17,623255,1245555024.0,5.46,2.44,0.38,1.78
2021-01-05,600176,15.86,15.59,15.88,14.8,612731,1213098304.0,6.77,-2.32,-0.37,1.75
2021-01-06,600176,15.7,15.69,16.09,15.16,449905,900587968.0,5.97,0.64,0.1,1.28
2021-01-07,600176,15.72,17.45,17.45,15.72,721576,1555705728.0,11.03,11.22,1.76,2.06
2021-01-08,600176,17.86,17.1,18.05,16.6,649411,1420260016.0,8.31,-2.01,-0.35,1.85
2021-01-11,600176,17.15,17.12,18.19,16.62,648672,1431677968.0,9.18,0.12,0.02,1.85
2021-01-12,600176,17.01,18.11,18.28,16.93,555330,1245240576.0,7.89,5.78,0.99,1.59
2021-01-13,600176,18.1,18.0,18.7,17.56,569790,1304764224.0,6.29,-0.61,-0.11,1.63
2021-01-14,600176,17.88,17.28,17.93,17.16,395233,876864032.0,4.28,-4.0,-0.72,1.13
2021-01-15,600176,17.21,17.51,17.72,16.87,358960,789422128.0,4.92,1.33,0.23,1.02
2021-01-18,600176,17.31,19.12,19.33,17.3,496447,1170407200.0,11.59,9.19,1.61,1.42
2021-01-19,600176,19.19,17.8,19.27,17.04,747376,1714337296.0,11.66,-6.9,-1.32,2.13
2021-01-20,600176,17.56,18.56,19.01,17.56,631824,1478810016.0,8.15,4.27,0.76,1.8
2021-01-21,600176,18.94,18.94,19.6,18.91,411395,994230048.0,3.72,2.05,0.38,1.17
2021-01-22,600176,19.34,19.03,19.6,18.77,373995,897759424.0,4.38,0.48,0.09,1.07
2021-01-25,600176,18.95,19.33,19.99,18.95,416153,1016911360.0,5.47,1.58,0.3,1.19
2021-01-26,600176,19.04,19.03,19.78,18.9,353460,854414736.0,4.55,-1.55,-0.3,1.01
2021-01-27,600176,19.07,19.6,19.6,18.46,369122,887298096.0,5.99,3.0,0.57,1.05
2021-01-28,600176,18.91,18.34,19.08,17.97,586410,1365551712.0,5.66,-6.43,-1.26,1.67
2021-01-29,600176,18.57,17.83,18.95,17.06,524725,1194159728.0,10.31,-2.78,-0.51,1.5
2021-02-01,600176,17.78,18.67,18.98,17.3,469245,1088512912.0,9.42,4.71,0.84,1.34
2021-02-02,600176,18.7,19.55,19.75,18.46,521663,1259505968.0,6.91,4.71,0.88,1.49
2021-02-03,600176,19.99,19.89,20.33,19.53,444699,1108956320.0,4.09,1.74,0.34,1.27
2021-02-04,600176,19.77,19.68,20.09,18.68,462384,1128165920.0,7.09,-1.06,-0.21,1.32
2021-02-05,600176,19.82,19.22,19.98,19.0,361271,880055904.0,4.98,-2.34,-0.46,1.03
2021-02-08,600176,19.48,21.15,21.33,19.48,509112,1314958784.0,9.63,10.04,1.93,1.45
2021-02-09,600176,21.57,21.85,22.09,20.87,398603,1067745616.0,5.77,3.31,0.7,1.14
2021-02-10,600176,21.74,22.25,22.61,21.5,339541,929831152.0,5.08,1.83,0.4,0.97
2021-02-18,600176,23.06,22.38,23.26,21.3,518199,1426391232.0,8.81,0.58,0.13,1.48
2021-02-19,600176,22.0,20.53,22.07,20.05,576542,1493765408.0,9.03,-8.27,-1.85,1.65
2021-02-22,600176,20.73,20.07,21.23,19.96,641647,1660119328.0,6.19,-2.24,-0.46,1.83
2021-02-23,600176,19.71,19.32,20.45,19.12,552952,1363343104.0,6.63,-3.74,-0.75,1.58
2021-02-24,600176,19.33,17.93,19.54,17.44,852896,1965042080.0,10.87,-7.19,-1.39,2.44
2021-02-25,600176,18.56,18.24,19.17,17.87,652608,1518474112.0,7.25,1.73,0.31,1.86
2021-02-26,600176,17.79,17.76,18.0,17.0,578542,1284721200.0,5.48,-2.63,-0.48,1.65
2021-03-01,600176,17.79,18.9,19.07,17.63,600594,1393952464.0,8.11,6.42,1.14,1.71
2021-03-02,600176,19.03,18.5,19.55,18.34,405982,960280464.0,6.4,-2.12,-0.4,1.16
2021-03-03,600176,18.57,18.35,18.57,17.68,495129,1122929360.0,4.81,-0.81,-0.15,1.41
2021-03-04,600176,17.9,16.93,17.91,16.66,722461,1574205760.0,6.81,-7.74,-1.42,2.06
2021-03-05,600176,16.58,16.35,16.78,15.9,561954,1170525888.0,5.2,-3.43,-0.58,1.6
2021-03-08,600176,17.02,16.25,17.52,16.17,748324,1595835952.0,8.26,-0.61,-0.1,2.14
2021-03-09,600176,16.1,15.67,16.84,15.0,665908,1353343056.0,11.32,-3.57,-0.58,1.9
2021-03-10,600176,16.34,16.12,16.66,16.02,547116,1140881712.0,4.08,2.87,0.45,1.56
2021-03-11,600176,16.4,16.53,17.1,15.78,626620,1314755744.0,8.19,2.54,0.41,1.79
2021-03-12,600176,16.64,17.16,17.41,16.54,480200,1039395504.0,5.26,3.81,0.63,1.37
2021-03-15,600176,17.19,16.05,17.19,15.83,522795,1092340656.0,7.93,-6.47,-1.11,1.49
2021-03-16,600176,16.14,16.37,16.62,16.06,282407,588831040.0,3.49,1.99,0.32,0.81
2021-03-17,600176,16.59,17.1,17.18,16.12,297221,636374800.0,6.48,4.46,0.73,0.85
2021-03-18,600176,17.13,17.81,18.13,17.13,308233,690703776.0,5.85,4.15,0.71,0.88
2021-03-19,600176,17.37,17.37,17.76,16.84,404480,887277680.0,5.17,-2.47,-0.44,1.15
2021-03-22,600176,18.06,17.44,18.39,17.23,701048,1576048752.0,6.68,0.4,0.07,2.0
2021-03-23,600176,17.69,15.62,17.92,15.51,1072815,2233419584.0,13.82,-10.44,-1.82,3.06
2021-03-24,600176,15.61,13.87,15.67,13.87,1521623,2814289328.0,11.52,-11.2,-1.75,4.34
2021-03-25,600176,13.78,14.11,14.19,13.53,667708,1210057536.0,4.76,1.73,0.24,1.91
2021-03-26,600176,14.57,14.74,14.84,13.92,822503,1540485552.0,6.52,4.46,0.63,2.35
2021-03-29,600176,14.83,14.61,15.0,14.39,555197,1049369408.0,4.14,-0.88,-0.13,1.59
2021-03-30,600176,14.59,14.82,15.17,14.48,441275,842848704.0,4.72,1.44,0.21,1.26
2021-03-31,600176,14.85,14.92,15.03,14.57,475464,906184096.0,3.1,0.67,0.1,1.36
2021-04-01,600176,14.99,14.94,15.2,14.43,364935,694311376.0,5.16,0.13,0.02,1.04
2021-04-02,600176,14.92,15.23,15.47,14.7,395993,767220032.0,5.15,1.94,0.29,1.13
2021-04-06,600176,15.16,14.93,15.18,14.53,533236,1017499920.0,4.27,-1.97,-0.3,1.52
2021-04-07,600176,15.0,15.18,15.25,14.81,491046,951626000.0,2.95,1.67,0.25,1.4
2021-04-08,600176,15.14,15.64,15.81,14.98,490232,975220016.0,5.47,3.03,0.46,1.4
2021-04-09,600176,15.53,14.74,15.62,14.59,515926,995957568.0,6.59,-5.75,-0.9,1.47
2021-04-12,600176,14.67,13.69,14.92,13.3,929808,1664467712.0,10.99,-7.12,-1.05,2.65
2021-04-13,600176,13.78,13.75,14.08,13.41,572972,1022628400.0,4.89,0.44,0.06,1.64
2021-04-14,600176,13.6,14.49,14.69,13.6,498195,925767776.0,7.93,5.38,0.74,1.42
2021-04-15,600176,14.46,14.29,14.46,14.05,226160,416430464.0,2.83,-1.38,-0.2,0.65
2021-04-16,600176,14.36,14.13,14.49,14.04,291169,535552608.0,3.15,-1.12,-0.16,0.83
2021-04-19,600176,14.06,14.5,14.59,13.92,348302,648505792.0,4.74,2.62,0.37,0.99
2021-04-20,600176,14.61,14.49,14.9,14.42,285809,538694128.0,3.31,-0.07,-0.01,0.82
2021-04-21,600176,14.26,14.49,14.63,14.01,327182,604154032.0,4.28,0.0,0.0,0.93
2021-04-22,600176,14.53,14.35,14.66,14.22,298975,557001184.0,3.04,-0.97,-0.14,0.85
2021-04-23,600176,14.22,14.23,14.39,14.02,324572,596394112.0,2.58,-0.84,-0.12,0.93
2021-04-26,600176,14.37,14.49,15.08,14.28,582404,1107096848.0,5.62,1.83,0.26,1.66
2021-04-27,600176,14.83,13.8,15.34,13.7,774237,1422080688.0,11.32,-4.76,-0.69,2.21
2021-04-28,600176,13.72,14.18,14.2,13.58,496561,900797456.0,4.49,2.75,0.38,1.42
2021-04-29,600176,14.18,14.51,14.61,13.98,387901,720304368.0,4.44,2.33,0.33,1.11
2021-04-30,600176,14.57,13.88,14.61,13.66,570288,1032088800.0,6.55,-4.34,-0.63,1.63
2021-05-06,600176,14.04,14.43,14.61,13.95,589383,1094420416.0,4.76,3.96,0.55,1.68
2021-05-07,600176,14.52,14.82,15.42,14.44,793079,1529803376.0,6.79,2.7,0.39,2.26
2021-05-10,600176,15.18,14.79,15.42,14.55,681236,1311742240.0,5.87,-0.2,-0.03,1.95
2021-05-11,600176,14.5,13.12,14.52,13.12,1089758,1894280448.0,9.47,-11.29,-1.67,3.11
2021-05-12,600176,12.89,12.77,13.23,12.61,752161,1262715696.0,4.73,-2.67,-0.35,2.15
2021-05-13,600176,12.62,12.51,12.9,12.39,590126,979860592.0,3.99,-2.04,-0.26,1.68
2021-05-14,600176,12.9,13.26,13.44,12.82,855645,1472283344.0,4.96,6.0,0.75,2.44
2021-05-17,600176,13.32,13.94,14.09,13.31,790075,1417185600.0,5.88,5.13,0.68,2.26
2021-05-18,600176,14.35,14.53,14.7,14.22,583156,1092967536.0,3.44,4.23,0.59,1.67
2021-05-19,600176,14.56,14.53,14.6,14.05,416136,770193056.0,3.79,0.0,0.0,1.19
2021-05-20,600176,14.22,13.79,14.29,13.65,719484,1291190832.0,4.4,-5.09,-0.74,2.05
2021-05-21,600176,14.09,13.41,14.14,13.34,575993,877788560.0,5.8,-2.76,-0.38,1.44
2021-05-24,600176,13.67,13.35,13.71,13.11,561040,840192720.0,4.47,-0.45,-0.06,1.4
2021-05-25,600176,13.4,14.01,14.01,13.36,635608,979149440.0,4.87,4.94,0.66,1.59
2021-05-26,600176,14.13,14.36,14.59,13.91,647983,1038173024.0,4.85,2.5,0.35,1.62
2021-05-27,600176,14.17,14.78,14.91,14.07,734336,1192590752.0,5.85,2.92,0.42,1.83
2021-05-28,600176,14.78,14.33,15.06,14.22,619070,1005501424.0,5.68,-3.04,-0.45,1.55
2021-05-31,600176,14.21,14.62,14.71,14.03,531913,858048352.0,4.75,2.02,0.29,1.33
2021-06-01,600176,14.51,14.99,15.05,14.21,629450,1026277056.0,5.75,2.53,0.37,1.57
2021-06-02,600176,15.06,14.98,15.32,14.74,614313,1025898176.0,3.87,-0.07,-0.01,1.53
2021-06-03,600176,14.97,14.49,15.18,14.49,520485,856772224.0,4.61,-3.27,-0.49,1.3
2021-06-04,600176,14.43,14.56,14.67,14.25,580312,940266144.0,2.9,0.48,0.07,1.45
2021-06-07,600176,14.52,14.2,14.52,14.09,560251,892422144.0,2.95,-2.47,-0.36,1.4
2021-06-08,600176,14.17,14.06,14.42,13.79,543074,856237088.0,4.44,-0.99,-0.14,1.36
2021-06-09,600176,14.04,14.0,14.17,13.81,372335,582778288.0,2.56,-0.43,-0.06,0.93
2021-06-10,600176,13.91,14.42,14.51,13.69,674954,1072730768.0,5.86,3.0,0.42,1.69
2021-06-11,600176,14.4,13.97,14.4,13.66,624529,976592736.0,5.13,-3.12,-0.45,1.56
2021-06-15,600176,13.86,13.48,14.0,13.44,464804,710420432.0,4.01,-3.51,-0.49,1.16
2021-06-16,600176,13.46,13.19,13.46,13.04,568330,846201648.0,3.12,-2.15,-0.29,1.42
2021-06-17,600176,13.23,12.99,13.31,12.96,351496,519900960.0,2.65,-1.52,-0.2,0.88
2021-06-18,600176,12.96,12.77,12.99,12.63,556279,803518720.0,2.77,-1.69,-0.22,1.39
2021-06-21,600176,12.74,12.62,12.95,12.53,495359,712747632.0,3.29,-1.17,-0.15,1.24
2021-06-22,600176,12.69,12.75,13.03,12.62,640904,928848896.0,3.25,1.03,0.13,1.6
2021-06-23,600176,12.91,13.1,13.13,12.53,648705,943698384.0,4.71,2.75,0.35,1.62
2021-06-24,600176,13.04,13.54,13.66,12.96,772749,1168116576.0,5.34,3.36,0.44,1.93
2021-06-25,600176,13.66,13.46,13.69,13.19,603465,913373808.0,3.69,-0.59,-0.08,1.51
2021-06-28,600176,13.65,13.59,13.96,13.52,589973,910117168.0,3.27,0.97,0.13,1.47
2021-06-29,600176,13.58,13.6,14.06,13.44,597022,918496704.0,4.56,0.07,0.01,1.49
2021-06-30,600176,14.24,13.82,14.32,13.63,841318,1310794608.0,5.07,1.62,0.22,2.1
2021-07-01,600176,13.91,13.67,14.08,13.61,616371,955001344.0,3.4,-1.09,-0.15,1.54
2021-07-02,600176,13.71,13.59,13.9,13.47,483312,742030112.0,3.15,-0.59,-0.08,1.21
2021-07-05,600176,13.61,12.89,13.66,12.81,882026,1297361984.0,6.25,-5.15,-0.7,2.2
2021-07-06,600176,12.91,13.35,13.87,12.86,921386,1388973328.0,7.84,3.57,0.46,2.3
2021-07-07,600176,13.11,13.63,13.87,12.96,918720,1401625376.0,6.82,2.1,0.28,2.3
2021-07-08,600176,13.57,13.45,14.05,13.29,936671,1437803904.0,5.58,-1.32,-0.18,2.34
2021-07-09,600176,13.41,13.63,13.73,13.09,580239,877652016.0,4.76,1.34,0.18,1.45
2021-07-12,600176,13.75,14.3,14.41,13.47,1436860,2256493552.0,6.9,4.92,0.67,3.59
2021-07-13,600176,14.11,14.86,14.86,14.07,1183581,1934786464.0,5.52,3.92,0.56,2.96
2021-07-14,600176,15.0,14.41,15.06,14.32,927332,1505401248.0,4.98,-3.03,-0.45,2.32
2021-07-15,600176,14.47,14.57,14.76,14.15,778726,1260928560.0,4.23,1.11,0.16,1.95
2021-07-16,600176,14.61,14.98,15.28,14.36,998853,1654473488.0,6.31,2.81,0.41,2.5
2021-07-19,600176,15.08,14.55,15.29,14.47,830933,1361882128.0,5.47,-2.87,-0.43,2.08
2021-07-20,600176,14.31,14.05,14.31,13.88,841179,1321013136.0,2.96,-3.44,-0.5,2.1
2021-07-21,600176,14.1,13.86,14.2,13.73,776989,1210454560.0,3.35,-1.35,-0.19,1.94
2021-07-22,600176,13.91,14.5,14.5,13.8,827368,1315650384.0,5.05,4.62,0.64,2.07
2021-07-23,600176,14.41,14.28,14.86,14.22,829158,1342397520.0,4.41,-1.52,-0.22,2.07
2021-07-26,600176,14.14,13.64,14.2,13.19,880443,1357967472.0,7.07,-4.48,-0.64,2.2
2021-07-27,600176,13.51,12.87,13.81,12.76,1030422,1548311888.0,7.7,-5.65,-0.77,2.57
2021-07-28,600176,12.71,12.76,12.95,11.86,800475,1140383616.0,8.47,-0.85,-0.11,2.0
2021-07-29,600176,12.99,13.25,13.46,12.78,690143,1027660736.0,5.33,3.84,0.49,1.72
2021-07-30,600176,13.21,13.22,13.47,12.99,548336,816904224.0,3.62,-0.23,-0.03,1.37
2021-08-02,600176,13.22,14.19,14.27,13.13,931759,1452577456.0,8.62,7.34,0.97,2.33
2021-08-03,600176,14.14,14.57,14.76,14.07,1168124,1896051712.0,4.86,2.68,0.38,2.92
2021-08-04,600176,14.44,14.76,14.81,14.44,793075,1296948784.0,2.54,1.3,0.19,1.98
2021-08-05,600176,14.64,14.82,14.99,14.44,762326,1254475312.0,3.73,0.41,0.06,1.9
2021-08-06,600176,14.85,14.51,14.86,14.33,676345,1096041728.0,3.58,-2.09,-0.31,1.69
2021-08-09,600176,14.59,15.16,15.38,14.48,910541,1528672672.0,6.2,4.48,0.65,2.27
2021-08-10,600176,15.12,15.03,15.61,14.8,800175,1344241520.0,5.34,-0.86,-0.13,2.0
2021-08-11,600176,15.05,16.16,16.27,15.05,1264701,2225131440.0,8.12,7.52,1.13,3.16
2021-08-12,600176,16.02,16.1,16.26,15.61,1062538,1875915872.0,4.02,-0.37,-0.06,2.65
2021-08-13,600176,16.11,15.78,16.36,15.67,691202,1214172960.0,4.29,-1.99,-0.32,1.73
2021-08-16,600176,15.74,15.52,15.9,15.36,618154,1067784384.0,3.42,-1.65,-0.26,1.54
2021-08-17,600176,15.41,15.01,16.05,14.76,956128,1627553744.0,8.31,-3.29,-0.51,2.39
2021-08-18,600176,15.44,16.21,16.46,15.38,1688875,2989555568.0,7.2,7.99,1.2,4.22
2021-08-19,600176,16.36,16.0,16.76,15.69,1218182,2173174624.0,6.6,-1.3,-0.21,3.04
2021-08-20,600176,16.0,16.56,16.86,15.86,1308919,2375776688.0,6.25,3.5,0.56,3.27
2021-08-23,600176,16.81,16.51,17.13,16.42,986959,1812204816.0,4.29,-0.3,-0.05,2.47
2021-08-24,600176,16.49,16.39,16.69,16.11,864174,1563588368.0,3.51,-0.73,-0.12,2.16
2021-08-25,600176,16.38,16.43,16.46,15.94,679159,1219580656.0,3.17,0.24,0.04,1.7
2021-08-26,600176,16.28,15.76,16.93,15.73,835806,1493289488.0,7.3,-4.08,-0.67,2.09
2021-08-27,600176,15.6,16.03,16.53,15.58,673306,1199923312.0,6.03,1.71,0.27,1.68
2021-08-30,600176,16.03,16.45,16.67,15.77,801055,1442844400.0,5.61,2.62,0.42,2.0
2021-08-31,600176,16.34,15.86,16.34,15.36,982573,1726821760.0,5.96,-3.59,-0.59,2.45
2021-09-01,600176,16.19,16.76,16.87,15.88,1315925,2396217808.0,6.24,5.67,0.9,3.29
2021-09-02,600176,16.8,18.16,18.18,16.61,1620133,3124872688.0,9.37,8.35,1.4,4.05
2021-09-03,600176,18.28,17.91,18.99,17.82,1462212,2918173152.0,6.44,-1.38,-0.25,3.65
2021-09-06,600176,17.98,17.93,19.09,17.91,1138226,2276874112.0,6.59,0.11,0.02,2.84
2021-09-07,600176,18.5,19.89,19.89,18.19,1531975,3211302304.0,9.48,10.93,1.96,3.83
2021-09-08,600176,19.91,20.11,20.29,19.4,1116928,2405356432.0,4.47,1.11,0.22,2.79
2021-09-09,600176,20.06,19.81,20.59,19.46,998551,2153861504.0,5.62,-1.49,-0.3,2.49
2021-09-10,600176,19.6,19.11,19.81,18.9,934364,1951206544.0,4.59,-3.53,-0.7,2.33
2021-09-13,600176,19.36,19.4,19.8,18.96,728772,1530798016.0,4.4,1.52,0.29,1.82
2021-09-14,600176,19.26,19.05,19.66,18.77,675816,1408689536.0,4.59,-1.8,-0.35,1.69
2021-09-15,600176,18.94,18.75,19.13,18.1,891686,1803572256.0,5.41,-1.57,-0.3,2.23
2021-09-16,600176,18.91,18.25,19.56,18.16,846850,1724747536.0,7.47,-2.67,-0.5,2.12
2021-09-17,600176,18.01,18.5,18.86,17.89,643728,1294114592.0,5.32,1.37,0.25,1.61
2021-09-22,600176,18.11,18.37,18.86,18.02,518186,1041230480.0,4.54,-0.7,-0.13,1.29
2021-09-23,600176,18.66,18.4,18.96,18.31,616076,1250350704.0,3.54,0.16,0.03,1.54
2021-09-24,600176,18.29,17.58,18.41,17.06,887258,1713104528.0,7.34,-4.46,-0.82,2.22
2021-09-27,600176,17.6,16.52,17.86,16.31,1018235,1889528240.0,8.82,-6.03,-1.06,2.54
2021-09-28,600176,16.56,16.51,16.96,16.41,499963,916546528.0,3.33,-0.06,-0.01,1.25
2021-09-29,600176,16.32,15.81,16.43,15.67,596224,1053517728.0,4.6,-4.24,-0.7,1.49
2021-09-30,600176,16.01,15.89,16.07,15.66,562987,990518368.0,2.59,0.51,0.08,1.41
2021-10-08,600176,16.21,16.04,16.31,15.72,480422,848178848.0,3.71,0.94,0.15,1.2
2021-10-11,600176,16.14,15.76,16.18,15.66,450210,790165952.0,3.24,-1.75,-0.28,1.12
2021-10-12,600176,15.67,15.36,15.89,15.07,511456,874940912.0,5.2,-2.54,-0.4,1.28
2021-10-13,600176,15.36,15.56,15.64,15.05,380109,647371472.0,3.84,1.3,0.2,0.95
2021-10-14,600176,15.46,15.31,15.62,15.16,359692,612641472.0,2.96,-1.61,-0.25,0.9
2021-10-15,600176,15.36,15.48,15.59,15.22,348131,596926816.0,2.42,1.11,0.17,0.87
2021-10-18,600176,15.48,15.79,15.85,15.36,420591,728893360.0,3.17,2.0,0.31,1.05
2021-10-19,600176,16.14,16.51,16.66,16.11,746023,1348886224.0,3.48,4.56,0.72,1.86
2021-10-20,600176,16.45,16.5,16.74,16.17,478645,869832704.0,3.45,-0.06,-0.01,1.2
2021-10-21,600176,16.51,16.1,16.63,15.97,415795,743712176.0,4.0,-2.42,-0.4,1.04
2021-10-22,600176,16.02,16.61,16.99,16.02,637477,1168672304.0,6.02,3.17,0.51,1.59
2021-10-25,600176,16.54,16.51,16.67,16.21,502739,908208320.0,2.77,-0.6,-0.1,1.26
2021-10-26,600176,16.63,17.37,17.49,16.51,891605,1670171392.0,5.94,5.21,0.86,2.23
2021-10-27,600176,17.37,17.36,17.66,17.08,711324,1357030144.0,3.34,-0.06,-0.01,1.78
2021-10-28,600176,17.41,17.46,17.8,17.26,707497,1359813968.0,3.11,0.58,0.1,1.77
2021-10-29,600176,17.54,17.45,17.61,17.01,482561,918599248.0,3.44,-0.06,-0.01,1.21
2021-11-01,600176,17.4,17.21,17.61,16.95,530573,1005644384.0,3.78,-1.38,-0.24,1.33
2021-11-02,600176,17.12,16.68,17.56,16.46,670493,1247596080.0,6.39,-3.08,-0.53,1.67
2021-11-03,600176,16.53,16.32,16.66,16.01,525417,943876208.0,3.9,-2.16,-0.36,1.31
2021-11-04,600176,16.36,17.13,17.33,16.27,600236,1120602336.0,6.5,4.96,0.81,1.5
2021-11-05,600176,17.14,16.18,17.17,16.18,600015,1094495472.0,5.78,-5.55,-0.95,1.5
2021-11-08,600176,15.96,16.06,16.45,15.86,435112,773947920.0,3.65,-0.74,-0.12,1.09
2021-11-09,600176,16.16,16.15,16.59,16.03,350616,628968480.0,3.49,0.56,0.09,0.88
2021-11-10,600176,16.11,15.44,16.11,15.21,737717,1267445872.0,5.57,-4.4,-0.71,1.84
2021-11-11,600176,15.44,15.65,15.66,15.38,331553,571486384.0,1.81,1.36,0.21,0.83
2021-11-12,600176,15.75,15.12,15.77,15.1,669671,1140577280.0,4.28,-3.39,-0.53,1.67
2021-11-15,600176,15.12,15.22,15.36,14.98,463648,781609808.0,2.51,0.66,0.1,1.16
2021-11-16,600176,15.24,14.88,15.39,14.76,487193,816788672.0,4.14,-2.23,-0.34,1.22
2021-11-17,600176,14.99,15.18,15.18,14.87,376274,630291024.0,2.08,2.02,0.3,0.94
2021-11-18,600176,15.26,15.4,15.57,15.14,582602,997849600.0,2.83,1.45,0.22,1.46
2021-11-19,600176,15.41,15.61,15.68,15.21,426199,731769872.0,3.05,1.36,0.21,1.06
2021-11-22,600176,15.66,15.7,15.75,15.44,548496,947268896.0,1.99,0.58,0.09,1.37
2021-11-23,600176,15.57,15.31,15.61,15.16,642148,1095670912.0,2.87,-2.48,-0.39,1.6
2021-11-24,600176,15.22,15.17,15.32,15.08,342779,578163056.0,1.57,-0.91,-0.14,0.86
2021-11-25,600176,15.15,15.51,15.55,15.09,442185,754784512.0,3.03,2.24,0.34,1.1
2021-11-26,600176,15.41,15.48,15.66,15.36,324212,557493648.0,1.93,-0.19,-0.03,0.81
2021-11-29,600176,15.2,15.31,15.42,15.07,327479,556093312.0,2.26,-1.1,-0.17,0.82
2021-11-30,600176,15.48,15.81,16.06,15.47,817885,1435286032.0,3.85,3.27,0.5,2.04
2021-12-01,600176,15.85,16.01,16.01,15.75,570311,1003873920.0,1.64,1.27,0.2,1.42
2021-12-02,600176,16.06,16.09,16.27,15.89,483650,860105696.0,2.37,0.5,0.08,1.21
2021-12-03,600176,16.08,16.07,16.15,15.79,369330,652291056.0,2.24,-0.12,-0.02,0.92
2021-12-06,600176,16.09,15.96,16.58,15.93,473720,848284480.0,4.04,-0.68,-0.11,1.18
2021-12-07,600176,16.14,16.19,16.51,15.93,500798,895531936.0,3.63,1.44,0.23,1.25
2021-12-08,600176,16.19,16.12,16.27,15.94,310649,551209232.0,2.04,-0.43,-0.07,0.78
2021-12-09,600176,16.11,16.13,16.42,15.96,536030,956980688.0,2.85,0.06,0.01,1.34
2021-12-10,600176,15.99,15.71,16.16,15.58,652688,1139150112.0,3.6,-2.6,-0.42,1.63
2021-12-13,600176,15.71,16.45,16.71,15.64,1083814,1961586704.0,6.81,4.71,0.74,2.71
2021-12-14,600176,16.32,16.32,16.42,16.17,498987,896659616.0,1.52,-0.79,-0.13,1.25
2021-12-15,600176,16.36,16.05,16.51,16.0,465420,834364336.0,3.13,-1.65,-0.27,1.16
2021-12-16,600176,16.02,16.15,16.16,15.91,308508,546580144.0,1.56,0.62,0.1,0.77
2021-12-17,600176,16.17,15.82,16.17,15.77,337469,593850720.0,2.48,-2.04,-0.33,0.84
2021-12-20,600176,15.77,15.18,15.77,15.15,465089,794161568.0,3.92,-4.05,-0.64,1.16
2021-12-21,600176,15.21,15.26,15.46,15.18,342425,580764000.0,1.84,0.53,0.08,0.86
2021-12-22,600176,15.33,16.11,16.14,15.31,756022,1323097392.0,5.44,5.57,0.85,1.89
2021-12-23,600176,16.11,16.49,16.99,16.04,989136,1811367168.0,5.9,2.36,0.38,2.47
2021-12-24,600176,16.56,16.53,16.61,16.24,420816,761852944.0,2.24,0.24,0.04,1.05
2021-12-27,600176,16.56,16.77,16.89,16.41,468803,862103712.0,2.9,1.45,0.24,1.17
2021-12-28,600176,16.73,16.67,16.88,16.41,355819,650135888.0,2.8,-0.6,-0.1,0.89
2021-12-29,600176,16.65,16.4,16.74,16.35,321704,584769312.0,2.34,-1.62,-0.27,0.8
2021-12-30,600176,16.4,16.5,16.53,16.26,299862,543491488.0,1.65,0.61,0.1,0.75
2021-12-31,600176,16.46,16.51,16.59,16.26,298695,541198704.0,2.0,0.06,0.01,0.75
2022-01-04,600176,16.62,16.25,16.67,16.02,391727,703687824.0,3.94,-1.57,-0.26,0.98
2022-01-05,600176,16.14,15.99,16.36,15.96,304961,543777888.0,2.46,-1.6,-0.26,0.76
2022-01-06,600176,15.91,16.17,16.64,15.85,432802,777787344.0,4.94,1.13,0.18,1.08
2022-01-07,600176,16.14,16.66,16.9,16.09,801974,1472222960.0,5.01,3.03,0.49,2.0
2022-01-10,600176,16.76,16.74,16.98,16.53,400277,736963824.0,2.7,0.48,0.08,1.0
2022-01-11,600176,17.16,16.33,17.24,16.2,728621,1333407696.0,6.21,-2.45,-0.41,1.82
2022-01-12,600176,16.33,16.07,16.41,15.99,505864,900873728.0,2.57,-1.59,-0.26,1.26
2022-01-13,600176,16.07,15.33,16.13,15.31,838777,1446484688.0,5.1,-4.6,-0.74,2.1
2022-01-14,600176,15.21,14.99,15.31,14.98,566358,953197072.0,2.15,-2.22,-0.34,1.41
2022-01-17,600176,14.94,15.1,15.2,14.87,348607,584297632.0,2.2,0.73,0.11,0.87
2022-01-18,600176,15.16,15.11,15.23,14.97,404220,678225728.0,1.72,0.07,0.01,1.01
2022-01-19,600176,15.15,15.3,15.51,15.12,411909,700605024.0,2.58,1.26,0.19,1.03
2022-01-20,600176,15.31,15.29,15.44,15.19,337218,573476160.0,1.63,-0.07,-0.01,0.84
2022-01-21,600176,15.36,14.91,15.37,14.84,325341,542427328.0,3.47,-2.49,-0.38,0.81
2022-01-24,600176,14.86,15.13,15.19,14.49,349536,578146096.0,4.69,1.48,0.22,0.87
2022-01-25,600176,15.06,14.74,15.29,14.72,339498,567973680.0,3.77,-2.58,-0.39,0.85
2022-01-26,600176,14.72,14.94,15.15,14.72,234484,390184672.0,2.92,1.36,0.2,0.59
2022-01-27,600176,14.91,14.78,15.09,14.76,278516,462105984.0,2.21,-1.07,-0.16,0.7
2022-01-28,600176,14.92,14.54,15.03,14.32,321514,523295440.0,4.8,-1.62,-0.24,0.8
2022-02-07,600176,14.73,14.89,14.94,14.61,281024,463517776.0,2.27,2.41,0.35,0.7
2022-02-08,600176,14.82,15.16,15.17,14.67,311888,519573024.0,3.36,1.81,0.27,0.78
2022-02-09,600176,15.14,15.33,15.39,15.02,383092,650076000.0,2.44,1.12,0.17,0.96
2022-02-10,600176,15.36,15.29,15.44,15.13,301988,512569488.0,2.02,-0.26,-0.04,0.75
2022-02-11,600176,15.14,15.35,15.7,15.12,456784,783804240.0,3.79,0.39,0.06,1.14
2022-02-14,600176,15.26,15.03,15.39,14.97,315083,530674976.0,2.74,-2.08,-0.32,0.79
2022-02-15,600176,15.0,15.12,15.16,14.98,220337,369328384.0,1.2,0.6,0.09,0.55
2022-02-16,600176,15.19,15.64,15.76,15.19,560400,968638928.0,3.77,3.44,0.52,1.4
2022-02-17,600176,15.75,15.62,15.76,15.51,243298,421080048.0,1.6,-0.13,-0.02,0.61
2022-02-18,600176,15.55,15.65,15.69,15.52,163690,283272912.0,1.09,0.19,0.03,0.41
2022-02-21,600176,15.61,15.54,15.65,15.39,200869,345645344.0,1.66,-0.7,-0.11,0.5
2022-02-22,600176,15.39,15.4,15.47,15.21,235234,400453408.0,1.67,-0.9,-0.14,0.59
2022-02-23,600176,15.33,15.52,15.55,15.33,164856,283051952.0,1.43,0.78,0.12,0.41
2022-02-24,600176,15.52,15.1,15.53,14.81,394969,665838176.0,4.64,-2.71,-0.42,0.99
2022-02-25,600176,15.21,15.41,15.58,15.21,330159,565846768.0,2.45,2.05,0.31,0.82
2022-02-28,600176,15.48,15.36,15.64,15.29,183806,313780320.0,2.27,-0.32,-0.05,0.46
2022-03-01,600176,15.48,15.35,15.72,15.19,406139,695793856.0,3.45,-0.07,-0.01,1.01
2022-03-02,600176,15.26,15.03,15.3,14.99,374137,628199680.0,2.02,-2.08,-0.32,0.93
2022-03-03,600176,15.06,14.99,15.09,14.91,284443,474520960.0,1.2,-0.27,-0.04,0.71
2022-03-04,600176,14.88,14.66,14.91,14.64,299817,493056896.0,1.8,-2.2,-0.33,0.75
2022-03-07,600176,14.63,14.4,14.88,14.31,445652,723465888.0,3.89,-1.77,-0.26,1.11
2022-03-08,600176,14.46,13.64,14.53,13.61,399868,628471248.0,6.39,-5.28,-0.76,1.0
2022-03-09,600176,13.67,13.46,13.89,12.82,476883,716778208.0,7.84,-1.32,-0.18,1.19
2022-03-10,600176,14.21,14.18,14.36,14.01,418564,664283200.0,2.6,5.35,0.72,1.05
2022-03-11,600176,13.93,14.24,14.38,13.86,316720,499408304.0,3.67,0.42,0.06,0.79
2022-03-14,600176,14.11,13.87,14.4,13.87,212577,335768688.0,3.72,-2.6,-0.37,0.53
2022-03-15,600176,13.68,12.94,13.76,12.91,350994,527798784.0,6.13,-6.71,-0.93,0.88
2022-03-16,600176,13.16,13.86,13.96,12.84,396509,597572624.0,8.66,7.11,0.92,0.99
2022-03-17,600176,14.17,14.4,14.56,14.12,493316,792395792.0,3.17,3.9,0.54,1.23
2022-03-18,600176,14.35,14.48,14.54,14.19,241559,388291248.0,2.43,0.56,0.08,0.6
2022-03-21,600176,14.57,14.1,14.6,13.91,443866,703888224.0,4.77,-2.62,-0.38,1.11
2022-03-22,600176,14.05,13.96,14.1,13.82,325339,507428256.0,1.99,-0.99,-0.14,0.81
2022-03-23,600176,13.96,13.88,14.06,13.8,243538,378958256.0,1.86,-0.57,-0.08,0.61
2022-03-24,600176,13.71,13.6,13.79,13.54,269833,413540672.0,1.8,-2.02,-0.28,0.67
2022-03-25,600176,13.67,13.49,13.81,13.46,229946,352176288.0,2.57,-0.81,-0.11,0.57
2022-03-28,600176,13.3,13.45,13.53,13.03,239862,359230960.0,3.71,-0.3,-0.04,0.6
2022-03-29,600176,13.31,13.48,13.51,13.29,180474,272601232.0,1.64,0.22,0.03,0.45
2022-03-30,600176,13.56,13.73,13.82,13.51,266469,409285840.0,2.3,1.85,0.25,0.67
2022-03-31,600176,13.67,13.55,13.76,13.45,191800,292883632.0,2.26,-1.31,-0.18,0.48
2022-04-01,600176,13.37,13.5,13.58,13.22,265417,401001904.0,2.66,-0.37,-0.05,0.66
2022-04-06,600176,13.5,13.74,13.89,13.44,296184,453749696.0,3.33,1.78,0.24,0.74
2022-04-07,600176,13.65,13.72,14.05,13.61,381268,591838768.0,3.2,-0.15,-0.02,0.95
2022-04-08,600176,13.69,14.61,14.76,13.68,724604,1157668496.0,7.87,6.49,0.89,1.81
2022-04-11,600176,14.41,14.2,14.64,14.11,399268,639163152.0,3.63,-2.81,-0.41,1.0
2022-04-12,600176,14.07,14.41,14.48,13.83,287383,457159728.0,4.58,1.48,0.21,0.72
2022-04-13,600176,14.3,14.0,14.3,13.99,210487,332451040.0,2.15,-2.85,-0.41,0.53
2022-04-14,600176,14.09,14.48,14.61,13.97,297275,477163040.0,4.57,3.43,0.48,0.74
2022-04-15,600176,14.34,14.34,14.71,14.29,217216,351390752.0,2.9,-0.97,-0.14,0.54
2022-04-18,600176,14.11,14.12,14.3,14.04,215859,341952064.0,1.81,-1.53,-0.22,0.54
2022-04-19,600176,14.09,13.84,14.26,13.72,332209,518503456.0,3.82,-1.98,-0.28,0.83
2022-04-20,600176,13.85,13.43,13.91,13.37,356761,543749984.0,3.9,-2.96,-0.41,0.89
2022-04-21,600176,13.37,13.0,13.45,12.94,298433,443065104.0,3.8,-3.2,-0.43,0.75
2022-04-22,600176,12.94,13.18,13.28,12.73,230166,337739056.0,4.23,1.38,0.18,0.57
2022-04-25,600176,12.99,12.61,13.19,12.55,268013,391232576.0,4.86,-4.32,-0.57,0.67
2022-04-26,600176,12.9,13.04,13.46,12.72,401218,592496496.0,5.87,3.41,0.43,1.0
2022-04-27,600176,13.04,13.7,13.74,13.04,482398,732705664.0,5.37,5.06,0.66,1.21
2022-04-28,600176,13.59,13.9,14.14,13.46,414558,645311760.0,4.96,1.46,0.2,1.04
2022-04-29,600176,14.03,14.04,14.19,13.71,379382,594034624.0,3.45,1.01,0.14,0.95
2022-05-05,600176,14.18,14.38,14.59,14.01,489399,786503792.0,4.13,2.42,0.34,1.22
2022-05-06,600176,14.11,14.12,14.29,14.01,261325,413205008.0,1.95,-1.81,-0.26,0.65
2022-05-09,600176,14.01,14.29,14.38,13.98,204653,326036768.0,2.83,1.2,0.17,0.51
2022-05-10,600176,14.07,14.18,14.33,13.97,257886,408172976.0,2.52,-0.77,-0.11,0.64
2022-05-11,600176,14.21,14.24,14.5,14.16,343856,551034816.0,2.4,0.42,0.06,0.86
2022-05-12,600176,14.14,14.22,14.35,14.03,271090,430459120.0,2.25,-0.14,-0.02,0.68
2022-05-13,600176,14.3,14.54,14.79,14.3,417778,681854624.0,3.45,2.25,0.32,1.04
2022-05-16,600176,14.67,14.4,14.73,14.35,233436,377394816.0,2.61,-0.96,-0.14,0.58
2022-05-17,600176,14.48,14.53,14.6,14.28,203361,329382432.0,2.22,0.9,0.13,0.51
2022-05-18,600176,14.55,14.27,14.61,14.26,284459,456869696.0,2.41,-1.79,-0.26,0.71
2022-05-19,600176,14.22,14.33,14.39,14.01,293478,465707680.0,2.66,0.42,0.06,0.73
2022-05-20,600176,14.41,14.91,14.91,14.34,461273,755590720.0,3.98,4.05,0.58,1.15
2022-05-23,600176,14.94,14.81,14.95,14.66,323033,531164944.0,1.95,-0.67,-0.1,0.81
2022-05-24,600176,14.82,14.41,14.91,14.38,301844,493593488.0,3.58,-2.7,-0.4,0.75
2022-05-25,600176,14.41,14.44,14.54,14.28,220242,353894224.0,1.8,0.21,0.03,0.55
2022-05-26,600176,14.55,14.31,14.55,14.12,279204,432980688.0,2.98,-0.9,-0.13,0.7
2022-05-27,600176,14.39,14.59,14.84,14.35,336211,534016768.0,3.42,1.96,0.28,0.84
2022-05-30,600176,14.62,14.9,15.03,14.62,352989,568472128.0,2.81,2.12,0.31,0.88
2022-05-31,600176,14.96,15.13,15.24,14.92,311541,508444208.0,2.15,1.54,0.23,0.78
2022-06-01,600176,15.19,15.36,15.41,14.99,439133,724523232.0,2.78,1.52,0.23,1.1
2022-06-02,600176,15.27,15.23,15.34,15.11,261005,428155584.0,1.5,-0.85,-0.13,0.65
2022-06-06,600176,15.16,15.51,15.53,14.98,462438,760420416.0,3.61,1.84,0.28,1.16
2022-06-07,600176,15.46,15.12,15.49,15.04,506020,829672000.0,2.9,-2.51,-0.39,1.26
2022-06-08,600176,15.14,15.07,15.32,14.86,408727,663972240.0,3.04,-0.33,-0.05,1.02
2022-06-09,600176,15.14,15.08,15.29,14.91,355621,579253216.0,2.52,0.07,0.01,0.89
2022-06-10,600176,14.99,15.29,15.34,14.89,371348,608164464.0,2.98,1.39,0.21,0.93
2022-06-13,600176,15.17,15.38,15.45,15.12,302820,499223760.0,2.16,0.59,0.09,0.76
2022-06-14,600176,15.19,15.51,15.52,14.99,406066,670291952.0,3.45,0.85,0.13,1.01
2022-06-15,600176,15.5,15.5,15.74,15.35,542307,910540160.0,2.51,-0.06,-0.01,1.35
2022-06-16,600176,15.5,15.28,15.61,15.2,357834,592703136.0,2.65,-1.42,-0.22,0.89
2022-06-17,600176,15.16,15.32,15.39,15.05,301177,495556256.0,2.23,0.26,0.04,0.75
2022-06-20,600176,15.29,15.7,15.83,15.22,522355,877077424.0,3.98,2.48,0.38,1.3
2022-06-21,600176,15.69,15.72,15.79,15.55,333236,562369568.0,1.53,0.13,0.02,0.83
2022-06-22,600176,15.73,15.47,15.76,15.47,263376,442055888.0,1.84,-1.59,-0.25,0.66
2022-06-23,600176,15.47,15.6,15.62,15.24,290877,483757184.0,2.46,0.84,0.13,0.73
2022-06-24,600176,15.6,15.68,15.81,15.54,326778,551812832.0,1.73,0.51,0.08,0.82
2022-06-27,600176,15.77,15.91,16.02,15.7,424181,723170896.0,2.04,1.47,0.23,1.06
2022-06-28,600176,15.96,16.05,16.08,15.75,324790,557335056.0,2.07,0.88,0.14,0.81
2022-06-29,600176,16.05,16.04,16.57,15.91,542854,947870464.0,4.11,-0.06,-0.01,1.36
2022-06-30,600176,16.04,16.2,16.36,15.94,374418,651750816.0,2.62,1.0,0.16,0.94
2022-07-01,600176,16.19,16.21,16.42,16.09,374399,652619392.0,2.04,0.06,0.01,0.94
2022-07-04,600176,16.24,16.09,16.36,16.03,377721,654505264.0,2.04,-0.74,-0.12,0.94
2022-07-05,600176,16.12,16.02,16.36,15.67,461984,790866224.0,4.29,-0.44,-0.07,1.15
2022-07-06,600176,15.93,15.07,16.06,14.87,694991,1146610224.0,7.43,-5.93,-0.95,1.74
2022-07-07,600176,14.96,14.82,15.09,14.76,396460,638262656.0,2.19,-1.66,-0.25,0.99
2022-07-08,600176,14.95,14.55,14.98,14.53,395710,629416944.0,3.04,-1.82,-0.27,0.99
2022-07-11,600176,14.61,13.98,14.61,13.77,561379,852964256.0,5.77,-3.92,-0.57,1.4
2022-07-12,600176,14.22,14.06,14.29,13.97,457364,700055996.0,2.29,0.57,0.08,1.14
2022-07-13,600176,14.12,14.33,14.47,14.08,455067,704548801.0,2.77,1.92,0.27,1.14
2022-07-14,600176,14.27,14.17,14.35,14.12,338349,521725915.0,1.61,-1.12,-0.16,0.85
2022-07-15,600176,14.07,13.66,14.08,13.66,574847,865663372.0,2.96,-3.6,-0.51,1.44
2022-07-18,600176,13.68,13.92,13.95,13.59,375635,563149791.0,2.64,1.9,0.26,0.94
2022-07-19,600176,13.99,14.11,14.22,13.88,341199,521094081.0,2.44,1.36,0.19,0.85
2022-07-20,600176,14.19,14.1,14.23,14.02,258866,396106113.0,1.49,-0.07,-0.01,0.65
2022-07-21,600176,14.04,13.89,14.1,13.86,269077,407559143.0,1.7,-1.49,-0.21,0.67
2022-07-22,600176,13.86,13.85,13.96,13.67,248507,373425784.0,2.09,-0.29,-0.04,0.62
2022-07-25,600176,13.86,13.83,14.02,13.78,221837,334609619.0,1.73,-0.14,-0.02,0.55
2022-07-26,600176,13.82,13.9,13.96,13.78,183848,277438702.0,1.3,0.51,0.07,0.46
2022-07-27,600176,13.91,13.75,13.94,13.72,241618,361912780.0,1.58,-1.08,-0.15,0.6
2022-07-28,600176,13.87,13.9,13.92,13.77,318070,478695269.0,1.09,1.09,0.15,0.79
2022-07-29,600176,13.87,13.74,13.95,13.7,338055,508072482.0,1.8,-1.15,-0.16,0.84
2022-08-01,600176,13.64,13.38,13.67,13.15,558499,810258923.0,3.78,-2.62,-0.36,1.4
2022-08-02,600176,13.24,13.05,13.24,12.81,397708,566779983.0,3.21,-2.47,-0.33,0.99
2022-08-03,600176,13.05,12.93,13.27,12.91,259498,370937017.0,2.76,-0.92,-0.12,0.65
2022-08-04,600176,13.01,13.06,13.09,12.89,178976,254446789.0,1.55,1.01,0.13,0.45
2022-08-05,600176,13.06,13.4,13.41,12.99,276062,397949066.0,3.22,2.6,0.34,0.69
2022-08-08,600176,13.3,13.49,13.59,13.27,242133,354837740.0,2.39,0.67,0.09,0.6
2022-08-09,600176,13.49,13.57,13.62,13.4,186010,273986122.0,1.63,0.59,0.08,0.46
2022-08-10,600176,13.52,13.52,13.65,13.39,186707,274420481.0,1.92,-0.37,-0.05,0.47
2022-08-11,600176,13.54,13.63,13.66,13.5,244110,361484121.0,1.18,0.81,0.11,0.61
2022-08-12,600176,13.65,13.83,13.93,13.61,318565,479500267.0,2.35,1.47,0.2,0.8
2022-08-15,600176,13.83,13.78,13.98,13.65,248817,373410910.0,2.39,-0.36,-0.05,0.62
2022-08-16,600176,13.76,13.79,13.81,13.66,194633,290787533.0,1.09,0.07,0.01,0.49
2022-08-17,600176,13.82,13.74,13.82,13.62,218752,326314817.0,1.45,-0.36,-0.05,0.55
2022-08-18,600176,13.73,13.59,13.75,13.52,207270,307137732.0,1.67,-1.09,-0.15,0.52
2022-08-19,600176,13.52,13.59,13.7,13.51,159246,235883077.0,1.4,0.0,0.0,0.4
2022-08-22,600176,13.54,13.74,13.74,13.45,212595,314940076.0,2.13,1.1,0.15,0.53
2022-08-23,600176,13.78,13.64,13.96,13.58,406940,607072254.0,2.77,-0.73,-0.1,1.02
2022-08-24,600176,13.58,13.36,13.69,13.32,278473,409882143.0,2.71,-2.05,-0.28,0.7
2022-08-25,600176,13.38,13.7,13.71,13.18,320473,472208718.0,3.97,2.54,0.34,0.8
2022-08-26,600176,13.66,13.45,13.71,13.4,206031,304240767.0,2.26,-1.82,-0.25,0.51
2022-08-29,600176,13.15,13.36,13.41,13.06,239781,346288251.0,2.6,-0.67,-0.09,0.6
2022-08-30,600176,13.3,13.19,13.46,13.12,154928,223717276.0,2.54,-1.27,-0.17,0.39
2022-08-31,600176,13.16,13.2,13.41,13.09,191387,276396537.0,2.43,0.08,0.01,0.48
2022-09-01,600176,13.14,13.02,13.37,13.01,242372,349074636.0,2.73,-1.36,-0.18,0.61
2022-09-02,600176,13.04,12.91,13.11,12.88,224237,317567218.0,1.77,-0.84,-0.11,0.56
2022-09-05,600176,12.92,13.04,13.04,12.81,194900,275265360.0,1.78,1.01,0.13,0.49
2022-09-06,600176,13.07,13.33,13.37,13.07,263493,382214608.0,2.3,2.22,0.29,0.66
2022-09-07,600176,13.31,13.25,13.37,13.22,178196,258149381.0,1.13,-0.6,-0.08,0.45
2022-09-08,600176,13.31,13.19,13.35,13.18,133801,193474194.0,1.28,-0.45,-0.06,0.33
2022-09-09,600176,13.26,13.63,13.69,13.15,355067,522014144.0,4.09,3.34,0.44,0.89
2022-09-13,600176,13.66,13.54,13.83,13.51,261721,388589532.0,2.35,-0.66,-0.09,0.65
2022-09-14,600176,13.39,13.33,13.45,13.19,217662,316736121.0,1.92,-1.55,-0.21,0.54
2022-09-15,600176,13.35,13.44,13.64,13.24,318128,466899976.0,3.0,0.83,0.11,0.79
2022-09-16,600176,13.41,12.82,13.48,12.82,355645,505551978.0,4.91,-4.61,-0.62,0.89
2022-09-19,600176,12.78,12.62,12.83,12.33,214074,296130332.0,3.9,-1.56,-0.2,0.53
2022-09-20,600176,12.75,12.74,12.87,12.67,130178,182075485.0,1.58,0.95,0.12,0.33
2022-09-21,600176,12.7,12.6,12.77,12.51,142190,196563156.0,2.04,-1.1,-0.14,0.36
2022-09-22,600176,12.54,12.26,12.57,12.22,267230,362951564.0,2.78,-2.7,-0.34,0.67
2022-09-23,600176,12.26,12.39,12.49,12.21,178303,242785425.0,2.28,1.06,0.13,0.45
2022-09-26,600176,12.29,12.02,12.51,11.95,236640,317011834.0,4.52,-2.99,-0.37,0.59
2022-09-27,600176,12.06,12.34,12.35,11.91,232228,310120429.0,3.66,2.66,0.32,0.58
2022-09-28,600176,12.29,12.02,12.32,11.99,146311,194887563.0,2.67,-2.59,-0.32,0.37
2022-09-29,600176,12.14,12.01,12.25,11.91,162315,215422750.0,2.83,-0.08,-0.01,0.41
2022-09-30,600176,11.97,11.97,12.09,11.93,116920,154527708.0,1.33,-0.33,-0.04,0.29
2022-10-10,600176,11.96,11.48,12.01,11.43,299014,385292899.0,4.85,-4.09,-0.49,0.75
2022-10-11,600176,11.5,11.85,11.89,11.39,253804,327099130.0,4.36,3.22,0.37,0.63
2022-10-12,600176,11.79,11.94,11.96,11.49,175020,227044473.0,3.97,0.76,0.09,0.44
2022-10-13,600176,11.93,11.88,11.99,11.82,129968,170362409.0,1.42,-0.5,-0.06,0.32
2022-10-14,600176,12.0,12.11,12.19,12.0,197229,262490608.0,1.6,1.94,0.23,0.49
2022-10-17,600176,12.09,12.09,12.16,12.01,156705,208091538.0,1.24,-0.17,-0.02,0.39
2022-10-18,600176,12.13,12.05,12.23,12.03,158076,210367665.0,1.65,-0.33,-0.04,0.39
2022-10-19,600176,12.05,11.78,12.05,11.74,180608,236146921.0,2.57,-2.24,-0.27,0.45
2022-10-20,600176,11.72,11.6,11.81,11.58,179871,231279956.0,1.95,-1.53,-0.18,0.45
2022-10-21,600176,11.59,11.41,11.71,11.36,203002,258048742.0,3.02,-1.64,-0.19,0.51
2022-10-24,600176,11.1,10.35,11.11,10.23,741021,871066903.0,7.71,-9.29,-1.06,1.85
2022-10-25,600176,10.36,10.48,10.6,10.26,327960,382248216.0,3.29,1.26,0.13,0.82
2022-10-26,600176,10.48,10.53,10.72,10.44,249905,294508050.0,2.67,0.48,0.05,0.62
2022-10-27,600176,10.54,10.84,10.92,10.54,300949,360025513.0,3.61,2.94,0.31,0.75
2022-10-28,600176,10.89,10.63,10.9,10.57,222029,264439151.0,3.04,-1.94,-0.21,0.55
2022-10-31,600176,10.48,10.49,10.69,10.41,195677,229449225.0,2.63,-1.32,-0.14,0.49
2022-11-01,600176,10.5,10.84,10.84,10.5,249325,296873220.0,3.24,3.34,0.35,0.62
2022-11-02,600176,10.82,10.95,11.02,10.74,241718,293004072.0,2.58,1.01,0.11,0.6
2022-11-03,600176,10.87,11.05,11.11,10.79,178576,218738600.0,2.92,0.91,0.1,0.45
2022-11-04,600176,11.06,11.44,11.52,11.05,278803,350546033.0,4.25,3.53,0.39,0.7
2022-11-07,600176,11.49,11.87,11.98,11.44,385451,500262394.0,4.72,3.76,0.43,0.96
2022-11-08,600176,11.91,11.99,11.99,11.74,273924,358927577.0,2.11,1.01,0.12,0.68
2022-11-09,600176,11.89,11.89,12.09,11.81,177862,233560186.0,2.34,-0.83,-0.1,0.44
2022-11-10,600176,11.8,11.87,11.91,11.69,170316,221408981.0,1.85,-0.17,-0.02,0.43
2022-11-11,600176,12.24,12.19,12.32,12.05,373742,500815353.0,2.27,2.7,0.32,0.93
2022-11-14,600176,12.39,12.02,12.6,11.99,461036,622771643.0,5.0,-1.39,-0.17,1.15
2022-11-15,600176,12.07,12.57,12.62,11.92,394051,534506169.0,5.82,4.58,0.55,0.98
2022-11-16,600176,12.49,12.5,12.79,12.45,267235,370206212.0,2.7,-0.56,-0.07,0.67
2022-11-17,600176,12.57,12.54,12.57,12.29,293065,398850811.0,2.24,0.32,0.04,0.73
2022-11-18,600176,12.57,12.42,12.57,12.41,162432,221928322.0,1.28,-0.96,-0.12,0.41
2022-11-21,600176,12.4,12.64,12.67,12.25,225706,308719287.0,3.38,1.77,0.22,0.56
2022-11-22,600176,12.52,12.85,12.96,12.5,383212,537517463.0,3.64,1.66,0.21,0.96
2022-11-23,600176,12.84,12.79,12.97,12.66,221804,310919209.0,2.41,-0.47,-0.06,0.55
2022-11-24,600176,12.79,12.77,13.14,12.7,239597,338053635.0,3.44,-0.16,-0.02,0.6
2022-11-25,600176,12.76,12.79,13.01,12.69,225335,317566511.0,2.51,0.16,0.02,0.56
2022-11-28,600176,12.63,12.81,12.81,12.37,267175,369309288.0,3.44,0.16,0.02,0.67
2022-11-29,600176,12.86,13.16,13.31,12.84,370896,531646218.0,3.67,2.73,0.35,0.93
2022-11-30,600176,13.18,13.15,13.35,13.12,210722,304124533.0,1.75,-0.08,-0.01,0.53
2022-12-01,600176,13.29,13.17,13.58,13.1,226970,328967347.0,3.65,0.15,0.02,0.57
2022-12-02,600176,13.11,13.19,13.26,13.09,135343,194799631.0,1.29,0.15,0.02,0.34
2022-12-05,600176,13.22,13.74,13.96,13.22,539980,803284664.0,5.61,4.17,0.55,1.35
2022-12-06,600176,13.64,13.49,13.83,13.38,351642,518455954.0,3.28,-1.82,-0.25,0.88
2022-12-07,600176,13.42,13.36,13.6,13.29,228805,335031436.0,2.3,-0.96,-0.13,0.57
2022-12-08,600176,13.34,13.42,13.5,13.24,174349,254464672.0,1.95,0.45,0.06,0.44
2022-12-09,600176,13.41,13.54,13.56,13.29,180303,263995885.0,2.01,0.89,0.12,0.45
2022-12-12,600176,13.44,13.08,13.48,12.99,294437,422375270.0,3.62,-3.4,-0.46,0.74
2022-12-13,600176,13.09,13.16,13.26,13.07,117018,168170174.0,1.45,0.61,0.08,0.29
2022-12-14,600176,13.16,13.24,13.53,13.1,149826,217968053.0,3.27,0.61,0.08,0.37
2022-12-15,600176,13.19,13.03,13.27,12.89,152341,216723124.0,2.87,-1.59,-0.21,0.38
2022-12-16,600176,13.0,13.25,13.38,12.92,183912,265324353.0,3.53,1.69,0.22,0.46
2022-12-19,600176,13.15,12.88,13.36,12.77,203031,287745913.0,4.45,-2.79,-0.37,0.51
2022-12-20,600176,12.89,12.58,12.9,12.45,170768,236043471.0,3.49,-2.33,-0.3,0.43
2022-12-21,600176,12.7,12.58,12.7,12.36,233176,320115621.0,2.7,0.0,0.0,0.58
2022-12-22,600176,12.67,12.58,12.8,12.44,197070,271808457.0,2.86,0.0,0.0,0.49
2022-12-23,600176,12.52,12.44,12.7,12.29,158372,216632694.0,3.26,-1.11,-0.14,0.4
2022-12-26,600176,12.49,12.28,12.49,12.19,148584,200359536.0,2.41,-1.29,-0.16,0.37
2022-12-27,600176,12.33,12.59,12.64,12.24,154629,212150404.0,3.26,2.52,0.31,0.39
2022-12-28,600176,12.53,12.17,12.53,12.08,256709,344014877.0,3.57,-3.34,-0.42,0.64
2022-12-29,600176,12.14,12.32,12.37,11.96,244144,327481003.0,3.37,1.23,0.15,0.61
2022-12-30,600176,12.32,12.5,12.72,12.32,195350,268587571.0,3.25,1.46,0.18,0.49
2023-01-03,600176,12.49,12.73,12.77,12.31,282738,391003786.0,3.68,1.84,0.23,0.71
2023-01-04,600176,12.69,12.67,12.84,12.58,201870,281167934.0,2.04,-0.47,-0.06,0.5
2023-01-05,600176,12.69,12.71,12.75,12.58,209507,290877270.0,1.34,0.32,0.04,0.52
2023-01-06,600176,12.74,12.79,12.96,12.69,187635,263638662.0,2.12,0.63,0.08,0.47
2023-01-09,600176,12.91,13.04,13.07,12.83,165913,235444786.0,1.88,1.95,0.25,0.41
2023-01-10,600176,13.07,13.06,13.11,12.89,169178,241031222.0,1.69,0.15,0.02,0.42
2023-01-11,600176,13.14,13.13,13.31,13.07,207488,299579553.0,1.84,0.54,0.07,0.52
2023-01-12,600176,13.14,13.09,13.21,13.0,136997,196009823.0,1.6,-0.3,-0.04,0.34
2023-01-13,600176,13.08,13.33,13.35,13.06,178858,258798546.0,2.22,1.83,0.24,0.45
2023-01-16,600176,13.33,13.33,13.47,13.23,206701,301713056.0,1.8,0.0,0.0,0.52
2023-01-17,600176,13.39,13.34,13.39,13.21,165119,239205515.0,1.35,0.08,0.01,0.41
2023-01-18,600176,13.34,13.38,13.45,13.29,118575,172887059.0,1.2,0.3,0.04,0.3
2023-01-19,600176,13.31,13.38,13.38,13.22,155006,224862898.0,1.2,0.0,0.0,0.39
2023-01-20,600176,13.39,13.54,13.6,13.35,157848,232382730.0,1.87,1.2,0.16,0.39
2023-01-30,600176,13.71,13.53,13.79,13.49,222253,329934251.0,2.22,-0.07,-0.01,0.56
2023-01-31,600176,13.53,13.54,13.66,13.46,143275,211581657.0,1.48,0.07,0.01,0.36
2023-02-01,600176,13.54,13.66,13.68,13.34,258535,380876012.0,2.51,0.89,0.12,0.65
2023-02-02,600176,13.66,13.89,13.95,13.55,366205,549475680.0,2.93,1.68,0.23,0.91
2023-02-03,600176,13.79,13.5,13.84,13.41,387383,570770787.0,3.1,-2.81,-0.39,0.97
2023-02-06,600176,13.31,13.27,13.43,13.24,212818,308728003.0,1.41,-1.7,-0.23,0.53
2023-02-07,600176,13.39,13.48,13.56,13.28,161527,236924091.0,2.11,1.58,0.21,0.4
2023-02-08,600176,13.48,13.49,13.62,13.43,114323,168487956.0,1.41,0.07,0.01,0.29
2023-02-09,600176,13.44,13.65,13.68,13.41,119792,177539437.0,2.0,1.19,0.16,0.3
2023-02-10,600176,13.65,13.65,13.77,13.58,114067,169681730.0,1.39,0.0,0.0,0.28
2023-02-13,600176,13.6,14.18,14.18,13.58,385539,585962010.0,4.4,3.88,0.53,0.96
2023-02-14,600176,14.15,14.44,14.48,13.99,330342,512086576.0,3.46,1.83,0.26,0.83
2023-02-15,600176,14.44,14.17,14.47,14.08,257180,396307542.0,2.7,-1.87,-0.27,0.64
2023-02-16,600176,14.11,13.94,14.27,13.66,253580,385715256.0,4.3,-1.62,-0.23,0.63
2023-02-17,600176,13.84,13.71,14.09,13.71,189022,285522851.0,2.73,-1.65,-0.23,0.47
2023-02-20,600176,13.76,14.42,14.46,13.76,348284,540937698.0,5.11,5.18,0.71,0.87
2023-02-21,600176,14.41,14.37,14.53,14.25,192529,300204956.0,1.94,-0.35,-0.05,0.48
2023-02-22,600176,14.32,14.35,14.46,14.2,158225,246059087.0,1.81,-0.14,-0.02,0.4
2023-02-23,600176,14.3,14.45,14.55,14.3,217950,340761808.0,1.74,0.7,0.1,0.54
2023-02-24,600176,14.44,14.09,14.45,14.04,157418,241847293.0,2.84,-2.49,-0.36,0.39
2023-02-27,600176,14.09,13.97,14.11,13.83,168062,255022359.0,1.99,-0.85,-0.12,0.42
2023-02-28,600176,13.98,13.94,14.04,13.86,138711,210087352.0,1.29,-0.21,-0.03,0.35
2023-03-01,600176,13.96,14.4,14.43,13.94,266922,414267211.0,3.52,3.3,0.46,0.67
2023-03-02,600176,14.39,14.38,14.59,14.27,192654,301213430.0,2.22,-0.14,-0.02,0.48
2023-03-03,600176,14.41,14.4,14.48,14.29,184505,287421456.0,1.32,0.14,0.02,0.46
2023-03-06,600176,14.5,14.19,14.56,14.15,238097,367822774.0,2.85,-1.46,-0.21,0.59
2023-03-07,600176,14.26,14.03,14.45,13.99,256430,395101137.0,3.24,-1.13,-0.16,0.64
2023-03-08,600176,13.98,13.99,14.09,13.84,177432,269120256.0,1.78,-0.29,-0.04,0.44
2023-03-09,600176,14.02,13.74,14.04,13.66,218904,328121163.0,2.72,-1.79,-0.25,0.55
2023-03-10,600176,13.66,13.46,13.72,13.4,167561,246857483.0,2.33,-2.04,-0.28,0.42
2023-03-13,600176,13.43,13.58,13.64,13.34,127914,188235335.0,2.23,0.89,0.12,0.32
2023-03-14,600176,13.52,13.24,13.57,13.12,186865,270375153.0,3.31,-2.5,-0.34,0.47
2023-03-15,600176,13.32,13.46,13.57,13.29,127979,187737167.0,2.11,1.66,0.22,0.32
2023-03-16,600176,13.39,13.23,13.53,13.2,148872,216848186.0,2.45,-1.71,-0.23,0.37
2023-03-17,600176,13.39,13.25,13.53,13.24,173944,253467618.0,2.19,0.15,0.02,0.43
2023-03-20,600176,13.31,13.78,14.07,13.28,372748,559225171.0,5.96,4.0,0.53,0.93
2023-03-21,600176,13.59,13.45,13.82,13.35,286552,421991663.0,3.41,-2.39,-0.33,0.72
2023-03-22,600176,13.51,13.14,13.54,12.98,443704,637064503.0,4.16,-2.3,-0.31,1.11
2023-03-23,600176,13.1,13.63,13.74,13.0,363572,534758687.0,5.63,3.73,0.49,0.91
2023-03-24,600176,13.68,13.63,13.72,13.49,153323,226830877.0,1.69,0.0,0.0,0.38
2023-03-27,600176,13.68,13.59,13.68,13.29,207196,304075652.0,2.86,-0.29,-0.04,0.52
2023-03-28,600176,13.6,13.48,13.69,13.46,113035,167270285.0,1.69,-0.81,-0.11,0.28
2023-03-29,600176,13.5,13.28,13.57,13.23,132996,193404623.0,2.52,-1.48,-0.2,0.33
2023-03-30,600176,13.29,13.65,13.68,13.11,245179,358707629.0,4.29,2.79,0.37,0.61
2023-03-31,600176,13.57,13.4,13.64,13.37,221814,326295418.0,1.98,-1.83,-0.25,0.55
2023-04-03,600176,13.44,13.95,13.98,13.31,348387,522581318.0,5.0,4.1,0.55,0.87
2023-04-04,600176,13.87,13.84,14.04,13.73,192840,290448318.0,2.22,-0.79,-0.11,0.48
2023-04-06,600176,13.74,13.92,13.95,13.73,143077,215792656.0,1.59,0.58,0.08,0.36
2023-04-07,600176,13.97,14.01,14.02,13.86,170831,259439992.0,1.15,0.65,0.09,0.43
2023-04-10,600176,14.01,13.87,14.34,13.78,221631,337776892.0,4.0,-1.0,-0.14,0.55
2023-04-11,600176,13.86,14.15,14.36,13.82,296178,455244231.0,3.89,2.02,0.28,0.74
2023-04-12,600176,14.14,14.0,14.25,13.94,219050,333954090.0,2.19,-1.06,-0.15,0.55
2023-04-13,600176,13.97,13.75,13.99,13.7,185618,278148518.0,2.07,-1.79,-0.25,0.46
2023-04-14,600176,13.75,13.64,13.8,13.51,209772,311282666.0,2.11,-0.8,-0.11,0.52
2023-04-17,600176,13.57,14.39,14.54,13.55,558877,861569342.0,7.26,5.5,0.75,1.4
2023-04-18,600176,14.58,14.85,14.94,14.49,646195,1034540434.0,3.13,3.2,0.46,1.61
2023-04-19,600176,14.89,14.69,15.29,14.62,413656,665612399.0,4.51,-1.08,-0.16,1.03
2023-04-20,600176,14.6,14.33,14.79,14.07,396803,616795932.0,4.9,-2.45,-0.36,0.99
2023-04-21,600176,13.67,13.47,13.72,12.89,973111,1422938739.0,5.79,-6.0,-0.86,2.43
2023-04-24,600176,13.45,13.46,13.66,13.21,253670,371889337.0,3.34,-0.07,-0.01,0.63
2023-04-25,600176,13.46,13.18,13.58,12.9,287877,413640852.0,5.05,-2.08,-0.28,0.72
2023-04-26,600176,13.1,13.09,13.19,12.79,234169,332913416.0,3.03,-0.68,-0.09,0.58
2023-04-27,600176,12.99,13.02,13.18,12.89,165698,235564064.0,2.22,-0.53,-0.07,0.41
2023-04-28,600176,12.97,13.37,13.42,12.96,235136,340608869.0,3.53,2.69,0.35,0.59
2023-05-04,600176,13.25,13.49,13.55,13.18,175229,256407271.0,2.77,0.9,0.12,0.44
2023-05-05,600176,13.49,13.89,14.05,13.35,276916,412164445.0,5.19,2.97,0.4,0.69
2023-05-08,600176,13.96,14.08,14.19,13.74,259793,395410467.0,3.24,1.37,0.19,0.65
2023-05-09,600176,14.09,13.89,14.26,13.83,229048,349405967.0,3.05,-1.35,-0.19,0.57
2023-05-10,600176,13.86,13.86,13.87,13.56,188602,281418880.0,2.23,-0.22,-0.03,0.47
2023-05-11,600176,13.86,13.6,13.91,13.57,137072,203999198.0,2.45,-1.88,-0.26,0.34
2023-05-12,600176,13.56,13.18,13.65,13.1,200482,290659483.0,4.04,-3.09,-0.42,0.5
2023-05-15,600176,13.2,13.39,13.4,13.12,149341,215745654.0,2.12,1.59,0.21,0.37
2023-05-16,600176,13.35,13.21,13.46,13.14,122098,176835341.0,2.39,-1.34,-0.18,0.31
2023-05-17,600176,13.2,13.23,13.27,13.12,109722,158148962.0,1.14,0.15,0.02,0.27
2023-05-18,600176,13.25,13.26,13.46,13.16,102623,148941146.0,2.27,0.23,0.03,0.26
2023-05-19,600176,13.32,13.34,13.4,13.22,84141,122224770.0,1.36,0.6,0.08,0.21
2023-05-22,600176,13.33,13.49,13.51,13.25,90560,132324578.0,1.95,1.12,0.15,0.23
2023-05-23,600176,13.49,13.36,13.62,13.26,145823,213497244.0,2.67,-0.96,-0.13,0.36
2023-05-24,600176,13.31,13.09,13.31,13.05,133266,191054580.0,1.95,-2.02,-0.27,0.33
2023-05-25,600176,13.12,12.91,13.12,12.51,268999,362447072.0,4.66,-1.38,-0.18,0.67
2023-05-26,600176,12.9,12.9,12.97,12.73,63550,85977933.0,1.86,-0.08,-0.01,0.16
2023-05-29,600176,12.91,12.98,13.0,12.82,83835,114007408.0,1.4,0.62,0.08,0.21
2023-05-30,600176,12.97,13.08,13.11,12.89,91773,125711028.0,1.69,0.77,0.1,0.23
2023-05-31,600176,13.05,12.95,13.25,12.95,136500,187792925.0,2.29,-0.99,-0.13,0.34
2023-06-01,600176,12.92,12.63,12.95,12.55,220776,294295513.0,3.09,-2.47,-0.32,0.55
2023-06-02,600176,12.69,13.12,13.18,12.61,175313,238677972.0,4.51,3.88,0.49,0.44
2023-06-05,600176,13.12,13.06,13.18,12.94,135020,184939262.0,1.83,-0.46,-0.06,0.34
2023-06-06,600176,13.06,13.19,13.38,13.0,155539,216368835.0,2.91,1.0,0.13,0.39
2023-06-07,600176,13.22,13.23,13.32,13.15,113566,158136515.0,1.29,0.3,0.04,0.28
2023-06-08,600176,13.23,13.41,13.46,13.16,110793,155231727.0,2.27,1.36,0.18,0.28
2023-06-09,600176,13.38,13.25,13.49,13.13,131019,182412090.0,2.68,-1.19,-0.16,0.33
2023-06-12,600176,13.18,13.17,13.37,13.07,110743,153456639.0,2.26,-0.6,-0.08,0.28
2023-06-13,600176,13.15,13.16,13.26,13.03,74153,102473846.0,1.75,-0.08,-0.01,0.19
2023-06-14,600176,13.17,13.29,13.46,13.14,117999,165581917.0,2.43,0.99,0.13,0.29
2023-06-15,600176,13.29,13.47,13.48,13.22,101797,143180338.0,1.96,1.35,0.18,0.25
2023-06-16,600176,13.53,13.92,14.05,13.52,294751,429276364.0,3.93,3.34,0.45,0.74
2023-06-19,600176,13.91,13.78,13.91,13.71,145799,210861141.0,1.44,-1.01,-0.14,0.36
2023-06-20,600176,13.73,13.82,13.97,13.69,109974,159680404.0,2.03,0.29,0.04,0.27
2023-06-21,600176,13.78,13.78,13.92,13.72,110406,160111124.0,1.45,-0.29,-0.04,0.28
2023-06-26,600176,13.67,13.69,13.8,13.54,148033,212241817.0,1.89,-0.65,-0.09,0.37
2023-06-27,600176,13.63,13.72,13.77,13.59,110584,158827034.0,1.31,0.22,0.03,0.28
2023-06-28,600176,13.71,13.67,13.77,13.5,107645,153832590.0,1.97,-0.36,-0.05,0.27
2023-06-29,600176,13.65,13.54,13.67,13.45,96804,137560962.0,1.61,-0.95,-0.13,0.24
2023-06-30,600176,13.46,13.48,13.55,13.34,112518,158936743.0,1.55,-0.44,-0.06,0.28
2023-07-03,600176,13.48,13.58,13.62,13.47,139721,198847705.0,1.11,0.74,0.1,0.35
2023-07-04,600176,13.59,13.09,13.59,13.05,315771,437082990.0,3.98,-3.61,-0.49,0.79
2023-07-05,600176,13.09,13.01,13.11,12.89,148075,202300594.0,1.68,-0.61,-0.08,0.37
2023-07-06,600176,12.92,12.98,13.01,12.91,74269,101275970.0,0.77,-0.23,-0.03,0.19
2023-07-07,600176,12.92,12.76,12.97,12.7,136078,183169952.0,2.08,-1.69,-0.22,0.34
2023-07-10,600176,12.82,13.18,13.27,12.78,218088,301259879.0,3.84,3.29,0.42,0.54
2023-07-11,600176,13.22,13.29,13.44,13.16,142907,199905928.0,2.12,0.83,0.11,0.36
2023-07-12,600176,13.09,13.02,13.34,12.97,186668,257053095.0,2.78,-2.03,-0.27,0.47
2023-07-13,600176,13.29,13.18,13.29,13.05,111477,154009823.0,1.84,1.23,0.16,0.28
2023-07-14,600176,13.19,13.07,13.19,13.02,97237,133719573.0,1.29,-0.83,-0.11,0.24
2023-07-17,600176,13.07,12.88,13.07,12.82,89352,120989025.0,1.91,-1.45,-0.19,0.22
2023-07-18,600176,13.01,13.04,13.06,12.83,102417,139937695.0,1.79,1.24,0.16,0.26
2023-07-19,600176,13.0,13.09,13.17,12.95,110041,151193930.0,1.69,0.38,0.05,0.27
2023-07-20,600176,13.08,13.24,13.44,13.05,212842,297605171.0,2.98,1.15,0.15,0.53
2023-07-21,600176,13.24,13.3,13.32,13.13,67895,94599457.0,1.44,0.45,0.06,0.17
2023-07-24,600176,13.3,13.24,13.32,13.14,61970,86264788.0,1.35,-0.45,-0.06,0.15
2023-07-25,600176,13.39,13.75,13.79,13.39,366212,525527415.0,3.02,3.85,0.51,0.91
2023-07-26,600176,13.76,13.82,13.95,13.67,180401,261592483.0,2.04,0.51,0.07,0.45
2023-07-27,600176,13.83,13.88,13.97,13.74,174956,254855798.0,1.66,0.43,0.06,0.44
2023-07-28,600176,13.9,14.22,14.31,13.84,277095,410803473.0,3.39,2.45,0.34,0.69
2023-07-31,600176,14.3,14.16,14.5,14.15,298931,448012822.0,2.46,-0.42,-0.06,0.75
2023-08-01,600176,14.16,14.13,14.3,14.04,215730,319640811.0,1.84,-0.21,-0.03,0.54
2023-08-02,600176,14.12,14.21,14.37,14.05,200570,299545131.0,2.26,0.57,0.08,0.5
2023-08-03,600176,14.29,14.12,14.3,14.05,260312,385384291.0,1.76,-0.63,-0.09,0.65
2023-08-04,600176,14.21,13.9,14.34,13.79,457238,670063700.0,3.9,-1.56,-0.22,1.14
2023-08-07,600176,13.89,13.9,13.96,13.72,190752,277772769.0,1.73,0.0,0.0,0.48
2023-08-08,600176,13.87,14.02,14.1,13.87,134204,196863943.0,1.65,0.86,0.12,0.34
2023-08-09,600176,13.98,14.04,14.13,13.93,82320,121073544.0,1.43,0.14,0.02,0.21
2023-08-10,600176,13.98,13.98,14.15,13.91,90124,132252686.0,1.71,-0.43,-0.06,0.23
2023-08-11,600176,13.95,13.64,14.05,13.6,179388,259078440.0,3.22,-2.43,-0.34,0.45
2023-08-14,600176,13.57,13.7,13.81,13.49,118626,169511190.0,2.35,0.44,0.06,0.3
2023-08-15,600176,13.71,13.75,13.84,13.6,81139,116959921.0,1.75,0.36,0.05,0.2
2023-08-16,600176,13.75,13.74,13.88,13.6,61668,88882976.0,2.04,-0.07,-0.01,0.15
2023-08-17,600176,13.62,13.63,13.69,13.52,84737,121078704.0,1.24,-0.8,-0.11,0.21
2023-08-18,600176,13.62,13.62,13.9,13.6,107854,155167422.0,2.2,-0.07,-0.01,0.27
2023-08-21,600176,13.58,13.45,13.7,13.45,145095,206395368.0,1.84,-1.25,-0.17,0.36
2023-08-22,600176,13.54,13.5,13.62,13.34,105279,148753618.0,2.08,0.37,0.05,0.26
2023-08-23,600176,13.51,13.22,13.56,13.22,101505,142115049.0,2.52,-2.07,-0.28,0.25
2023-08-24,600176,13.19,13.23,13.34,13.12,78270,108960557.0,1.66,0.08,0.01,0.2
2023-08-25,600176,13.24,13.18,13.29,13.05,83318,115368034.0,1.81,-0.38,-0.05,0.21
2023-08-28,600176,13.55,13.27,13.9,13.2,176849,251231929.0,5.31,0.68,0.09,0.44
2023-08-29,600176,13.27,13.47,13.56,13.2,144513,203461972.0,2.71,1.51,0.2,0.36
2023-08-30,600176,13.48,13.39,13.52,13.32,109662,154710215.0,1.48,-0.59,-0.08,0.27
2023-08-31,600176,13.38,13.28,13.47,13.22,75437,105482413.0,1.87,-0.82,-0.11,0.19
2023-09-01,600176,13.23,13.69,13.76,13.23,186496,266912740.0,3.99,3.09,0.41,0.47
2023-09-04,600176,13.81,13.79,14.01,13.71,185547,269463343.0,2.19,0.73,0.1,0.46
2023-09-05,600176,13.76,13.83,13.84,13.69,94800,137023011.0,1.09,0.29,0.04,0.24
2023-09-06,600176,13.72,13.73,13.79,13.6,75938,109259890.0,1.37,-0.72,-0.1,0.19
2023-09-07,600176,13.69,13.61,13.81,13.59,108677,156139457.0,1.6,-0.87,-0.12,0.27
2023-09-08,600176,13.57,13.51,13.69,13.41,78160,111263305.0,2.06,-0.73,-0.1,0.2
2023-09-11,600176,13.52,13.51,13.67,13.42,152406,216570257.0,1.85,0.0,0.0,0.38
2023-09-12,600176,13.47,13.36,13.55,13.23,161488,226028221.0,2.37,-1.11,-0.15,0.4
2023-09-13,600176,13.29,13.34,13.4,13.21,129472,180983324.0,1.42,-0.15,-0.02,0.32
2023-09-14,600176,13.36,13.33,13.37,13.24,77721,108741500.0,0.97,-0.07,-0.01,0.19
2023-09-15,600176,13.34,13.31,13.46,13.25,117714,164940610.0,1.58,-0.15,-0.02,0.29
2023-09-18,600176,13.26,13.34,13.37,13.18,93029,130181689.0,1.43,0.23,0.03,0.23
2023-09-19,600176,13.34,13.42,13.45,13.28,110903,156079598.0,1.27,0.6,0.08,0.28
2023-09-20,600176,13.4,13.39,13.45,13.27,77083,108357833.0,1.34,-0.22,-0.03,0.19
2023-09-21,600176,13.41,13.13,13.41,13.12,96191,133679507.0,2.17,-1.94,-0.26,0.24
2023-09-22,600176,13.1,13.34,13.36,13.07,105872,147130655.0,2.21,1.6,0.21,0.26
2023-09-25,600176,13.33,13.21,13.4,13.17,106430,148246850.0,1.72,-0.97,-0.13,0.27
2023-09-26,600176,13.21,13.02,13.28,12.97,128528,176817541.0,2.35,-1.44,-0.19,0.32
2023-09-27,600176,12.97,13.07,13.27,12.97,117630,161878720.0,2.3,0.38,0.05,0.29
2023-09-28,600176,13.03,12.82,13.1,12.8,160880,217836512.0,2.3,-1.91,-0.25,0.4
2023-10-09,600176,12.79,12.9,12.95,12.72,104308,141318604.0,1.79,0.62,0.08,0.26
2023-10-10,600176,12.97,12.79,13.0,12.75,97061,131038197.0,1.94,-0.85,-0.11,0.24
2023-10-11,600176,12.85,12.96,12.98,12.82,98293,133670184.0,1.25,1.33,0.17,0.25
2023-10-12,600176,12.98,13.27,13.28,12.97,146589,203356845.0,2.39,2.39,0.31,0.37
2023-10-13,600176,13.26,12.4,13.26,12.31,367279,486979931.0,7.16,-6.56,-0.87,0.92
2023-10-16,600176,12.42,12.36,12.61,12.27,170489,223484532.0,2.74,-0.32,-0.04,0.43
2023-10-17,600176,12.38,12.37,12.42,12.04,117801,152587003.0,3.07,0.08,0.01,0.29
2023-10-18,600176,12.33,12.32,12.35,12.22,75212,97639122.0,1.05,-0.4,-0.05,0.19
2023-10-19,600176,12.23,11.97,12.24,11.92,182029,230804696.0,2.6,-2.84,-0.35,0.45
2023-10-20,600176,11.88,11.88,12.04,11.83,106470,134144591.0,1.75,-0.75,-0.09,0.27
2023-10-23,600176,11.82,11.64,11.89,11.56,101645,125849566.0,2.78,-2.02,-0.24,0.25
2023-10-24,600176,11.47,10.89,11.6,10.82,400564,467628549.0,6.7,-6.44,-0.75,1.0
2023-10-25,600176,10.92,11.03,11.14,10.87,286707,335302597.0,2.48,1.29,0.14,0.72
2023-10-26,600176,10.98,10.95,10.99,10.76,179067,206393180.0,2.09,-0.73,-0.08,0.45
2023-10-27,600176,10.9,10.97,11.11,10.82,297041,347055459.0,2.65,0.18,0.02,0.74
2023-10-30,600176,10.98,10.8,11.1,10.67,350300,402244851.0,3.92,-1.55,-0.17,0.88
2023-10-31,600176,10.77,10.89,10.92,10.72,216764,249076775.0,1.85,0.83,0.09,0.54
2023-11-01,600176,10.91,11.01,11.1,10.84,198038,230948103.0,2.39,1.1,0.12,0.49
2023-11-02,600176,10.94,10.84,11.03,10.83,122227,141547205.0,1.82,-1.54,-0.17,0.31
2023-11-03,600176,10.85,11.05,11.08,10.78,150259,175482069.0,2.77,1.94,0.21,0.38
2023-11-06,600176,11.08,11.25,11.25,11.07,187739,222432606.0,1.63,1.81,0.2,0.47
2023-11-07,600176,11.21,11.09,11.21,11.01,144416,169671879.0,1.78,-1.42,-0.16,0.36
2023-11-08,600176,11.07,10.98,11.14,10.85,182910,213262538.0,2.61,-0.99,-0.11,0.46
2023-11-09,600176,10.94,11.04,11.16,10.92,174179,204685329.0,2.19,0.55,0.06,0.44
2023-11-10,600176,11.02,10.96,11.07,10.91,187665,219138427.0,1.45,-0.72,-0.08,0.47
2023-11-13,600176,11.02,10.88,11.05,10.62,224155,257229941.0,3.92,-0.73,-0.08,0.56
2023-11-14,600176,10.82,10.82,10.91,10.77,174373,200690670.0,1.29,-0.55,-0.06,0.44
2023-11-15,600176,10.89,10.97,11.08,10.87,194518,226858597.0,1.94,1.39,0.15,0.49
2023-11-16,600176,10.96,11.06,11.13,10.86,219007,256451978.0,2.46,0.82,0.09,0.55
2023-11-17,600176,11.02,10.7,11.06,10.67,375801,428904399.0,3.53,-3.25,-0.36,0.94
2023-11-20,600176,10.7,10.8,10.84,10.59,195138,222668968.0,2.34,0.93,0.1,0.49
2023-11-21,600176,10.8,10.82,11.02,10.8,213676,247307455.0,2.04,0.19,0.02,0.53
2023-11-22,600176,10.8,10.63,10.84,10.63,131564,150064537.0,1.94,-1.76,-0.19,0.33
2023-11-23,600176,10.65,10.8,10.82,10.64,127408,145647805.0,1.69,1.6,0.17,0.32
2023-11-24,600176,10.77,10.72,10.86,10.69,104509,119437664.0,1.57,-0.74,-0.08,0.26
2023-11-27,600176,10.67,10.64,10.71,10.55,113219,127866960.0,1.49,-0.75,-0.08,0.28
2023-11-28,600176,10.62,10.66,10.71,10.6,73172,82939345.0,1.03,0.19,0.02,0.18
2023-11-29,600176,10.62,10.5,10.68,10.5,117047,131484597.0,1.69,-1.5,-0.16,0.29
2023-11-30,600176,10.49,10.39,10.5,10.35,153877,170824825.0,1.43,-1.05,-0.11,0.38
2023-12-01,600176,10.39,10.22,10.4,10.13,212788,232071636.0,2.6,-1.64,-0.17,0.53
2023-12-04,600176,10.18,9.97,10.22,9.88,274472,292617437.0,3.33,-2.45,-0.25,0.69
2023-12-05,600176,9.92,9.82,10.02,9.82,181405,192508959.0,2.01,-1.5,-0.15,0.45
2023-12-06,600176,9.81,9.63,9.84,9.62,284238,295326237.0,2.24,-1.93,-0.19,0.71
2023-12-07,600176,9.65,9.46,9.66,9.4,283030,287325617.0,2.7,-1.77,-0.17,0.71
2023-12-08,600176,9.44,9.4,9.55,9.37,226851,229212450.0,1.9,-0.63,-0.06,0.57
2023-12-11,600176,9.32,9.44,9.46,9.02,470347,464979152.0,4.68,0.43,0.04,1.17
2023-12-12,600176,9.42,9.56,9.6,9.39,319414,325423378.0,2.22,1.27,0.12,0.8
2023-12-13,600176,9.57,9.42,9.57,9.38,156537,158685453.0,1.99,-1.46,-0.14,0.39
2023-12-14,600176,9.42,9.39,9.56,9.38,121420,123057790.0,1.91,-0.32,-0.03,0.3
2023-12-15,600176,9.4,9.35,9.52,9.35,130459,131585283.0,1.81,-0.43,-0.04,0.33
2023-12-18,600176,9.29,9.18,9.34,9.14,158756,157342541.0,2.14,-1.82,-0.17,0.4
2023-12-19,600176,9.14,9.06,9.2,8.95,209776,204022283.0,2.72,-1.31,-0.12,0.52
2023-12-20,600176,9.07,8.85,9.13,8.84,194401,186800454.0,3.2,-2.32,-0.21,0.49
2023-12-21,600176,8.84,9.0,9.05,8.79,231998,222671798.0,2.94,1.69,0.15,0.58
2023-12-22,600176,8.97,8.93,9.05,8.78,270855,259915642.0,3.0,-0.78,-0.07,0.68
2023-12-25,600176,8.89,9.02,9.02,8.84,137897,132897036.0,2.02,1.01,0.09,0.34
2023-12-26,600176,9.03,8.87,9.05,8.85,111687,107057214.0,2.22,-1.66,-0.15,0.28
2023-12-27,600176,8.89,8.92,8.96,8.77,153103,146323747.0,2.14,0.56,0.05,0.38
2023-12-28,600176,8.9,9.2,9.25,8.85,288780,283340547.0,4.48,3.14,0.28,0.72
2023-12-29,600176,9.23,9.15,9.26,9.09,248860,244741999.0,1.85,-0.54,-0.05,0.62
2024-01-02,600176,9.17,9.1,9.25,9.1,167624,165215109.0,1.64,-0.55,-0.05,0.42
2024-01-03,600176,9.09,9.07,9.12,9.02,153980,150209715.0,1.1,-0.33,-0.03,0.38
2024-01-04,600176,9.06,8.9,9.06,8.78,226012,215982781.0,3.09,-1.87,-0.17,0.56
2024-01-05,600176,8.89,8.78,9.07,8.76,211830,203395556.0,3.48,-1.35,-0.12,0.53
2024-01-08,600176,8.77,8.62,8.79,8.61,165552,154738117.0,2.05,-1.82,-0.16,0.41
2024-01-09,600176,8.61,8.67,8.71,8.47,181671,168564617.0,2.78,0.58,0.05,0.45
2024-01-10,600176,8.61,8.65,8.77,8.57,138048,129336646.0,2.31,-0.23,-0.02,0.34
2024-01-11,600176,8.64,8.72,8.77,8.52,140301,131037873.0,2.89,0.81,0.07,0.35
2024-01-12,600176,8.71,8.73,8.89,8.67,137510,129997356.0,2.52,0.11,0.01,0.34
2024-01-15,600176,8.72,8.73,8.85,8.61,143173,134978345.0,2.75,0.0,0.0,0.36
2024-01-16,600176,8.72,8.65,8.77,8.55,173824,162129119.0,2.52,-0.92,-0.08,0.43
2024-01-17,600176,8.66,8.28,8.66,8.27,284616,258361194.0,4.51,-4.28,-0.37,0.71
2024-01-18,600176,8.22,8.32,8.38,8.05,304636,270440783.0,3.99,0.48,0.04,0.76
2024-01-19,600176,8.3,8.32,8.48,8.23,242629,219782408.0,3.0,0.0,0.0,0.61
2024-01-22,600176,8.29,8.04,8.38,7.97,289850,257071416.0,4.93,-3.37,-0.28,0.72
2024-01-23,600176,8.04,8.07,8.13,7.91,221823,193146666.0,2.74,0.37,0.03,0.55
2024-01-24,600176,8.12,8.35,8.4,7.97,295154,261804537.0,5.33,3.47,0.28,0.74
2024-01-25,600176,8.33,8.86,8.9,8.3,502697,469580369.0,7.19,6.11,0.51,1.26
2024-01-26,600176,8.82,8.88,9.04,8.73,364552,347756640.0,3.5,0.23,0.02,0.91
2024-01-29,600176,8.77,8.92,9.16,8.77,536285,517418014.0,4.39,0.45,0.04,1.34
2024-01-30,600176,8.83,8.5,8.85,8.49,372046,346965504.0,4.04,-4.71,-0.42,0.93
2024-01-31,600176,8.41,8.5,8.79,8.35,417898,386885163.0,5.18,0.0,0.0,1.04
2024-02-01,600176,8.5,8.6,8.85,8.46,353792,330247555.0,4.59,1.18,0.1,0.88
2024-02-02,600176,8.6,8.35,8.7,8.09,467295,426046795.0,7.09,-2.91,-0.25,1.17
2024-02-05,600176,8.3,8.05,8.3,7.82,415405,364727786.0,5.75,-3.59,-0.3,1.04
2024-02-06,600176,8.05,8.7,8.73,7.96,432507,394896964.0,9.57,8.07,0.65,1.08
2024-02-07,600176,8.73,9.02,9.13,8.66,528622,507882305.0,5.4,3.68,0.32,1.32
2024-02-08,600176,9.07,9.06,9.15,8.83,447995,434413876.0,3.55,0.44,0.04,1.12
2024-02-19,600176,9.15,9.17,9.27,9.01,342239,336217557.0,2.87,1.21,0.11,0.85
2024-02-20,600176,9.13,9.2,9.35,9.01,290067,286618222.0,3.71,0.33,0.03,0.72
2024-02-21,600176,9.14,9.26,9.48,9.06,329763,329489014.0,4.57,0.65,0.06,0.82
2024-02-22,600176,9.22,9.32,9.35,9.19,290606,288838207.0,1.73,0.65,0.06,0.73
2024-02-23,600176,9.32,9.31,9.35,9.15,265043,263684083.0,2.15,-0.11,-0.01,0.66
2024-02-26,600176,9.28,9.22,9.39,9.21,257977,257352487.0,1.93,-0.97,-0.09,0.64
2024-02-27,600176,9.17,9.26,9.26,9.14,215800,213264279.0,1.3,0.43,0.04,0.54
2024-02-28,600176,9.25,9.18,9.54,9.18,407340,410117266.0,3.89,-0.86,-0.08,1.02
2024-02-29,600176,9.14,9.34,9.35,9.07,259410,258058697.0,3.05,1.74,0.16,0.65
2024-03-01,600176,9.32,9.34,9.39,9.24,197986,197899425.0,1.61,0.0,0.0,0.49
2024-03-04,600176,9.33,9.3,9.44,9.27,187359,187642071.0,1.82,-0.43,-0.04,0.47
2024-03-05,600176,9.27,9.22,9.31,9.2,168658,167317494.0,1.18,-0.86,-0.08,0.42
2024-03-06,600176,9.22,9.22,9.31,9.16,132311,131137477.0,1.63,0.0,0.0,0.33
2024-03-07,600176,9.21,9.18,9.3,9.17,178325,176913175.0,1.41,-0.43,-0.04,0.45
2024-03-08,600176,9.17,9.09,9.23,9.07,181393,177923511.0,1.74,-0.98,-0.09,0.45
2024-03-11,600176,9.08,9.19,9.2,9.06,174660,171539587.0,1.54,1.1,0.1,0.44
2024-03-12,600176,9.22,9.64,9.78,9.2,557024,567601802.0,6.31,4.9,0.45,1.39
2024-03-13,600176,9.62,9.44,9.62,9.38,260462,264209104.0,2.49,-2.07,-0.2,0.65
2024-03-14,600176,9.43,9.31,9.48,9.25,215171,215960998.0,2.44,-1.38,-0.13,0.54
2024-03-15,600176,9.42,9.5,9.57,9.3,302671,305921345.0,2.9,2.04,0.19,0.76
2024-03-18,600176,9.48,9.58,9.65,9.45,282731,289209791.0,2.11,0.84,0.08,0.71
2024-03-19,600176,9.53,9.42,9.56,9.4,190665,193400418.0,1.67,-1.67,-0.16,0.48
2024-03-20,600176,9.38,9.34,9.4,9.27,191145,191333219.0,1.38,-0.85,-0.08,0.48
2024-03-21,600176,9.35,9.16,9.37,9.03,356622,351497103.0,3.64,-1.93,-0.18,0.89
2024-03-22,600176,9.12,9.06,9.19,8.96,211140,205160559.0,2.51,-1.09,-0.1,0.53
2024-03-25,600176,9.03,9.69,9.98,9.02,966197,996675018.0,10.6,6.95,0.63,2.41
2024-03-26,600176,9.57,10.15,10.2,9.57,792299,842960782.0,6.5,4.75,0.46,1.98
2024-03-27,600176,10.07,9.82,10.11,9.8,427625,454445886.0,3.05,-3.25,-0.33,1.07
2024-03-28,600176,9.81,9.79,9.91,9.69,423260,443306457.0,2.24,-0.31,-0.03,1.06
2024-03-29,600176,9.73,10.1,10.15,9.65,414947,442332393.0,5.11,3.17,0.31,1.04
2024-04-01,600176,10.1,10.52,10.6,10.0,555022,613026259.0,5.94,4.16,0.42,1.39
2024-04-02,600176,10.51,10.45,10.57,10.32,341369,378473270.0,2.38,-0.67,-0.07,0.85
2024-04-03,600176,10.52,10.49,10.79,10.32,444921,499815245.0,4.5,0.38,0.04,1.11
2024-04-08,600176,10.46,10.08,10.48,10.0,475391,517992338.0,4.58,-3.91,-0.41,1.19
2024-04-09,600176,10.03,10.24,10.29,10.03,294919,320086810.0,2.58,1.59,0.16,0.74
2024-04-10,600176,10.19,10.07,10.2,9.85,290102,310306786.0,3.42,-1.66,-0.17,0.72
2024-04-11,600176,10.02,10.04,10.18,9.92,211836,227806677.0,2.58,-0.3,-0.03,0.53
2024-04-12,600176,9.97,9.81,10.03,9.76,302105,318435258.0,2.69,-2.29,-0.23,0.75
2024-04-15,600176,10.02,10.7,10.86,10.02,1073961,1211409887.0,8.56,9.07,0.89,2.68
2024-04-16,600176,10.49,10.44,10.66,10.28,759415,847006692.0,3.55,-2.43,-0.26,1.9
2024-04-17,600176,10.39,10.68,10.76,10.27,837532,938627946.0,4.69,2.3,0.24,2.09
2024-04-18,600176,10.57,11.16,11.37,10.47,1078233,1261482439.0,8.43,4.49,0.48,2.69
2024-04-19,600176,11.04,11.37,11.76,11.03,847854,1027076750.0,6.54,1.88,0.21,2.12
2024-04-22,600176,11.31,11.87,12.26,11.28,870383,1079889619.0,8.62,4.4,0.5,2.17
2024-04-23,600176,11.72,11.48,11.76,11.13,879344,1058873513.0,5.31,-3.29,-0.39,2.2
2024-04-24,600176,11.31,11.4,11.57,11.03,449579,539340593.0,4.7,-0.7,-0.08,1.12
2024-04-25,600176,11.25,11.3,11.62,11.25,346535,418076798.0,3.25,-0.88,-0.1,0.87
2024-04-26,600176,10.97,11.24,11.31,10.83,680799,798698200.0,4.25,-0.53,-0.06,1.7
2024-04-29,600176,11.17,11.34,11.54,11.02,480101,575323131.0,4.63,0.89,0.1,1.2
2024-04-30,600176,11.24,11.25,11.61,11.1,368172,444602664.0,4.5,-0.79,-0.09,0.92
2024-05-06,600176,11.51,11.79,12.0,11.31,690398,856535539.0,6.13,4.8,0.54,1.72
2024-05-07,600176,11.72,12.15,12.26,11.72,637373,815437982.0,4.58,3.05,0.36,1.59
2024-05-08,600176,12.06,11.83,12.14,11.82,387795,488881606.0,2.63,-2.63,-0.32,0.97
2024-05-09,600176,11.8,11.97,12.05,11.62,446227,560088471.0,3.63,1.18,0.14,1.11
2024-05-10,600176,11.96,12.39,12.44,11.96,479380,620056786.0,4.01,3.51,0.42,1.2
2024-05-13,600176,12.32,12.34,12.36,12.04,290809,374753176.0,2.58,-0.4,-0.05,0.73
2024-05-14,600176,12.32,11.98,12.41,11.97,359790,461564203.0,3.57,-2.92,-0.36,0.9
2024-05-15,600176,11.92,11.82,12.09,11.78,228895,288347722.0,2.59,-1.34,-0.16,0.57
2024-05-16,600176,11.87,12.0,12.2,11.83,279293,355921748.0,3.13,1.52,0.18,0.7
2024-05-17,600176,12.0,11.9,12.04,11.61,375548,467492120.0,3.58,-0.83,-0.1,0.94
2024-05-20,600176,12.02,11.99,12.29,11.92,403615,515666591.0,3.11,0.76,0.09,1.01
2024-05-21,600176,11.92,11.83,11.98,11.68,248705,310152203.0,2.5,-1.33,-0.16,0.62
2024-05-22,600176,11.87,11.94,12.12,11.78,231096,292641225.0,2.87,0.93,0.11,0.58
2024-05-23,600176,11.87,12.03,12.04,11.64,299263,374275671.0,3.35,0.75,0.09,0.75
2024-05-24,600176,11.94,11.8,11.99,11.71,165748,207731418.0,2.33,-1.91,-0.23,0.41
2024-05-27,600176,11.77,11.43,11.79,11.18,563259,680720414.0,5.17,-3.14,-0.37,1.41
2024-05-28,600176,11.48,11.3,11.56,11.27,211699,255953003.0,2.54,-1.14,-0.13,0.53
2024-05-29,600176,11.41,11.45,11.58,11.33,184594,219170368.0,2.21,1.33,0.15,0.46
2024-05-30,600176,11.51,11.29,11.51,11.27,143686,169015711.0,2.1,-1.4,-0.16,0.36
2024-05-31,600176,11.31,11.05,11.4,11.03,283146,327516701.0,3.28,-2.13,-0.24,0.71
2024-06-03,600176,11.19,11.03,11.26,10.92,273655,313671495.0,3.08,-0.18,-0.02,0.68
2024-06-04,600176,11.12,11.15,11.2,10.97,270425,310441600.0,2.09,1.09,0.12,0.68
2024-06-05,600176,11.15,11.16,11.27,11.06,192783,223453113.0,1.88,0.09,0.01,0.48
2024-06-06,600176,11.14,11.16,11.29,11.06,164982,190953700.0,2.06,0.0,0.0,0.41
2024-06-07,600176,11.2,11.21,11.24,10.93,213689,245841256.0,2.78,0.45,0.05,0.53
2024-06-11,600176,10.99,11.1,11.17,10.88,195541,223602635.0,2.59,-0.98,-0.11,0.49
2024-06-12,600176,11.08,11.17,11.22,11.03,133054,153628097.0,1.71,0.63,0.07,0.33
2024-06-13,600176,11.11,10.67,11.15,10.59,428296,479326749.0,5.01,-4.48,-0.5,1.07
2024-06-14,600176,10.58,10.72,10.77,10.56,171814,190892137.0,1.97,0.47,0.05,0.43
2024-06-17,600176,10.64,10.58,10.67,10.39,229642,250948818.0,2.61,-1.31,-0.14,0.57
2024-06-18,600176,10.58,10.68,10.77,10.54,164842,182263351.0,2.17,0.95,0.1,0.41
2024-06-19,600176,10.71,10.57,10.73,10.53,117411,129146356.0,1.87,-1.03,-0.11,0.29
2024-06-20,600176,10.56,10.21,10.56,10.19,288967,309768943.0,3.5,-3.41,-0.36,0.72
2024-06-21,600176,10.22,10.34,10.47,10.2,227446,244277348.0,2.64,1.27,0.13,0.57
2024-06-24,600176,10.36,10.29,10.4,10.09,238145,253767952.0,3.0,-0.48,-0.05,0.59
2024-06-25,600176,10.29,10.5,10.61,10.27,216229,235536893.0,3.3,2.04,0.21,0.54
2024-06-26,600176,10.51,10.78,10.78,10.38,204717,225894428.0,3.81,2.67,0.28,0.51
2024-06-27,600176,10.74,10.72,10.86,10.68,193663,216167717.0,1.67,-0.56,-0.06,0.48
2024-06-28,600176,10.7,10.64,10.88,10.61,214983,239861791.0,2.52,-0.75,-0.08,0.54
2024-07-01,600176,10.57,10.88,10.88,10.54,168313,188226301.0,3.2,2.26,0.24,0.42
2024-07-02,600176,10.85,10.43,10.97,10.36,318167,349957627.0,5.61,-4.14,-0.45,0.79
2024-07-03,600176,10.38,10.32,10.5,10.28,107166,115327612.0,2.11,-1.05,-0.11,0.27
2024-07-04,600176,10.24,10.17,10.39,10.15,99182,105482863.0,2.33,-1.45,-0.15,0.25
2024-07-05,600176,10.15,10.29,10.35,10.15,150138,160513516.0,1.97,1.18,0.12,0.38
2024-07-08,600176,10.35,10.12,10.37,10.07,150231,159407626.0,2.92,-1.65,-0.17,0.38
2024-07-09,600176,9.85,9.68,9.87,9.16,565416,563015013.0,7.02,-4.35,-0.44,1.41
2024-07-10,600176,9.71,9.8,9.92,9.59,251978,256974436.0,3.41,1.24,0.12,0.63
2024-07-11,600176,9.89,10.12,10.21,9.89,205314,215046441.0,3.27,3.27,0.32,0.51
2024-07-12,600176,10.14,10.09,10.27,10.03,131682,138663845.0,2.37,-0.3,-0.03,0.33
2024-07-15,600176,10.04,10.05,10.18,9.99,111148,116529766.0,1.88,-0.4,-0.04,0.28
2024-07-16,600176,9.99,10.01,10.05,9.89,106920,111116151.0,1.59,-0.4,-0.04,0.27
2024-07-17,600176,10.09,10.15,10.21,9.92,151969,159654591.0,2.9,1.4,0.14,0.38
2024-07-18,600176,10.15,10.11,10.21,10.05,134950,141989216.0,1.58,-0.39,-0.04,0.34
2024-07-19,600176,9.98,10.15,10.18,9.94,141010,147797313.0,2.37,0.4,0.04,0.35
2024-07-22,600176,10.16,10.08,10.2,9.97,113975,119409261.0,2.27,-0.69,-0.07,0.28
2024-07-23,600176,10.1,9.78,10.1,9.77,133873,138076769.0,3.27,-2.98,-0.3,0.33
2024-07-24,600176,9.74,9.7,9.86,9.65,101523,103159737.0,2.15,-0.82,-0.08,0.25
2024-07-25,600176,9.67,10.08,10.14,9.6,273887,283790332.0,5.57,3.92,0.38,0.68
2024-07-26,600176,10.12,10.34,10.48,10.06,298305,320698377.0,4.17,2.58,0.26,0.75
2024-07-29,600176,10.42,9.93,10.44,9.92,269820,282531878.0,5.03,-3.97,-0.41,0.67
2024-07-30,600176,9.89,9.89,10.04,9.75,175637,180709271.0,2.92,-0.4,-0.04,0.44
2024-07-31,600176,9.88,10.23,10.29,9.85,235765,249687399.0,4.45,3.44,0.34,0.59
2024-08-01,600176,10.23,10.36,10.45,10.23,200425,215441007.0,2.15,1.27,0.13,0.5
2024-08-02,600176,10.28,10.14,10.5,10.09,181174,193093802.0,3.96,-2.12,-0.22,0.45
2024-08-05,600176,10.09,10.0,10.29,10.0,147889,155519400.0,2.86,-1.38,-0.14,0.37
2024-08-06,600176,10.09,10.01,10.16,9.91,91140,94734749.0,2.5,0.1,0.01,0.23
2024-08-07,600176,9.96,9.98,10.08,9.92,84581,88149167.0,1.6,-0.3,-0.03,0.21
2024-08-08,600176,9.91,9.99,10.07,9.88,87787,91142312.0,1.9,0.1,0.01,0.22
2024-08-09,600176,9.99,9.78,10.18,9.77,140942,145695194.0,4.1,-2.1,-0.21,0.35
2024-08-12,600176,9.78,9.78,9.85,9.69,58168,59214724.0,1.64,0.0,0.0,0.15
2024-08-13,600176,9.74,9.8,9.8,9.58,86629,87539471.0,2.25,0.2,0.02,0.22
2024-08-14,600176,9.78,9.63,9.83,9.59,83735,84332021.0,2.45,-1.73,-0.17,0.21
2024-08-15,600176,9.63,9.82,9.9,9.6,148863,151735352.0,3.12,1.97,0.19,0.37
2024-08-16,600176,9.79,9.65,9.85,9.62,102136,103258912.0,2.34,-1.73,-0.17,0.26
2024-08-19,600176,9.66,9.77,9.88,9.66,114551,116725913.0,2.28,1.24,0.12,0.29
2024-08-20,600176,9.79,9.62,9.79,9.54,131573,132053446.0,2.56,-1.54,-0.15,0.33
2024-08-21,600176,9.6,9.71,9.74,9.55,107827,108930335.0,1.98,0.94,0.09,0.27
2024-08-22,600176,9.69,9.59,9.79,9.58,91848,92493806.0,2.16,-1.24,-0.12,0.23
2024-08-23,600176,9.59,9.89,9.98,9.58,206713,212617211.0,4.17,3.13,0.3,0.52
2024-08-26,600176,9.91,9.55,9.98,9.45,240916,241075562.0,5.36,-3.44,-0.34,0.6
2024-08-27,600176,9.5,9.3,9.51,9.25,142816,139240479.0,2.72,-2.62,-0.25,0.36
2024-08-28,600176,9.33,9.23,9.4,9.19,106021,102611377.0,2.26,-0.75,-0.07,0.26
2024-08-29,600176,9.26,9.28,9.39,9.19,116799,113522747.0,2.17,0.54,0.05,0.29
2024-08-30,600176,9.29,9.6,9.84,9.26,253735,253701091.0,6.25,3.45,0.32,0.63
2024-09-02,600176,9.56,9.3,9.6,9.29,145176,141884815.0,3.23,-3.13,-0.3,0.36
2024-09-03,600176,9.31,9.23,9.34,9.15,121248,117045211.0,2.04,-0.75,-0.07,0.3
2024-09-04,600176,9.17,8.96,9.24,8.94,189912,179586652.0,3.25,-2.93,-0.27,0.47
2024-09-05,600176,8.96,9.02,9.04,8.92,93947,88276509.0,1.34,0.67,0.06,0.23
2024-09-06,600176,9.02,8.78,9.05,8.78,106308,98511830.0,2.99,-2.66,-0.24,0.27
2024-09-09,600176,8.79,8.75,8.82,8.66,118173,107823126.0,1.82,-0.34,-0.03,0.3
2024-09-10,600176,8.73,8.69,8.78,8.55,153249,138628989.0,2.63,-0.69,-0.06,0.38
2024-09-11,600176,8.67,8.69,8.77,8.62,129706,117887935.0,1.73,0.0,0.0,0.32
2024-09-12,600176,8.66,8.75,8.97,8.66,164431,151866023.0,3.57,0.69,0.06,0.41
2024-09-13,600176,8.78,8.45,8.83,8.45,196257,176556103.0,4.34,-3.43,-0.3,0.49
2024-09-18,600176,8.48,8.54,8.59,8.39,134742,119798424.0,2.37,1.07,0.09,0.34
2024-09-19,600176,8.59,8.92,9.19,8.54,357380,332005931.0,7.61,4.45,0.38,0.89
2024-09-20,600176,8.94,8.87,8.94,8.7,181533,167320682.0,2.69,-0.56,-0.05,0.45
2024-09-23,600176,8.87,8.89,9.07,8.85,123080,114784616.0,2.48,0.23,0.02,0.31
2024-09-24,600176,9.02,9.42,9.44,8.92,302783,291405026.0,5.85,5.96,0.53,0.76
2024-09-25,600176,9.47,9.36,9.71,9.28,350619,348355180.0,4.56,-0.64,-0.06,0.88
2024-09-26,600176,9.34,9.92,9.93,9.28,370604,372062517.0,6.94,5.98,0.56,0.93
2024-09-27,600176,10.09,10.38,10.38,10.02,233630,248250715.0,3.63,4.64,0.46,0.58
2024-09-30,600176,10.91,11.35,11.45,10.62,854589,981341061.0,8.0,9.34,0.97,2.13
2024-10-08,600176,12.53,11.54,12.53,10.94,1155737,1401698716.0,14.01,1.67,0.19,2.89
2024-10-09,600176,11.29,10.51,11.29,10.4,711503,793526764.0,7.71,-8.93,-1.03,1.78
2024-10-10,600176,10.54,10.76,11.19,10.49,491284,551561667.0,6.66,2.38,0.25,1.23
2024-10-11,600176,10.73,10.45,10.93,10.39,365827,403324419.0,5.02,-2.88,-0.31,0.91
2024-10-14,600176,10.54,10.39,10.68,10.29,470144,508992506.0,3.73,-0.57,-0.06,1.17
2024-10-15,600176,10.4,10.06,10.45,10.05,435936,463137449.0,3.85,-3.18,-0.33,1.09
2024-10-16,600176,9.94,9.97,10.14,9.89,337909,352114189.0,2.49,-0.89,-0.09,0.84
2024-10-17,600176,10.07,9.77,10.12,9.76,270121,278355587.0,3.61,-2.01,-0.2,0.67
2024-10-18,600176,9.75,9.92,10.09,9.59,464619,475863146.0,5.12,1.54,0.15,1.16
2024-10-21,600176,9.97,10.03,10.28,9.86,548187,575396620.0,4.23,1.11,0.11,1.37
2024-10-22,600176,10.04,10.17,10.19,9.94,320070,335654518.0,2.49,1.4,0.14,0.8
2024-10-23,600176,10.17,10.36,10.5,10.17,424693,457061090.0,3.24,1.87,0.19,1.06
2024-10-24,600176,10.24,10.2,10.33,10.07,281318,297432357.0,2.51,-1.54,-0.16,0.7
2024-10-25,600176,10.38,10.8,10.96,10.35,710807,792772267.0,5.98,5.88,0.6,1.78
2024-10-28,600176,10.94,11.15,11.21,10.77,563261,646600620.0,4.07,3.24,0.35,1.41
2024-10-29,600176,11.18,10.74,11.25,10.7,531699,601847777.0,4.93,-3.68,-0.41,1.33
2024-10-30,600176,10.73,10.95,11.03,10.71,331699,375030576.0,2.98,1.96,0.21,0.83
2024-10-31,600176,10.94,10.89,11.01,10.74,266885,301646969.0,2.47,-0.55,-0.06,0.67
2024-11-01,600176,10.85,10.95,11.08,10.75,328883,373271944.0,3.03,0.55,0.06,0.82
2024-11-04,600176,11.01,10.98,11.02,10.83,258941,293523271.0,1.74,0.27,0.03,0.65
2024-11-05,600176,10.96,11.0,11.08,10.9,625779,712580804.0,1.64,0.18,0.02,1.56
2024-11-06,600176,11.0,11.06,11.15,10.84,499923,571828576.0,2.82,0.55,0.06,1.25
2024-11-07,600176,10.99,11.42,11.46,10.9,479506,560492527.0,5.06,3.25,0.36,1.2
2024-11-08,600176,11.44,11.23,11.49,11.13,448555,524225429.0,3.15,-1.66,-0.19,1.12
2024-11-11,600176,11.18,11.04,11.19,10.81,458902,523503554.0,3.38,-1.69,-0.19,1.15
2024-11-12,600176,11.07,10.99,11.41,10.92,441322,511316052.0,4.44,-0.45,-0.05,1.1
2024-11-13,600176,10.96,11.09,11.21,10.94,290265,333906954.0,2.46,0.91,0.1,0.73
2024-11-14,600176,11.07,10.88,11.23,10.85,263417,301452481.0,3.43,-1.89,-0.21,0.66
2024-11-15,600176,10.81,10.64,10.98,10.61,247686,277996944.0,3.4,-2.21,-0.24,0.62
2024-11-18,600176,10.67,10.48,10.85,10.41,371857,411261165.0,4.14,-1.5,-0.16,0.93
2024-11-19,600176,10.52,10.56,10.59,10.32,214266,233457790.0,2.58,0.76,0.08,0.54
2024-11-20,600176,10.56,10.49,10.58,10.4,235276,256341865.0,1.7,-0.66,-0.07,0.59
2024-11-21,600176,10.49,10.4,10.53,10.31,213015,229932554.0,2.1,-0.86,-0.09,0.53
2024-11-22,600176,10.38,10.06,10.45,10.05,241374,256793497.0,3.85,-3.27,-0.34,0.6
2024-11-25,600176,10.37,10.45,10.56,10.25,565301,612723780.0,3.08,3.88,0.39,1.41
2024-11-26,600176,10.44,10.26,10.44,10.17,279330,297442510.0,2.58,-1.82,-0.19,0.7
2024-11-27,600176,10.3,10.66,10.68,10.27,391789,427512575.0,4.0,3.9,0.4,0.98
2024-11-28,600176,10.97,10.92,11.44,10.89,642777,740273594.0,5.16,2.44,0.26,1.61
2024-11-29,600176,10.89,10.94,11.07,10.74,349273,395311575.0,3.02,0.18,0.02,0.87
2024-12-02,600176,11.08,11.2,11.22,10.97,434651,501340607.0,2.29,2.38,0.26,1.09
2024-12-03,600176,11.19,11.23,11.32,10.97,360448,417920035.0,3.13,0.27,0.03,0.9
2024-12-04,600176,11.14,11.08,11.19,10.91,339725,389009673.0,2.49,-1.34,-0.15,0.85
2024-12-05,600176,10.98,11.12,11.18,10.88,271123,310743117.0,2.71,0.36,0.04,0.68
2024-12-06,600176,11.09,11.42,11.48,11.07,478493,561567429.0,3.69,2.7,0.3,1.2
2024-12-09,600176,11.64,11.74,11.92,11.52,584375,709050334.0,3.5,2.8,0.32,1.46
2024-12-10,600176,11.99,11.64,12.09,11.57,518529,633547968.0,4.43,-0.85,-0.1,1.3
2024-12-11,600176,11.59,11.52,11.72,11.44,319571,382149995.0,2.41,-1.03,-0.12,0.8
2024-12-12,600176,11.52,11.52,11.59,11.46,241829,288586122.0,1.13,0.0,0.0,0.6
2024-12-13,600176,11.51,11.29,11.54,11.25,279731,328675311.0,2.52,-2.0,-0.23,0.7
2024-12-16,600176,11.29,11.27,11.35,11.14,259712,302846150.0,1.86,-0.18,-0.02,0.65
2024-12-17,600176,11.26,11.2,11.39,11.15,171100,199415568.0,2.13,-0.62,-0.07,0.43
2024-12-18,600176,11.24,11.23,11.39,11.19,158686,185352353.0,1.79,0.27,0.03,0.4
2024-12-19,600176,11.14,11.17,11.28,11.05,161236,186994861.0,2.05,-0.53,-0.06,0.4
2024-12-20,600176,11.16,11.09,11.25,11.03,189612,218474222.0,1.97,-0.72,-0.08,0.47
2024-12-23,600176,11.05,11.16,11.3,11.04,217774,252416223.0,2.34,0.63,0.07,0.54
2024-12-24,600176,11.15,11.24,11.34,11.09,204803,238269357.0,2.24,0.72,0.08,0.51
2024-12-25,600176,11.24,11.19,11.34,11.13,157653,183056008.0,1.87,-0.44,-0.05,0.39
2024-12-26,600176,11.13,11.1,11.19,11.02,171229,197104121.0,1.52,-0.8,-0.09,0.43
2024-12-27,600176,11.15,11.08,11.16,10.91,161300,185025194.0,2.25,-0.18,-0.02,0.4
2024-12-30,600176,11.08,10.97,11.18,10.86,184143,209976869.0,2.89,-0.99,-0.11,0.46
2024-12-31,600176,10.99,10.98,11.12,10.92,250244,286852184.0,1.82,0.09,0.01,0.63
2025-01-02,600176,10.96,10.55,11.09,10.47,329302,365618909.0,5.65,-3.92,-0.43,0.82
2025-01-03,600176,10.58,10.43,10.74,10.39,228233,250820487.0,3.32,-1.14,-0.12,0.57
2025-01-06,600176,10.43,10.62,10.68,10.38,217184,238214044.0,2.88,1.82,0.19,0.54
2025-01-07,600176,10.62,10.65,10.66,10.52,140273,154434761.0,1.32,0.28,0.03,0.35
2025-01-08,600176,10.67,10.67,10.72,10.42,180712,198547711.0,2.82,0.19,0.02,0.45
2025-01-09,600176,10.6,10.57,10.73,10.47,155308,171530076.0,2.44,-0.94,-0.1,0.39
2025-01-10,600176,10.72,10.71,10.82,10.58,193965,216028925.0,2.27,1.32,0.14,0.48
2025-01-13,600176,10.6,10.59,10.82,10.45,211536,233468136.0,3.45,-1.12,-0.12,0.53
2025-01-14,600176,10.58,11.17,11.17,10.4,374555,421167268.0,7.27,5.48,0.58,0.94
2025-01-15,600176,11.07,11.16,11.26,11.0,229480,265198165.0,2.33,-0.09,-0.01,0.57
2025-01-16,600176,11.16,10.94,11.24,10.84,217030,247975129.0,3.58,-1.97,-0.22,0.54
2025-01-17,600176,10.86,10.85,10.97,10.79,187488,211129551.0,1.65,-0.82,-0.09,0.47
2025-01-20,600176,10.89,10.5,11.03,10.5,435799,483322036.0,4.88,-3.23,-0.35,1.09
2025-01-21,600176,10.59,10.65,10.71,10.51,252872,279465396.0,1.9,1.43,0.15,0.63
2025-01-22,600176,10.63,10.46,10.7,10.29,310129,336034848.0,3.85,-1.78,-0.19,0.77
2025-01-23,600176,10.54,10.39,10.64,10.38,206055,224841266.0,2.49,-0.67,-0.07,0.51
2025-01-24,600176,10.4,10.48,10.57,10.36,212651,231408850.0,2.02,0.87,0.09,0.53
2025-01-27,600176,10.69,10.89,10.95,10.67,368922,414372773.0,2.67,3.91,0.41,0.92
2025-02-05,600176,10.79,10.45,10.88,10.44,413695,453805674.0,4.04,-4.04,-0.44,1.03
2025-02-06,600176,10.45,10.64,10.67,10.4,210870,231591774.0,2.58,1.82,0.19,0.53
2025-02-07,600176,10.6,10.77,10.79,10.58,223336,248645422.0,1.97,1.22,0.13,0.56
2025-02-10,600176,10.76,10.92,10.94,10.54,317621,355297504.0,3.71,1.39,0.15,0.79
2025-02-11,600176,10.9,11.09,11.13,10.76,291732,332674920.0,3.39,1.56,0.17,0.73
2025-02-12,600176,11.07,11.14,11.26,11.02,228815,264183565.0,2.16,0.45,0.05,0.57
2025-02-13,600176,11.18,11.01,11.23,10.97,286796,329800209.0,2.33,-1.17,-0.13,0.72
2025-02-14,600176,11.03,11.05,11.09,10.92,242159,276513759.0,1.54,0.36,0.04,0.6
2025-02-17,600176,11.05,10.64,11.08,10.6,489813,543547078.0,4.34,-3.71,-0.41,1.22
2025-02-18,600176,10.63,10.56,10.74,10.52,226733,250550711.0,2.07,-0.75,-0.08,0.57
2025-02-19,600176,10.56,10.57,10.62,10.48,275587,301870499.0,1.33,0.09,0.01,0.69
2025-02-20,600176,10.59,10.53,10.63,10.48,165479,180826463.0,1.42,-0.38,-0.04,0.41
2025-02-21,600176,10.53,10.51,10.57,10.39,358250,389456339.0,1.71,-0.19,-0.02,0.89
2025-02-24,600176,10.62,11.18,11.22,10.57,788086,896729409.0,6.18,6.37,0.67,1.97
2025-02-25,600176,11.07,11.04,11.24,10.98,395840,456489652.0,2.33,-1.25,-0.14,0.99
2025-02-26,600176,11.04,11.26,11.32,11.03,356077,414287201.0,2.63,1.99,0.22,0.89
2025-02-27,600176,11.26,11.16,11.4,11.09,277198,321506844.0,2.75,-0.89,-0.1,0.69
2025-02-28,600176,11.16,10.97,11.23,10.93,216115,247069903.0,2.69,-1.7,-0.19,0.54
2025-03-03,600176,11.04,11.01,11.13,10.96,187157,213968045.0,1.55,0.36,0.04,0.47
2025-03-04,600176,10.98,10.96,11.04,10.87,171356,194791860.0,1.54,-0.45,-0.05,0.43
2025-03-05,600176,10.97,11.16,11.2,10.94,237593,273204814.0,2.37,1.82,0.2,0.59
2025-03-06,600176,11.17,11.13,11.21,11.0,345175,396570734.0,1.88,-0.27,-0.03,0.86
2025-03-07,600176,11.09,11.55,11.56,11.07,561353,663258982.0,4.4,3.77,0.42,1.4
2025-03-10,600176,11.53,11.49,11.58,11.33,274367,324729516.0,2.16,-0.52,-0.06,0.69
2025-03-11,600176,11.36,11.55,11.57,11.35,247660,294464781.0,1.91,0.52,0.06,0.62
2025-03-12,600176,11.53,11.51,11.59,11.29,292661,347311565.0,2.6,-0.35,-0.04,0.73
2025-03-13,600176,11.46,11.4,11.6,11.32,184065,217707023.0,2.43,-0.96,-0.11,0.46
2025-03-14,600176,11.44,11.47,11.52,11.3,250578,296857724.0,1.93,0.61,0.07,0.63
2025-03-17,600176,11.54,11.81,11.91,11.52,409200,497751344.0,3.4,2.96,0.34,1.02
2025-03-18,600176,11.82,11.94,11.98,11.68,307190,377331927.0,2.54,1.1,0.13,0.77
2025-03-19,600176,11.99,11.97,12.42,11.9,466743,583798418.0,4.36,0.25,0.03,1.17
2025-03-20,600176,12.38,12.42,12.69,12.19,845645,1087079988.0,4.18,3.76,0.45,2.11
2025-03-21,600176,12.42,12.3,12.61,12.2,475618,608471654.0,3.3,-0.97,-0.12,1.19
2025-03-24,600176,12.33,12.48,12.49,12.23,393619,503535776.0,2.11,1.46,0.18,0.98
2025-03-25,600176,12.47,12.55,12.84,12.42,497476,650178430.0,3.37,0.56,0.07,1.24
2025-03-26,600176,12.57,12.42,12.64,12.37,246142,316804998.0,2.15,-1.04,-0.13,0.61
2025-03-27,600176,12.37,12.24,12.37,12.15,318655,403207657.0,1.77,-1.45,-0.18,0.8
2025-03-28,600176,12.32,12.29,12.36,12.21,187206,237698911.0,1.23,0.41,0.05,0.47
2025-03-31,600176,12.2,12.49,12.51,12.19,328784,419939214.0,2.6,1.63,0.2,0.82
2025-04-01,600176,12.38,12.54,12.58,12.37,263093,339738405.0,1.68,0.4,0.05,0.66
2025-04-02,600176,12.52,12.44,12.62,12.34,193627,249380222.0,2.23,-0.8,-0.1,0.48
2025-04-03,600176,12.34,12.37,12.46,12.25,148910,190059391.0,1.69,-0.56,-0.07,0.37
2025-04-07,600176,11.74,11.56,11.99,11.11,576324,689218766.0,7.11,-6.55,-0.81,1.44
2025-04-08,600176,11.54,11.75,11.79,11.26,514105,615610463.0,4.58,1.64,0.19,1.28
2025-04-09,600176,11.54,11.7,11.7,11.32,479273,569304796.0,3.23,-0.43,-0.05,1.2
2025-04-10,600176,11.89,11.69,11.93,11.6,444479,539004360.0,2.82,-0.09,-0.01,1.11
2025-04-11,600176,11.63,11.49,11.68,11.38,308635,367409248.0,2.57,-1.71,-0.2,0.77
2025-04-14,600176,11.57,11.61,11.77,11.55,274735,331158853.0,1.91,1.04,0.12,0.69
2025-04-15,600176,11.59,11.3,11.59,11.21,386606,453895416.0,3.27,-2.67,-0.31,0.97
2025-04-16,600176,11.31,11.27,11.36,11.09,275965,320591966.0,2.39,-0.27,-0.03,0.69
2025-04-17,600176,11.16,11.36,11.36,11.12,239701,279818584.0,2.13,0.8,0.09,0.6
2025-04-18,600176,11.32,11.41,11.44,11.2,177813,209323225.0,2.11,0.44,0.05,0.44
2025-04-21,600176,11.41,11.57,11.58,11.34,196066,232745071.0,2.1,1.4,0.16,0.49
2025-04-22,600176,11.5,11.52,11.77,11.43,240013,289424895.0,2.94,-0.43,-0.05,0.6
2025-04-23,600176,11.54,11.59,11.76,11.53,254183,306286499.0,2.0,0.61,0.07,0.63
2025-04-24,600176,11.75,11.4,11.81,11.27,324612,385766749.0,4.66,-1.64,-0.19,0.81
2025-04-25,600176,11.4,11.36,11.49,11.27,225986,265246793.0,1.93,-0.35,-0.04,0.56
2025-04-28,600176,11.3,11.35,11.45,11.26,209048,246226918.0,1.67,-0.09,-0.01,0.52
2025-04-29,600176,11.31,11.38,11.45,11.27,147720,174063149.0,1.59,0.26,0.03,0.37
2025-04-30,600176,11.41,11.32,11.47,11.3,164230,193389017.0,1.49,-0.53,-0.06,0.41
2025-05-06,600176,11.47,11.62,11.62,11.39,335929,401613114.0,2.03,2.65,0.3,0.84
2025-05-07,600176,11.87,11.62,11.92,11.56,247085,298818259.0,3.1,0.0,0.0,0.62
2025-05-08,600176,11.58,11.59,11.7,11.54,192176,230985535.0,1.38,-0.26,-0.03,0.48
2025-05-09,600176,11.6,11.5,11.71,11.49,213970,256763466.0,1.9,-0.78,-0.09,0.53
2025-05-12,600176,11.56,11.68,11.75,11.52,216933,261986720.0,2.0,1.57,0.18,0.54
2025-05-13,600176,11.78,11.8,11.9,11.68,214696,262233176.0,1.88,1.03,0.12,0.54
2025-05-14,600176,11.81,11.82,11.82,11.6,205808,249984452.0,1.86,0.17,0.02,0.51
2025-05-15,600176,11.81,11.79,11.87,11.7,156524,190514044.0,1.44,-0.25,-0.03,0.39
2025-05-16,600176,11.74,11.77,11.79,11.69,146747,178331634.0,0.85,-0.17,-0.02,0.37
2025-05-19,600176,11.71,11.75,11.81,11.7,139698,169762849.0,0.93,-0.17,-0.02,0.35
2025-05-20,600176,11.74,11.69,11.78,11.64,141023,170817436.0,1.19,-0.51,-0.06,0.35
2025-05-21,600176,11.7,11.73,11.76,11.66,127354,151269537.0,0.86,0.34,0.04,0.32
2025-05-22,600176,11.7,11.66,11.75,11.58,147524,174500016.0,1.45,-0.6,-0.07,0.37
2025-05-23,600176,11.63,11.49,11.72,11.48,139243,164082497.0,2.06,-1.46,-0.17,0.35
2025-05-26,600176,11.47,11.41,11.56,11.37,202106,235071204.0,1.65,-0.7,-0.08,0.5
2025-05-27,600176,11.38,11.16,11.43,11.15,178013,203276881.0,2.45,-2.19,-0.25,0.44
2025-05-28,600176,11.17,11.19,11.23,11.13,111072,126094236.0,0.9,0.27,0.03,0.28
2025-05-29,600176,11.2,11.26,11.3,11.19,113697,129914286.0,0.98,0.63,0.07,0.28
2025-05-30,600176,11.25,11.14,11.29,11.12,147457,167735342.0,1.51,-1.07,-0.12,0.37
2025-06-03,600176,11.1,11.15,11.31,11.03,296218,334950323.0,2.51,0.09,0.01,0.74
2025-06-04,600176,11.14,11.28,11.3,11.11,141138,161104732.0,1.7,1.17,0.13,0.35
2025-06-05,600176,11.26,11.19,11.3,11.16,146914,166812334.0,1.24,-0.8,-0.09,0.37
2025-06-06,600176,11.23,11.19,11.26,11.17,120014,136494607.0,0.8,0.0,0.0,0.3
2025-06-09,600176,11.2,11.07,11.22,11.04,306926,346069035.0,1.61,-1.07,-0.12,0.77
2025-06-10,600176,11.12,10.87,11.12,10.84,352856,391853386.0,2.53,-1.81,-0.2,0.88
2025-06-11,600176,10.87,11.05,11.11,10.87,348088,390170375.0,2.21,1.66,0.18,0.87
2025-06-12,600176,11.09,11.03,11.09,10.96,163532,182868637.0,1.18,-0.18,-0.02,0.41
2025-06-13,600176,11.02,11.02,11.05,10.93,218799,244187455.0,1.09,-0.09,-0.01,0.55
2025-06-16,600176,11.01,10.96,11.03,10.91,132214,147038862.0,1.09,-0.54,-0.06,0.33
2025-06-17,600176,10.96,10.92,11.02,10.89,141902,157700816.0,1.19,-0.36,-0.04,0.35
2025-06-18,600176,10.92,10.88,10.94,10.86,106116,117303503.0,0.73,-0.37,-0.04,0.27
2025-06-19,600176,10.88,10.84,11.04,10.78,239705,265343109.0,2.39,-0.37,-0.04,0.6
2025-06-20,600176,10.81,10.96,11.02,10.8,197710,219749896.0,2.03,1.11,0.12,0.49
2025-06-23,600176,10.91,11.01,11.04,10.85,178608,198473433.0,1.73,0.46,0.05,0.45
2025-06-24,600176,11.01,11.0,11.09,10.97,276485,309508158.0,1.09,-0.09,-0.01,0.69
2025-06-25,600176,11.01,11.13,11.19,10.97,262069,295182509.0,2.0,1.18,0.13,0.65
2025-06-26,600176,11.14,11.05,11.18,11.05,147480,166132421.0,1.17,-0.72,-0.08,0.37
2025-06-27,600176,11.09,11.05,11.12,11.04,119840,134648196.0,0.72,0.0,0.0,0.3
2025-06-30,600176,11.05,11.23,11.25,11.04,255088,289327892.0,1.9,1.63,0.18,0.64
2025-07-01,600176,11.18,11.71,11.78,11.16,647402,759915152.0,5.52,4.27,0.48,1.62
2025-07-02,600176,11.78,11.76,11.91,11.68,469753,560190208.0,1.96,0.43,0.05,1.17
2025-07-03,600176,11.73,11.75,11.84,11.66,307114,365844167.0,1.53,-0.09,-0.01,0.77
2025-07-04,600176,11.8,11.92,12.08,11.76,416315,502628813.0,2.72,1.45,0.17,1.04
2025-07-07,600176,11.88,11.87,12.11,11.85,312816,379576294.0,2.18,-0.42,-0.05,0.78
2025-07-08,600176,11.81,12.37,12.48,11.79,682199,848314728.0,5.81,4.21,0.5,1.7
2025-07-09,600176,12.33,12.1,12.37,12.05,487848,602989987.0,2.59,-2.18,-0.27,1.22
2025-07-10,600176,12.14,12.14,12.38,11.99,449278,553750918.0,3.22,0.33,0.04,1.12
2025-07-11,600176,12.13,12.0,12.16,11.99,422868,516784581.0,1.4,-1.15,-0.14,1.06
2025-07-14,600176,12.23,12.06,12.31,12.03,478969,589292858.0,2.33,0.5,0.06,1.2
2025-07-15,600176,12.06,12.09,12.27,12.04,350651,431367212.0,1.91,0.25,0.03,0.88
2025-07-16,600176,12.29,12.23,12.35,12.15,386092,479167229.0,1.65,1.16,0.14,0.96
2025-07-17,600176,12.23,12.59,12.63,12.15,503866,635343836.0,3.92,2.94,0.36,1.26
2025-07-18,600176,12.59,12.4,12.61,12.37,338130,427252174.0,1.91,-1.51,-0.19,0.84
2025-07-21,600176,12.41,12.64,12.72,12.25,499740,635094278.0,3.79,1.94,0.24,1.25
2025-07-22,600176,12.57,12.7,12.77,12.45,506488,647247923.0,2.53,0.47,0.06,1.27
2025-07-23,600176,12.68,12.56,12.71,12.49,396579,506874337.0,1.73,-1.1,-0.14,0.99
2025-07-24,600176,12.54,12.88,13.01,12.51,569680,742843229.0,3.98,2.55,0.32,1.42
2025-07-25,600176,12.86,12.66,12.89,12.63,343481,442379758.0,2.02,-1.71,-0.22,0.86
2025-07-28,600176,12.63,12.7,12.76,12.48,307258,393894620.0,2.21,0.32,0.04,0.77
2025-07-29,600176,12.7,12.51,12.75,12.36,397108,502644731.0,3.07,-1.5,-0.19,0.99
2025-07-30,600176,12.46,12.52,12.66,12.44,242571,308492804.0,1.76,0.08,0.01,0.61
2025-07-31,600176,12.46,12.22,12.53,12.14,357150,445215520.0,3.12,-2.4,-0.3,0.89
2025-08-01,600176,12.14,12.18,12.36,12.14,251555,312489640.0,1.8,-0.33,-0.04,0.63
2025-08-04,600176,12.12,12.13,12.29,12.08,347163,427637271.0,1.72,-0.41,-0.05,0.87
2025-08-05,600176,12.2,12.22,12.25,12.08,427959,528080302.0,1.4,0.74,0.09,1.07
2025-08-06,600176,12.16,12.21,12.28,12.14,273475,338591217.0,1.15,-0.08,-0.01,0.68
2025-08-07,600176,12.22,12.17,12.33,12.08,244502,302064008.0,2.05,-0.33,-0.04,0.61
2025-08-08,600176,12.11,12.13,12.21,12.09,250456,308637439.0,0.99,-0.33,-0.04,0.63
2025-08-11,600176,12.13,12.16,12.2,12.1,269947,332925881.0,0.82,0.25,0.03,0.67
2025-08-12,600176,12.18,12.12,12.18,12.02,323057,396446166.0,1.32,-0.33,-0.04,0.81
2025-08-13,600176,12.14,12.29,12.37,12.13,387024,480868802.0,1.98,1.4,0.17,0.97
2025-08-14,600176,12.32,12.25,12.6,12.22,471246,593041442.0,3.09,-0.33,-0.04,1.18
2025-08-15,600176,12.29,13.06,13.48,12.29,1137737,1503737013.0,9.71,6.61,0.81,2.84
2025-08-18,600176,13.31,13.2,13.43,12.99,1077419,1446818101.0,3.37,1.07,0.14,2.69
2025-08-19,600176,13.18,12.82,13.33,12.78,886510,1165000272.0,4.17,-2.88,-0.38,2.21
2025-08-20,600176,12.76,12.93,13.08,12.62,627430,816721744.0,3.59,0.86,0.11,1.57
2025-08-21,600176,12.93,12.83,13.02,12.79,475126,620881337.0,1.78,-0.77,-0.1,1.19
2025-08-22,600176,12.8,13.37,13.61,12.8,983723,1320276397.0,6.31,4.21,0.54,2.46
2025-08-25,600176,13.37,13.41,13.49,13.23,899059,1214579721.0,1.94,0.3,0.04,2.25
2025-08-26,600176,13.35,13.6,13.82,13.25,815119,1122141161.0,4.25,1.42,0.19,2.04
2025-08-27,600176,13.54,13.29,13.7,13.28,753522,1030626624.0,3.09,-2.28,-0.31,1.88
2025-08-28,600176,13.51,14.02,14.07,13.41,1291611,1795788223.0,4.97,5.49,0.73,3.23
2025-08-29,600176,15.44,15.44,15.44,15.44,318267,496815115.0,0.0,10.13,1.42,0.8
2025-09-01,600176,16.13,16.13,16.55,15.43,2890959,4649485182.0,7.25,4.47,0.69,7.22
2025-09-02,600176,15.87,14.91,15.97,14.79,1961207,3019717023.0,7.32,-7.56,-1.22,4.9
2025-09-03,600176,14.84,14.67,14.91,14.5,1022233,1516681557.0,2.75,-1.61,-0.24,2.55
2025-09-04,600176,14.6,14.28,14.96,14.04,1016265,1487461837.0,6.27,-2.66,-0.39,2.54
2025-09-05,600176,14.31,14.6,14.68,14.28,946309,1387747995.0,2.8,2.24,0.32,2.36
2025-09-08,600176,14.89,15.39,15.68,14.82,1491961,2320561341.0,5.89,5.41,0.79,3.73
2025-09-09,600176,15.14,15.2,15.57,15.04,744521,1148780537.0,3.44,-1.23,-0.19,1.86
2025-09-10,600176,15.09,15.12,15.4,14.81,696166,1061729204.0,3.88,-0.53,-0.08,1.74
2025-09-11,600176,15.25,15.91,16.06,15.24,1263391,2010918256.0,5.42,5.22,0.79,3.16
2025-09-12,600176,15.83,15.4,15.83,15.33,934770,1462429463.0,3.14,-3.21,-0.51,2.34
2025-09-15,600176,15.28,15.19,15.42,15.03,618373,949697723.0,2.53,-1.36,-0.21,1.54
2025-09-16,600176,15.23,15.02,15.23,14.76,567329,858160178.0,3.09,-1.12,-0.17,1.42
2025-09-17,600176,15.04,15.03,15.25,14.89,493573,751470508.0,2.4,0.07,0.01,1.23
2025-09-18,600176,14.98,15.11,15.58,14.84,890059,1366592901.0,4.92,0.53,0.08,2.22
2025-09-19,600176,15.16,15.46,15.53,15.08,888937,1382319592.0,2.98,2.32,0.35,2.22
2025-09-22,600176,15.31,15.98,15.99,15.15,963786,1519614189.0,5.43,3.36,0.52,2.41
2025-09-23,600176,15.99,15.89,16.31,15.61,927578,1484429985.0,4.38,-0.56,-0.09,2.32
2025-09-24,600176,15.74,16.01,16.07,15.57,622363,998399972.0,3.15,0.76,0.12,1.55
2025-09-25,600176,16.68,16.91,17.41,16.07,1541472,2582221253.0,8.37,5.62,0.9,3.85
2025-09-26,600176,16.73,16.63,16.97,16.58,739487,1250257228.0,2.31,-1.66,-0.28,1.85
2025-09-29,600176,16.55,16.87,16.92,16.43,725831,1223732163.0,2.95,1.44,0.24,1.81
2025-09-30,600176,16.9,17.17,17.27,16.83,637392,1097123605.0,2.61,1.78,0.3,1.59
2025-10-09,600176,17.12,16.84,17.13,16.5,771034,1300988738.0,3.67,-1.92,-0.33,1.93
2025-10-10,600176,16.72,17.07,17.31,16.64,751848,1296943948.0,3.98,1.37,0.23,1.88
2025-10-13,600176,16.29,16.52,16.63,16.14,637658,1055270585.0,2.87,-3.22,-0.55,1.59
2025-10-14,600176,16.63,15.84,16.85,15.71,702407,1147553663.0,6.9,-4.12,-0.68,1.75
2025-10-15,600176,15.8,15.93,16.09,15.74,372288,592385388.0,2.21,0.57,0.09,0.93
2025-10-16,600176,15.95,15.83,16.11,15.78,317110,504220660.0,2.07,-0.63,-0.1,0.79
2025-10-17,600176,15.84,15.27,15.86,15.2,518628,802187192.0,4.17,-3.54,-0.56,1.3
2025-10-20,600176,15.44,15.37,15.6,15.26,320220,493722249.0,2.23,0.65,0.1,0.8
2025-10-21,600176,15.39,15.85,15.94,15.38,500601,790349988.0,3.64,3.12,0.48,1.25
2025-10-22,600176,15.4,15.5,15.82,15.21,404209,627088800.0,3.85,-2.21,-0.35,1.01
2025-10-23,600176,15.55,15.33,15.55,14.98,346101,526074026.0,3.68,-1.1,-0.17,0.86
2025-10-24,600176,15.49,15.77,15.85,15.43,418180,657226912.0,2.74,2.87,0.44,1.04
2025-10-27,600176,16.0,16.05,16.49,15.99,537900,871739895.0,3.17,1.78,0.28,1.34
2025-10-28,600176,16.02,16.08,16.37,15.86,450387,725457942.0,3.18,0.19,0.03,1.13
2025-10-29,600176,16.2,16.56,16.58,16.2,571565,940814252.0,2.36,2.99,0.48,1.43
2025-10-30,600176,16.54,16.11,16.54,16.01,449429,728712986.0,3.2,-2.72,-0.45,1.12
2025-10-31,600176,16.4,16.4,17.05,16.4,710276,1187732988.0,4.03,1.8,0.29,1.77
2025-11-03,600176,16.29,15.88,16.3,15.61,540067,855313353.0,4.21,-3.17,-0.52,1.35
2025-11-04,600176,15.8,15.71,15.92,15.62,273054,430454846.0,1.89,-1.07,-0.17,0.68
2025-11-05,600176,15.48,15.75,15.87,15.44,248121,389357097.0,2.74,0.25,0.04,0.62
2025-11-06,600176,15.75,15.9,16.0,15.71,249801,396957069.0,1.84,0.95,0.15,0.62
2025-11-07,600176,15.8,16.2,16.47,15.65,381673,616413251.0,5.16,1.89,0.3,0.95
2025-11-10,600176,16.21,16.07,16.4,15.96,337728,545367088.0,2.72,-0.8,-0.13,0.84
2025-11-11,600176,16.1,15.86,16.14,15.76,240903,382897791.0,2.36,-1.31,-0.21,0.6
2025-11-12,600176,15.78,15.67,15.84,15.57,222281,348316045.0,1.7,-1.2,-0.19,0.56
2025-11-13,600176,15.65,16.53,16.58,15.59,677868,1107082349.0,6.32,5.49,0.86,1.69
2025-11-14,600176,16.33,15.89,16.35,15.88,406563,654038954.0,2.84,-3.87,-0.64,1.02
2025-11-17,600176,15.76,15.62,15.93,15.58,275535,433139813.0,2.2,-1.7,-0.27,0.69
2025-11-18,600176,15.6,15.63,15.78,15.52,246203,385199023.0,1.66,0.06,0.01,0.62
2025-11-19,600176,15.66,15.45,15.71,15.34,234442,362510411.0,2.37,-1.15,-0.18,0.59
2025-11-20,600176,15.59,15.48,15.76,15.47,297698,465100693.0,1.88,0.19,0.03,0.74
2025-11-21,600176,15.2,14.82,15.35,14.79,416020,625304557.0,3.62,-4.26,-0.66,1.04
2025-11-24,600176,14.91,14.92,15.08,14.86,229166,343131860.0,1.48,0.67,0.1,0.57
2025-11-25,600176,15.01,15.18,15.44,15.01,235714,359773230.0,2.88,1.74,0.26,0.59
2025-11-26,600176,15.18,15.2,15.46,15.11,170832,260644165.0,2.31,0.13,0.02,0.43
2025-11-27,600176,15.21,14.91,15.35,14.89,279935,422505021.0,3.03,-1.91,-0.29,0.7
2025-11-28,600176,14.84,14.91,14.99,14.78,205689,306558170.0,1.41,0.0,0.0,0.51
2025-12-01,600176,15.38,15.74,15.99,15.38,597049,941040989.0,4.09,5.57,0.83,1.49
2025-12-02,600176,15.71,15.64,15.9,15.58,265602,417729424.0,2.03,-0.64,-0.1,0.66
2025-12-03,600176,15.59,15.53,15.77,15.48,225153,350864014.0,1.85,-0.7,-0.11,0.56
2025-12-04,600176,15.49,15.42,15.62,15.36,258751,399414380.0,1.67,-0.71,-0.11,0.65
2025-12-05,600176,15.4,15.69,15.75,15.35,271017,422962760.0,2.59,1.75,0.27,0.68
2025-12-08,600176,15.8,15.75,16.0,15.6,342561,541147414.0,2.55,0.38,0.06,0.86
2025-12-09,600176,15.71,15.67,15.86,15.46,280590,438528193.0,2.54,-0.51,-0.08,0.7
2025-12-10,600176,15.61,15.61,15.67,15.36,230838,357008585.0,1.98,-0.38,-0.06,0.58
2025-12-11,600176,15.64,15.29,15.67,15.25,296030,456700140.0,2.69,-2.05,-0.32,0.74
2025-12-12,600176,15.35,15.22,15.35,15.08,311049,472541816.0,1.77,-0.46,-0.07,0.78
2025-12-15,600176,15.14,15.2,15.3,15.03,229693,348917858.0,1.77,-0.13,-0.02,0.57
2025-12-16,600176,15.13,15.02,15.22,14.9,244182,366022327.0,2.11,-1.18,-0.18,0.61
2025-12-17,600176,15.06,15.3,15.37,14.95,260179,394313787.0,2.8,1.86,0.28,0.65
2025-12-18,600176,15.2,15.16,15.49,15.05,275160,418408262.0,2.88,-0.92,-0.14,0.69
2025-12-19,600176,15.2,15.22,15.34,15.1,201309,306507796.0,1.58,0.4,0.06,0.5
2025-12-22,600176,15.28,15.65,15.75,15.25,457402,710690075.0,3.29,2.83,0.43,1.14
2025-12-23,600176,15.59,16.32,16.49,15.57,1020415,1655443227.0,5.88,4.28,0.67,2.55
2025-12-24,600176,16.35,16.79,16.88,16.19,856666,1413831364.0,4.23,2.88,0.47,2.14
2025-12-25,600176,16.79,16.59,16.85,16.47,439882,731761928.0,2.26,-1.19,-0.2,1.1
2025-12-26,600176,16.56,16.59,16.8,16.48,427366,709350662.0,1.93,0.0,0.0,1.07
2025-12-29,600176,16.58,16.09,16.59,16.06,554344,897535893.0,3.19,-3.01,-0.5,1.38
2025-12-30,600176,16.01,16.32,16.35,15.89,288044,463520943.0,2.86,1.43,0.23,0.72
2025-12-31,600176,16.53,17.1,17.35,16.47,933089,1584240783.0,5.3,3.01,0.5,2.33
2026-01-05,600176,17.2,17.5,17.85,17.15,865897,1517845732.0,4.09,2.34,0.4,2.16
2026-01-06,600176,17.43,17.51,17.87,17.33,623518,1093897081.0,3.09,0.06,0.01,1.56
2026-01-07,600176,17.61,17.55,17.82,17.39,561747,988446682.0,2.46,0.23,0.04,1.4
2026-01-08,600176,17.46,17.55,17.87,17.35,413441,725324874.0,2.96,0.0,0.0,1.03
2026-01-09,600176,17.51,17.71,18.05,17.35,531853,944032140.0,3.99,0.91,0.16,1.33
2026-01-12,600176,17.85,17.82,18.16,17.62,569055,1017606189.0,3.05,0.62,0.11,1.42
2026-01-13,600176,17.82,17.66,17.99,17.51,378537,670773929.0,2.69,-0.9,-0.16,0.95
2026-01-14,600176,17.63,17.56,17.87,17.4,485284,854527115.0,2.66,-0.57,-0.1,1.21
2026-01-15,600176,17.56,18.33,18.51,17.54,749317,1362769834.0,5.52,4.38,0.77,1.87
2026-01-16,600176,18.35,18.78,19.08,18.35,763112,1438480640.0,3.98,2.45,0.45,1.91
2026-01-19,600176,18.88,19.06,19.14,18.49,554830,1046408453.0,3.46,1.49,0.28,1.39
2026-01-20,600176,19.2,19.04,19.5,18.7,361947,688352142.0,4.2,-0.1,-0.02,0.9
