日期,股票代码,开盘,收盘,最高,最低,成交量,成交额,振幅,涨跌幅,涨跌额,换手率
2018-01-02,600576,7.56,7.59,7.64,7.42,35316,26741764.0,2.91,0.4,0.03,0.74
2018-01-03,600576,7.58,7.69,7.78,7.57,46798,35920396.0,2.77,1.32,0.1,0.98
2018-01-04,600576,7.71,7.65,7.78,7.6,47328,36229535.0,2.34,-0.52,-0.04,0.99
2018-01-05,600576,7.64,7.7,7.72,7.62,34008,26135820.0,1.31,0.65,0.05,0.71
2018-01-08,600576,7.7,7.66,7.7,7.57,33543,25619095.0,1.69,-0.52,-0.04,0.7
2018-01-09,600576,7.68,7.72,7.78,7.63,46692,36006024.0,1.96,0.78,0.06,0.97
2018-01-10,600576,7.72,7.55,7.72,7.48,40706,30928014.0,3.11,-2.2,-0.17,0.85
2018-01-11,600576,7.44,7.67,7.77,7.4,57851,44136882.0,4.9,1.59,0.12,1.21
2018-01-12,600576,7.62,7.76,7.84,7.62,56381,43595540.0,2.87,1.17,0.09,1.18
2018-01-15,600576,7.82,7.27,7.83,7.25,105367,78490034.0,7.47,-6.31,-0.49,2.2
2018-01-16,600576,7.23,7.26,7.32,7.17,56971,41284699.0,2.06,-0.14,-0.01,1.19
2018-01-17,600576,7.29,7.28,7.31,7.15,40407,29219748.0,2.2,0.28,0.02,0.84
2018-01-18,600576,7.3,7.27,7.32,7.24,31926,23227039.0,1.1,-0.14,-0.01,0.67
2018-01-19,600576,7.26,7.27,7.33,7.22,34251,24905115.0,1.51,0.0,0.0,0.71
2018-01-22,600576,7.27,7.22,7.3,7.07,49961,35921152.0,3.16,-0.69,-0.05,1.04
2018-01-23,600576,7.2,7.26,7.27,7.19,34580,24989872.0,1.11,0.55,0.04,0.72
2018-01-24,600576,7.21,7.39,7.47,7.17,79043,58124389.0,4.13,1.79,0.13,1.65
2018-01-25,600576,7.34,7.35,7.52,7.34,62526,46432720.0,2.44,-0.54,-0.04,1.3
2018-01-26,600576,7.26,7.32,7.35,7.22,45175,32940690.0,1.77,-0.41,-0.03,0.94
2018-01-29,600576,7.27,7.23,7.33,7.23,42741,31130201.0,1.37,-1.23,-0.09,0.89
2018-01-30,600576,7.27,7.18,7.27,7.11,35168,25211030.0,2.21,-0.69,-0.05,0.73
2018-01-31,600576,7.13,6.8,7.15,6.72,83494,57615339.0,5.99,-5.29,-0.38,1.74
2018-02-01,600576,6.79,6.16,6.83,6.12,111394,70791704.0,10.44,-9.41,-0.64,2.32
2018-02-02,600576,6.16,6.27,6.4,5.8,71837,44465985.0,9.74,1.79,0.11,1.5
2018-02-05,600576,6.28,6.2,6.33,6.18,33227,20786938.0,2.39,-1.12,-0.07,0.69
2018-02-06,600576,6.08,5.75,6.15,5.71,50869,30400658.0,7.1,-7.26,-0.45,1.06
2018-02-07,600576,5.89,5.87,5.94,5.71,44114,25782745.0,4.0,2.09,0.12,0.92
2018-02-08,600576,5.85,6.07,6.13,5.81,55273,33201342.0,5.45,3.41,0.2,1.15
2018-02-09,600576,5.96,5.99,6.12,5.9,50007,29944663.0,3.62,-1.32,-0.08,1.04
2018-02-12,600576,5.93,6.11,6.17,5.93,29853,18239247.0,4.01,2.0,0.12,0.62
2018-02-13,600576,6.11,6.03,6.19,6.0,32321,19724402.0,3.11,-1.31,-0.08,0.67
2018-02-14,600576,6.06,6.02,6.06,5.96,20344,12238370.0,1.66,-0.17,-0.01,0.42
2018-02-22,600576,6.08,6.12,6.14,6.07,23244,14190081.0,1.16,1.66,0.1,0.48
2018-02-23,600576,6.15,6.14,6.18,6.08,26228,16085428.0,1.63,0.33,0.02,0.55
2018-02-26,600576,6.16,6.28,6.32,6.13,39131,24376446.0,3.09,2.28,0.14,0.82
2018-02-27,600576,6.3,6.37,6.43,6.22,47683,30127423.0,3.34,1.43,0.09,0.99
2018-02-28,600576,6.36,6.43,6.56,6.27,45629,29075901.0,4.55,0.94,0.06,0.95
2018-03-01,600576,6.55,6.57,6.62,6.38,58360,38015077.0,3.73,2.18,0.14,1.22
2018-03-02,600576,6.5,6.48,6.59,6.47,30798,20124061.0,1.83,-1.37,-0.09,0.64
2018-03-05,600576,6.5,6.44,6.51,6.32,47850,30623205.0,2.93,-0.62,-0.04,1.0
2018-03-06,600576,6.45,6.52,6.66,6.39,60459,39174527.0,4.19,1.24,0.08,1.26
2018-03-07,600576,6.5,6.39,6.51,6.38,30312,19543015.0,1.99,-1.99,-0.13,0.63
2018-03-08,600576,6.37,6.44,6.52,6.35,29868,19223939.0,2.66,0.78,0.05,0.62
2018-03-09,600576,6.45,6.65,6.78,6.42,84701,56095308.0,5.59,3.26,0.21,1.77
2018-03-12,600576,6.64,6.78,6.83,6.61,72832,48959803.0,3.31,1.95,0.13,1.52
2018-03-13,600576,6.75,6.83,7.08,6.71,103035,70945205.0,5.46,0.74,0.05,2.15
2018-03-14,600576,6.79,6.6,6.84,6.59,71388,47781678.0,3.66,-3.37,-0.23,1.49
2018-03-15,600576,6.55,6.58,6.61,6.4,54331,35281394.0,3.18,-0.3,-0.02,1.13
2018-03-16,600576,6.53,6.54,6.67,6.49,35464,23421283.0,2.74,-0.61,-0.04,0.74
2018-03-19,600576,6.51,6.52,6.6,6.48,33514,21932288.0,1.83,-0.31,-0.02,0.7
2018-03-20,600576,6.47,6.55,6.59,6.4,36897,23859560.0,2.91,0.46,0.03,0.77
2018-03-21,600576,6.52,6.59,6.86,6.52,67038,44869387.0,5.19,0.61,0.04,1.4
2018-03-22,600576,6.56,6.6,6.66,6.53,41913,27635925.0,1.97,0.15,0.01,0.87
2018-03-23,600576,6.43,6.02,6.46,5.96,81713,50732372.0,7.58,-8.79,-0.58,1.7
2018-03-26,600576,5.94,6.06,6.08,5.76,44796,26615881.0,5.32,0.66,0.04,0.93
2018-03-27,600576,6.1,6.23,6.27,6.1,49573,30748248.0,2.81,2.81,0.17,1.03
2018-03-28,600576,6.14,6.25,6.37,6.11,54553,34210645.0,4.17,0.32,0.02,1.14
2018-03-29,600576,6.25,6.32,6.36,6.15,34900,21991568.0,3.36,1.12,0.07,0.73
2018-03-30,600576,6.33,6.38,6.43,6.29,40502,25796595.0,2.22,0.95,0.06,0.84
2018-04-02,600576,6.5,6.41,6.5,6.35,65964,42338265.0,2.35,0.47,0.03,1.37
2018-04-03,600576,6.32,6.26,6.32,6.16,34124,21362410.0,2.5,-2.34,-0.15,0.71
2018-04-04,600576,6.27,6.21,6.35,6.18,37257,23400632.0,2.72,-0.8,-0.05,0.78
2018-04-09,600576,6.1,6.29,6.33,6.05,43266,26908078.0,4.51,1.29,0.08,0.9
2018-04-10,600576,6.3,6.29,6.32,6.22,29862,18724627.0,1.59,0.0,0.0,0.62
2018-04-11,600576,6.3,6.36,6.46,6.3,42477,27089982.0,2.54,1.11,0.07,0.89
2018-04-12,600576,6.34,6.46,6.47,6.31,43787,27980485.0,2.52,1.57,0.1,0.91
2018-04-13,600576,6.44,6.41,6.48,6.35,37127,23797203.0,2.01,-0.77,-0.05,0.77
2018-04-16,600576,6.35,6.3,6.46,6.23,35211,22346878.0,3.59,-1.72,-0.11,0.73
2018-04-17,600576,6.32,6.15,6.35,6.13,31862,19899094.0,3.49,-2.38,-0.15,0.66
2018-04-18,600576,6.18,6.24,6.24,6.08,32817,20222865.0,2.6,1.46,0.09,0.68
2018-04-19,600576,6.25,6.19,6.26,6.18,26017,16178716.0,1.28,-0.8,-0.05,0.54
2018-04-20,600576,6.15,6.13,6.22,5.98,35078,21358236.0,3.88,-0.97,-0.06,0.73
2018-04-23,600576,6.11,5.98,6.11,5.95,38873,23413024.0,2.61,-2.45,-0.15,0.81
2018-04-24,600576,6.02,6.05,6.08,5.95,26602,16038666.0,2.17,1.17,0.07,0.55
2018-04-25,600576,6.03,6.3,6.35,5.99,75976,46910994.0,5.95,4.13,0.25,1.58
2018-04-26,600576,6.25,6.02,6.25,5.95,48838,29951160.0,4.76,-4.44,-0.28,1.02
2018-04-27,600576,6.01,6.03,6.09,6.0,22175,13387483.0,1.5,0.17,0.01,0.46
2018-05-02,600576,6.19,6.0,6.19,5.98,19743,11930334.0,3.48,-0.5,-0.03,0.41
2018-05-03,600576,6.0,6.12,6.16,5.95,29400,17840217.0,3.5,2.0,0.12,0.61
2018-05-04,600576,6.12,6.11,6.15,6.09,19436,11900593.0,0.98,-0.16,-0.01,0.41
2018-05-07,600576,6.11,6.2,6.26,6.1,27933,17355808.0,2.62,1.47,0.09,0.58
2018-05-08,600576,6.17,6.25,6.27,6.14,34174,21213302.0,2.1,0.81,0.05,0.71
2018-05-09,600576,6.55,6.88,6.88,6.55,391233,267031879.0,5.28,10.08,0.63,8.15
2018-05-10,600576,6.7,7.13,7.37,6.61,476758,335893472.0,11.05,3.63,0.25,9.94
2018-05-11,600576,6.95,6.68,6.99,6.66,242974,165309024.0,4.63,-6.31,-0.45,5.06
2018-05-14,600576,6.6,6.5,6.76,6.44,138147,90512303.0,4.79,-2.69,-0.18,2.88
2018-05-15,600576,6.51,6.64,6.66,6.46,112131,73993958.0,3.08,2.15,0.14,2.34
2018-05-16,600576,6.6,6.5,6.63,6.45,90507,58970303.0,2.71,-2.11,-0.14,1.89
2018-05-17,600576,6.51,6.53,6.57,6.47,48442,31576841.0,1.54,0.46,0.03,1.01
2018-05-18,600576,6.53,6.46,6.54,6.38,61815,39791098.0,2.45,-1.07,-0.07,1.29
2018-05-21,600576,6.47,6.51,6.52,6.43,63843,41378914.0,1.39,0.77,0.05,1.33
2018-05-22,600576,6.49,6.56,6.58,6.44,65519,42650741.0,2.15,0.77,0.05,1.37
2018-05-23,600576,6.51,6.41,6.54,6.4,57390,37155222.0,2.13,-2.29,-0.15,1.2
2018-05-24,600576,6.41,6.39,6.48,6.35,49903,31946849.0,2.03,-0.31,-0.02,1.04
2018-05-25,600576,6.42,6.3,6.42,6.28,48198,30490745.0,2.19,-1.41,-0.09,1.0
2018-05-28,600576,6.29,6.23,6.33,6.22,36645,22957567.0,1.75,-1.11,-0.07,0.76
2018-05-29,600576,6.23,6.2,6.3,6.19,31440,19623824.0,1.77,-0.48,-0.03,0.66
2018-05-30,600576,6.16,5.93,6.16,5.87,67631,40719506.0,4.68,-4.35,-0.27,1.41
2018-05-31,600576,5.93,6.12,6.14,5.93,59136,35730116.0,3.54,3.2,0.19,1.23
2018-06-01,600576,6.12,6.19,6.24,6.07,35774,21989681.0,2.78,1.14,0.07,0.75
2018-06-04,600576,6.13,6.19,6.23,6.13,26359,16296189.0,1.62,0.0,0.0,0.55
2018-06-05,600576,6.19,6.22,6.23,6.15,21579,13351073.0,1.29,0.48,0.03,0.45
2018-06-06,600576,6.21,6.16,6.22,6.12,21536,13266648.0,1.61,-0.96,-0.06,0.45
2018-06-07,600576,6.15,6.09,6.19,6.07,21639,13272647.0,1.95,-1.14,-0.07,0.45
2018-06-08,600576,6.07,6.0,6.1,5.94,28578,17158277.0,2.63,-1.48,-0.09,0.6
2018-06-11,600576,6.05,6.0,6.1,5.97,17840,10759355.0,2.17,0.0,0.0,0.37
2018-06-12,600576,6.01,6.03,6.04,5.94,21169,12685555.0,1.67,0.5,0.03,0.44
2018-06-13,600576,6.03,5.92,6.03,5.91,20128,11968190.0,1.99,-1.82,-0.11,0.42
2018-06-14,600576,5.91,5.85,5.93,5.84,19407,11409923.0,1.52,-1.18,-0.07,0.4
2018-06-15,600576,5.86,5.73,5.89,5.7,28279,16353725.0,3.25,-2.05,-0.12,0.59
2018-06-19,600576,5.67,5.2,5.67,5.16,58960,31707245.0,8.9,-9.25,-0.53,1.23
2018-06-20,600576,5.02,5.26,5.29,5.02,47613,24579432.0,5.19,1.15,0.06,0.99
2018-06-21,600576,5.24,5.02,5.3,5.02,34543,17673112.0,5.32,-4.56,-0.24,0.72
2018-06-22,600576,4.98,5.09,5.11,4.98,20292,10287310.0,2.59,1.39,0.07,0.42
2018-06-25,600576,5.12,5.06,5.18,5.05,16915,8648076.0,2.55,-0.59,-0.03,0.35
2018-06-26,600576,5.02,5.11,5.16,4.99,19457,9908041.0,3.36,0.99,0.05,0.41
2018-06-27,600576,5.08,5.12,5.14,5.06,16700,8536448.0,1.57,0.2,0.01,0.35
2018-06-28,600576,5.12,5.05,5.14,5.02,17731,9019208.0,2.34,-1.37,-0.07,0.37
2018-06-29,600576,5.12,5.17,5.18,5.04,22374,11470799.0,2.77,2.38,0.12,0.47
2018-07-02,600576,5.22,5.09,5.22,5.05,18751,9623261.0,3.29,-1.55,-0.08,0.39
2018-07-03,600576,5.1,5.15,5.17,5.05,20714,10598555.0,2.36,1.18,0.06,0.43
2018-07-04,600576,5.12,5.06,5.15,5.05,19337,9829185.0,1.94,-1.75,-0.09,0.4
2018-07-05,600576,5.06,5.0,5.09,4.99,22394,11305092.0,1.98,-1.19,-0.06,0.47
2018-07-06,600576,4.99,4.87,5.03,4.7,42974,20922934.0,6.6,-2.6,-0.13,0.9
2018-07-09,600576,4.88,5.36,5.36,4.84,64424,33242428.0,10.68,10.06,0.49,1.34
2018-07-10,600576,5.31,5.46,5.54,5.31,100094,54274960.0,4.29,1.87,0.1,2.09
2018-07-11,600576,5.31,5.36,5.38,5.15,58187,30840975.0,4.21,-1.83,-0.1,1.21
2018-07-12,600576,5.32,5.39,5.47,5.26,48500,26179697.0,3.92,0.56,0.03,1.01
2018-07-13,600576,5.46,5.42,5.46,5.33,26408,14240850.0,2.41,0.56,0.03,0.55
2018-07-16,600576,5.39,5.38,5.44,5.36,14467,7793856.0,1.48,-0.74,-0.04,0.3
2018-07-17,600576,5.35,5.37,5.39,5.28,16679,8918081.0,2.04,-0.19,-0.01,0.35
2018-07-18,600576,5.37,5.32,5.38,5.31,15762,8414402.0,1.3,-0.93,-0.05,0.33
2018-07-19,600576,5.32,5.22,5.4,5.21,27541,14602779.0,3.57,-1.88,-0.1,0.57
2018-07-20,600576,5.23,5.27,5.28,5.16,15898,8321914.0,2.3,0.96,0.05,0.33
2018-07-23,600576,5.22,5.3,5.3,5.22,18976,9996376.0,1.52,0.57,0.03,0.4
2018-07-24,600576,5.3,5.4,5.45,5.28,30942,16624541.0,3.21,1.89,0.1,0.64
2018-07-25,600576,5.4,5.39,5.41,5.34,23441,12611508.0,1.3,-0.19,-0.01,0.49
2018-07-26,600576,5.39,5.4,5.52,5.34,44951,24425628.0,3.34,0.19,0.01,0.94
2018-07-27,600576,5.43,5.45,5.5,5.36,31261,16979945.0,2.59,0.93,0.05,0.65
2018-07-30,600576,5.46,5.29,5.46,5.27,24403,13053968.0,3.49,-2.94,-0.16,0.51
2018-07-31,600576,5.27,5.3,5.35,5.26,13509,7149172.0,1.7,0.19,0.01,0.28
2018-08-01,600576,5.32,5.37,5.44,5.2,32999,17478587.0,4.53,1.32,0.07,0.69
2018-08-02,600576,5.31,5.15,5.35,5.0,31340,16244353.0,6.52,-4.1,-0.22,0.65
2018-08-03,600576,5.1,5.11,5.2,5.09,10719,5520560.0,2.14,-0.78,-0.04,0.22
2018-08-06,600576,5.11,5.07,5.22,5.02,14713,7546597.0,3.91,-0.78,-0.04,0.31
2018-08-07,600576,5.05,5.15,5.15,5.04,18010,9216445.0,2.17,1.58,0.08,0.38
2018-08-08,600576,5.16,5.07,5.17,5.05,15043,7689468.0,2.33,-1.55,-0.08,0.31
2018-08-09,600576,5.05,5.15,5.17,5.01,19036,9783874.0,3.16,1.58,0.08,0.4
2018-08-10,600576,5.11,5.15,5.16,5.1,19777,10145700.0,1.17,0.0,0.0,0.41
2018-08-13,600576,5.13,5.14,5.15,5.06,14901,7606940.0,1.75,-0.19,-0.01,0.31
2018-08-14,600576,5.14,5.13,5.17,5.11,11339,5821881.0,1.17,-0.19,-0.01,0.24
2018-08-15,600576,5.11,5.02,5.14,5.02,16005,8113755.0,2.34,-2.14,-0.11,0.33
2018-08-16,600576,5.01,4.96,5.03,4.9,15231,7584976.0,2.59,-1.2,-0.06,0.32
2018-08-17,600576,5.02,4.87,5.03,4.87,15573,7672969.0,3.23,-1.81,-0.09,0.32
2018-08-20,600576,4.86,4.87,4.92,4.78,14312,6929359.0,2.87,0.0,0.0,0.3
2018-08-21,600576,4.84,4.91,4.93,4.84,11318,5550478.0,1.85,0.82,0.04,0.24
2018-08-22,600576,4.92,4.9,4.97,4.88,8744,4297443.0,1.83,-0.2,-0.01,0.18
2018-08-23,600576,4.93,4.88,4.93,4.88,9799,4799317.0,1.02,-0.41,-0.02,0.2
2018-08-24,600576,4.88,4.93,4.94,4.87,9203,4522006.0,1.43,1.02,0.05,0.19
2018-08-27,600576,4.92,4.99,5.0,4.92,14881,7385297.0,1.62,1.22,0.06,0.31
2018-08-28,600576,4.99,4.96,5.0,4.96,12070,6002768.0,0.8,-0.6,-0.03,0.25
2018-08-29,600576,4.99,4.94,4.99,4.93,6608,3271411.0,1.21,-0.4,-0.02,0.14
2018-08-30,600576,4.94,4.96,5.16,4.93,28258,14191265.0,4.66,0.4,0.02,0.59
2018-08-31,600576,4.93,5.03,5.16,4.93,40321,20386635.0,4.64,1.41,0.07,0.84
2018-09-03,600576,4.99,4.97,5.06,4.88,22415,11161467.0,3.58,-1.19,-0.06,0.47
2018-09-04,600576,4.96,4.98,5.02,4.89,18065,8972856.0,2.62,0.2,0.01,0.38
2018-09-05,600576,5.0,5.05,5.12,4.96,30264,15258904.0,3.21,1.41,0.07,0.63
2018-09-06,600576,5.07,4.96,5.09,4.94,17885,8979905.0,2.97,-1.78,-0.09,0.37
2018-09-07,600576,4.95,4.97,5.03,4.93,18376,9149271.0,2.02,0.2,0.01,0.38
2018-09-10,600576,4.94,4.91,4.99,4.9,12810,6325418.0,1.81,-1.21,-0.06,0.27
2018-09-11,600576,4.9,4.91,4.95,4.89,7463,3674114.0,1.22,0.0,0.0,0.16
2018-09-12,600576,4.91,4.9,4.95,4.87,10336,5081209.0,1.63,-0.2,-0.01,0.22
2018-09-13,600576,4.93,4.93,4.95,4.88,9487,4662238.0,1.43,0.61,0.03,0.2
2018-09-14,600576,4.93,4.9,4.94,4.88,10019,4924426.0,1.22,-0.61,-0.03,0.21
2018-09-17,600576,4.86,4.83,4.95,4.83,8364,4083395.0,2.45,-1.43,-0.07,0.17
2018-09-18,600576,4.84,4.9,4.92,4.8,12728,6173751.0,2.48,1.45,0.07,0.27
2018-09-19,600576,4.91,4.93,4.95,4.88,15174,7471522.0,1.43,0.61,0.03,0.32
2018-09-20,600576,4.93,4.89,4.94,4.87,14975,7351499.0,1.42,-0.81,-0.04,0.31
2018-09-21,600576,4.9,4.95,4.96,4.89,14694,7243883.0,1.43,1.23,0.06,0.31
2018-09-25,600576,4.93,4.92,4.94,4.87,9823,4818531.0,1.41,-0.61,-0.03,0.2
2018-09-26,600576,4.92,4.92,4.94,4.89,13055,6418069.0,1.02,0.0,0.0,0.27
2018-09-27,600576,4.91,4.8,4.92,4.8,17730,8603891.0,2.44,-2.44,-0.12,0.37
2018-09-28,600576,4.78,4.85,4.85,4.78,12107,5841602.0,1.46,1.04,0.05,0.25
2018-10-08,600576,4.79,4.69,4.81,4.68,12586,5977715.0,2.68,-3.3,-0.16,0.26
2018-10-09,600576,4.69,4.68,4.75,4.67,9163,4306001.0,1.71,-0.21,-0.01,0.19
2018-10-10,600576,4.75,4.67,4.77,4.65,8281,3879354.0,2.56,-0.21,-0.01,0.17
2018-10-11,600576,4.59,4.2,4.59,4.2,38263,16554449.0,8.35,-10.06,-0.47,0.8
2018-10-12,600576,4.13,4.03,4.18,3.86,31024,12465963.0,7.62,-4.05,-0.17,0.65
2018-10-15,600576,4.09,4.0,4.16,4.0,15953,6502950.0,3.97,-0.74,-0.03,0.33
2018-10-16,600576,4.0,4.03,4.07,3.97,17444,7017229.0,2.5,0.75,0.03,0.36
2018-10-17,600576,4.06,4.03,4.1,3.99,11307,4574426.0,2.73,0.0,0.0,0.24
2018-10-18,600576,4.02,3.91,4.02,3.88,13335,5249603.0,3.47,-2.98,-0.12,0.28
2018-10-19,600576,3.87,4.01,4.02,3.85,14750,5822648.0,4.35,2.56,0.1,0.31
2018-10-22,600576,4.12,4.18,4.24,4.03,30153,12509054.0,5.24,4.24,0.17,0.63
2018-10-23,600576,4.16,4.11,4.22,4.08,28335,11720441.0,3.35,-1.67,-0.07,0.59
2018-10-24,600576,4.12,4.13,4.19,4.11,19217,7985290.0,1.95,0.49,0.02,0.4
2018-10-25,600576,4.07,4.1,4.13,3.97,14731,5964052.0,3.87,-0.73,-0.03,0.31
2018-10-26,600576,4.14,4.1,4.17,4.09,13340,5513641.0,1.95,0.0,0.0,0.28
2018-10-29,600576,4.1,4.05,4.14,4.05,12123,4965966.0,2.2,-1.22,-0.05,0.25
2018-10-30,600576,4.05,4.11,4.13,4.03,14097,5762243.0,2.47,1.48,0.06,0.29
2018-10-31,600576,4.11,4.14,4.18,4.11,19485,8084622.0,1.7,0.73,0.03,0.41
2018-11-01,600576,4.18,4.21,4.28,4.16,31372,13220190.0,2.9,1.69,0.07,0.65
2018-11-02,600576,4.23,4.27,4.31,4.2,32645,13916507.0,2.61,1.43,0.06,0.68
2018-11-05,600576,4.29,4.31,4.34,4.25,26343,11314353.0,2.11,0.94,0.04,0.55
2018-11-06,600576,4.27,4.3,4.31,4.23,17342,7409046.0,1.86,-0.23,-0.01,0.36
2018-11-07,600576,4.28,4.28,4.35,4.27,18185,7836581.0,1.86,-0.47,-0.02,0.38
2018-11-08,600576,4.28,4.33,4.43,4.28,36253,15808926.0,3.5,1.17,0.05,0.76
2018-11-09,600576,4.33,4.42,4.45,4.3,39330,17319527.0,3.46,2.08,0.09,0.82
2018-11-12,600576,4.42,4.56,4.57,4.38,43685,19670367.0,4.3,3.17,0.14,0.91
2018-11-13,600576,4.5,4.78,5.0,4.47,90322,42910400.0,11.62,4.82,0.22,1.88
2018-11-14,600576,4.73,4.75,4.82,4.69,56214,26598071.0,2.72,-0.63,-0.03,1.17
2018-11-15,600576,4.72,4.81,4.86,4.71,51282,24444286.0,3.16,1.26,0.06,1.07
2018-11-16,600576,4.75,4.83,4.86,4.74,41266,19853650.0,2.49,0.42,0.02,0.86
2018-11-19,600576,4.81,4.76,4.85,4.69,42117,20025160.0,3.31,-1.45,-0.07,0.88
2018-11-20,600576,4.79,4.7,4.86,4.7,53763,25718235.0,3.36,-1.26,-0.06,1.12
2018-11-21,600576,4.65,4.76,4.77,4.6,31959,15068708.0,3.62,1.28,0.06,0.67
2018-11-22,600576,4.74,4.89,5.07,4.74,100592,49721413.0,6.93,2.73,0.13,2.1
2018-11-23,600576,4.84,4.55,4.87,4.54,68819,32318230.0,6.75,-6.95,-0.34,1.43
2018-11-26,600576,4.51,4.49,4.62,4.46,36192,16397490.0,3.52,-1.32,-0.06,0.75
2018-11-27,600576,4.57,4.61,4.68,4.5,32585,14965955.0,4.01,2.67,0.12,0.68
2018-11-28,600576,4.66,4.74,4.79,4.55,46858,22028283.0,5.21,2.82,0.13,0.98
2018-11-29,600576,4.78,4.61,4.83,4.59,39660,18652036.0,5.06,-2.74,-0.13,0.83
2018-11-30,600576,4.68,4.54,4.68,4.44,33318,15161197.0,5.21,-1.52,-0.07,0.69
2018-12-03,600576,4.65,4.64,4.7,4.6,34075,15853940.0,2.2,2.2,0.1,0.71
2018-12-04,600576,4.63,4.65,4.7,4.59,31641,14701172.0,2.37,0.22,0.01,0.66
2018-12-05,600576,4.55,4.65,4.68,4.5,35080,16194068.0,3.87,0.0,0.0,0.73
2018-12-06,600576,4.65,4.67,4.88,4.63,57028,27008845.0,5.38,0.43,0.02,1.08
2018-12-07,600576,4.65,4.61,4.7,4.56,29705,13729409.0,3.0,-1.28,-0.06,0.56
2018-12-10,600576,4.57,4.47,4.57,4.45,33474,15101050.0,2.6,-3.04,-0.14,0.64
2018-12-11,600576,4.49,4.55,4.57,4.49,22006,9973400.0,1.79,1.79,0.08,0.42
2018-12-12,600576,4.58,4.53,4.6,4.51,12518,5689491.0,1.98,-0.44,-0.02,0.24
2018-12-13,600576,4.53,4.55,4.61,4.51,25258,11518972.0,2.21,0.44,0.02,0.48
2018-12-14,600576,4.58,4.46,4.58,4.42,21865,9862010.0,3.52,-1.98,-0.09,0.42
2018-12-17,600576,4.46,4.45,4.5,4.35,16182,7146831.0,3.36,-0.22,-0.01,0.31
2018-12-18,600576,4.44,4.36,4.46,4.33,16346,7156942.0,2.92,-2.02,-0.09,0.31
2018-12-19,600576,4.42,4.36,4.44,4.35,19421,8546486.0,2.06,0.0,0.0,0.37
2018-12-20,600576,4.37,4.4,4.42,4.35,18743,8224530.0,1.61,0.92,0.04,0.36
2018-12-21,600576,4.38,4.4,4.46,4.31,19758,8675330.0,3.41,0.0,0.0,0.38
2018-12-24,600576,4.4,4.36,4.4,4.34,17624,7696807.0,1.36,-0.91,-0.04,0.34
2018-12-25,600576,4.32,4.27,4.32,4.15,25138,10640860.0,3.9,-2.06,-0.09,0.48
2018-12-26,600576,4.29,4.3,4.36,4.23,20699,8941350.0,3.04,0.7,0.03,0.39
2018-12-27,600576,4.37,4.2,4.37,4.2,21680,9256312.0,3.95,-2.33,-0.1,0.41
2018-12-28,600576,4.21,4.2,4.26,4.15,14093,5930714.0,2.62,0.0,0.0,0.27
2019-01-02,600576,4.2,4.21,4.26,4.15,11469,4802738.0,2.62,0.24,0.01,0.22
2019-01-03,600576,4.21,4.2,4.23,4.18,10991,4627095.0,1.19,-0.24,-0.01,0.21
2019-01-04,600576,4.15,4.28,4.29,4.12,16859,7149515.0,4.05,1.9,0.08,0.32
2019-01-07,600576,4.31,4.34,4.36,4.28,22942,9933482.0,1.87,1.4,0.06,0.44
2019-01-08,600576,4.33,4.35,4.38,4.31,18182,7901726.0,1.61,0.23,0.01,0.35
2019-01-09,600576,4.35,4.36,4.55,4.32,46077,20490236.0,5.29,0.23,0.01,0.88
2019-01-10,600576,4.37,4.44,4.44,4.35,26622,11721038.0,2.06,1.83,0.08,0.51
2019-01-11,600576,4.44,4.43,4.48,4.39,21677,9560474.0,2.03,-0.23,-0.01,0.41
2019-01-14,600576,4.41,4.36,4.41,4.34,17781,7785158.0,1.58,-1.58,-0.07,0.34
2019-01-15,600576,4.29,4.4,4.41,4.24,26565,11479469.0,3.9,0.92,0.04,0.51
2019-01-16,600576,4.41,4.36,4.41,4.35,15820,6927285.0,1.36,-0.91,-0.04,0.3
2019-01-17,600576,4.39,4.33,4.39,4.32,15584,6793698.0,1.61,-0.69,-0.03,0.3
2019-01-18,600576,4.35,4.3,4.39,4.27,25284,10916041.0,2.77,-0.69,-0.03,0.48
2019-01-21,600576,4.28,4.3,4.34,4.28,19627,8455462.0,1.4,0.0,0.0,0.37
2019-01-22,600576,4.35,4.26,4.35,4.25,20156,8662983.0,2.33,-0.93,-0.04,0.38
2019-01-23,600576,4.24,4.23,4.29,4.19,19700,8344031.0,2.35,-0.7,-0.03,0.37
2019-01-24,600576,4.23,4.26,4.29,4.2,17469,7433578.0,2.13,0.71,0.03,0.33
2019-01-25,600576,4.33,4.15,4.33,4.14,23193,9792074.0,4.46,-2.58,-0.11,0.44
2019-01-28,600576,4.17,4.11,4.2,4.1,22123,9202846.0,2.41,-0.96,-0.04,0.42
2019-01-29,600576,4.08,3.99,4.15,3.99,42060,17026070.0,3.89,-2.92,-0.12,0.8
2019-01-30,600576,3.96,3.96,4.01,3.91,13790,5470551.0,2.51,-0.75,-0.03,0.26
2019-01-31,600576,3.9,3.91,3.96,3.88,23809,9333309.0,2.02,-1.26,-0.05,0.45
2019-02-01,600576,3.92,4.01,4.03,3.9,14696,5839636.0,3.32,2.56,0.1,0.28
2019-02-11,600576,4.03,4.08,4.09,4.0,21307,8635708.0,2.24,1.75,0.07,0.41
2019-02-12,600576,4.08,4.15,4.18,4.06,23768,9815158.0,2.94,1.72,0.07,0.45
2019-02-13,600576,4.14,4.18,4.21,4.13,22255,9295795.0,1.93,0.72,0.03,0.42
2019-02-14,600576,4.16,4.19,4.22,4.16,26058,10923825.0,1.44,0.24,0.01,0.5
2019-02-15,600576,4.2,4.21,4.23,4.15,30775,12924283.0,1.91,0.48,0.02,0.59
2019-02-18,600576,4.23,4.31,4.33,4.19,37349,15965277.0,3.33,2.38,0.1,0.71
2019-02-19,600576,4.31,4.3,4.36,4.25,50250,21627515.0,2.55,-0.23,-0.01,0.96
2019-02-20,600576,4.3,4.32,4.33,4.26,33095,14226800.0,1.63,0.47,0.02,0.63
2019-02-21,600576,4.31,4.42,4.53,4.3,78765,34710094.0,5.32,2.31,0.1,1.5
2019-02-22,600576,4.5,4.44,4.5,4.33,91526,40365072.0,3.85,0.45,0.02,1.74
2019-02-25,600576,4.48,4.61,4.66,4.44,112411,51070341.0,4.95,3.83,0.17,2.14
2019-02-26,600576,4.61,4.61,4.76,4.54,117799,54638298.0,4.77,0.0,0.0,2.24
2019-02-27,600576,4.6,4.67,4.74,4.57,101544,47544347.0,3.69,1.3,0.06,1.93
2019-02-28,600576,4.64,4.64,4.72,4.61,56524,26320486.0,2.36,-0.64,-0.03,1.07
2019-03-01,600576,4.65,4.66,4.7,4.59,51361,23880931.0,2.37,0.43,0.02,0.98
2019-03-04,600576,4.67,4.68,4.76,4.66,90045,42417120.0,2.15,0.43,0.02,1.71
2019-03-05,600576,4.68,4.85,4.85,4.64,102264,48799267.0,4.49,3.63,0.17,1.94
2019-03-06,600576,4.85,4.95,4.95,4.78,120526,58535241.0,3.51,2.06,0.1,2.29
2019-03-07,600576,4.94,5.12,5.19,4.9,145478,73608028.0,5.86,3.43,0.17,2.77
2019-03-08,600576,5.06,4.86,5.15,4.85,121184,60515835.0,5.86,-5.08,-0.26,2.3
2019-03-11,600576,4.84,5.02,5.02,4.84,86655,42730512.0,3.7,3.29,0.16,1.65
2019-03-12,600576,5.06,5.52,5.52,5.0,320703,174827053.0,10.36,9.96,0.5,6.1
2019-03-13,600576,5.54,5.24,5.6,5.09,304042,162996844.0,9.24,-5.07,-0.28,5.78
2019-03-14,600576,5.14,4.98,5.2,4.88,117504,59029908.0,6.11,-4.96,-0.26,2.23
2019-03-15,600576,5.1,5.07,5.19,5.01,110949,56478641.0,3.61,1.81,0.09,2.11
2019-03-18,600576,5.1,5.17,5.17,5.04,76845,39311242.0,2.56,1.97,0.1,1.46
2019-03-19,600576,5.33,5.21,5.41,5.16,109845,57634084.0,4.84,0.77,0.04,2.09
2019-03-20,600576,5.21,5.11,5.21,4.98,116069,58863877.0,4.41,-1.92,-0.1,2.21
2019-03-21,600576,5.1,5.24,5.26,5.05,136649,71002670.0,4.11,2.54,0.13,2.6
2019-03-22,600576,5.24,5.2,5.3,5.11,78874,40935703.0,3.63,-0.76,-0.04,1.5
2019-03-25,600576,5.09,5.18,5.23,5.06,78300,40410904.0,3.27,-0.38,-0.02,1.49
2019-03-26,600576,5.14,5.01,5.18,5.01,86143,43801964.0,3.28,-3.28,-0.17,1.64
2019-03-27,600576,5.03,4.94,5.07,4.87,78618,38782968.0,3.99,-1.4,-0.07,1.49
2019-03-28,600576,4.9,4.83,4.99,4.83,50869,24949889.0,3.24,-2.23,-0.11,0.97
2019-03-29,600576,4.85,4.96,4.97,4.77,57501,28028971.0,4.14,2.69,0.13,1.09
2019-04-01,600576,4.96,5.15,5.16,4.95,89192,45465433.0,4.23,3.83,0.19,1.7
2019-04-02,600576,5.15,5.19,5.3,5.11,106364,55325766.0,3.69,0.78,0.04,2.02
2019-04-03,600576,5.17,5.29,5.31,5.14,100671,52952750.0,3.28,1.93,0.1,1.91
2019-04-04,600576,5.29,5.27,5.34,5.21,86490,45489919.0,2.46,-0.38,-0.02,1.64
2019-04-08,600576,5.32,5.18,5.32,5.11,83158,43398018.0,3.98,-1.71,-0.09,1.58
2019-04-09,600576,5.22,5.39,5.43,5.16,133060,70783637.0,5.21,4.05,0.21,2.53
2019-04-10,600576,5.36,5.31,5.37,5.25,82781,43975722.0,2.23,-1.48,-0.08,1.57
2019-04-11,600576,5.32,5.3,5.45,5.27,96037,51486035.0,3.39,-0.19,-0.01,1.83
2019-04-12,600576,5.32,5.36,5.41,5.27,57633,30799481.0,2.64,1.13,0.06,1.1
2019-04-15,600576,5.45,5.28,5.64,5.21,111894,60644726.0,8.02,-1.49,-0.08,2.13
2019-04-16,600576,5.28,5.24,5.28,5.07,95473,49276575.0,3.98,-0.76,-0.04,1.82
2019-04-17,600576,5.22,5.31,5.35,5.2,75746,40085390.0,2.86,1.34,0.07,1.44
2019-04-18,600576,5.26,5.33,5.42,5.26,82822,44428327.0,3.01,0.38,0.02,1.57
2019-04-19,600576,5.34,5.45,5.46,5.34,78746,42525270.0,2.25,2.25,0.12,1.5
2019-04-22,600576,5.45,5.29,5.49,5.25,69912,37419947.0,4.4,-2.94,-0.16,1.33
2019-04-23,600576,5.34,5.19,5.35,5.14,64346,33645371.0,3.97,-1.89,-0.1,1.22
2019-04-24,600576,5.26,5.2,5.28,5.13,48037,24906060.0,2.89,0.19,0.01,0.91
2019-04-25,600576,5.2,4.95,5.25,4.9,81932,41496591.0,6.73,-4.81,-0.25,1.56
2019-04-26,600576,4.91,4.87,5.01,4.86,49911,24657446.0,3.03,-1.62,-0.08,0.95
2019-04-29,600576,4.89,4.78,4.93,4.75,51954,25126093.0,3.7,-1.85,-0.09,0.99
2019-04-30,600576,4.81,4.83,4.89,4.78,36062,17446035.0,2.3,1.05,0.05,0.69
2019-05-06,600576,4.73,4.44,4.73,4.41,61928,28312971.0,6.63,-8.07,-0.39,1.18
2019-05-07,600576,4.5,4.51,4.53,4.45,26464,11915735.0,1.8,1.58,0.07,0.5
2019-05-08,600576,4.36,4.49,4.54,4.36,27639,12390214.0,3.99,-0.44,-0.02,0.53
2019-05-09,600576,4.5,4.44,4.5,4.43,21156,9433825.0,1.56,-1.11,-0.05,0.4
2019-05-10,600576,4.48,4.57,4.58,4.45,38891,17587567.0,2.93,2.93,0.13,0.74
2019-05-13,600576,4.52,4.53,4.56,4.49,25641,11602785.0,1.53,-0.88,-0.04,0.49
2019-05-14,600576,4.46,4.48,4.52,4.45,21902,9835000.0,1.55,-1.1,-0.05,0.42
2019-05-15,600576,4.49,4.55,4.55,4.49,19479,8806816.0,1.34,1.56,0.07,0.37
2019-05-16,600576,4.56,4.59,4.6,4.52,25253,11528079.0,1.76,0.88,0.04,0.48
2019-05-17,600576,4.6,4.46,4.62,4.44,32243,14518069.0,3.92,-2.83,-0.13,0.61
2019-05-20,600576,4.46,4.43,4.5,4.38,18986,8390218.0,2.69,-0.67,-0.03,0.36
2019-05-21,600576,4.43,4.48,4.53,4.43,16336,7309819.0,2.26,1.13,0.05,0.31
2019-05-22,600576,4.49,4.47,4.51,4.45,17600,7875927.0,1.34,-0.22,-0.01,0.33
2019-05-23,600576,4.47,4.41,4.48,4.4,19780,8765570.0,1.79,-1.34,-0.06,0.38
2019-05-24,600576,4.4,4.39,4.43,4.38,12919,5678189.0,1.13,-0.45,-0.02,0.25
2019-05-27,600576,4.43,4.47,4.48,4.38,18529,8211086.0,2.28,1.82,0.08,0.35
2019-05-28,600576,4.47,4.46,4.52,4.46,20223,9078302.0,1.34,-0.22,-0.01,0.38
2019-05-29,600576,4.41,4.45,4.48,4.4,18736,8324247.0,1.79,-0.22,-0.01,0.36
2019-05-30,600576,4.45,4.4,4.45,4.35,22271,9782055.0,2.25,-1.12,-0.05,0.42
2019-05-31,600576,4.42,4.4,4.43,4.4,15096,6664439.0,0.68,0.0,0.0,0.29
2019-06-03,600576,4.36,4.37,4.41,4.32,16638,7253342.0,2.05,-0.68,-0.03,0.32
2019-06-04,600576,4.38,4.31,4.38,4.29,18756,8114545.0,2.06,-1.37,-0.06,0.36
2019-06-05,600576,4.33,4.32,4.35,4.31,14630,6337366.0,0.93,0.23,0.01,0.28
2019-06-06,600576,4.31,4.28,4.31,4.26,14093,6035847.0,1.16,-0.93,-0.04,0.27
2019-06-10,600576,4.27,4.3,4.31,4.26,12622,5411029.0,1.17,0.47,0.02,0.24
2019-06-11,600576,4.3,4.41,4.41,4.28,21171,9241838.0,3.02,2.56,0.11,0.4
2019-06-12,600576,4.42,4.4,4.44,4.38,15352,6748485.0,1.36,-0.23,-0.01,0.29
2019-06-13,600576,4.42,4.44,4.47,4.39,24868,11013550.0,1.82,0.91,0.04,0.47
2019-06-14,600576,4.47,4.39,4.47,4.35,17885,7870201.0,2.7,-1.13,-0.05,0.34
2019-06-17,600576,4.35,4.34,4.38,4.31,11168,4851209.0,1.59,-1.14,-0.05,0.21
2019-06-18,600576,4.34,4.39,4.39,4.33,12564,5479945.0,1.38,1.15,0.05,0.24
2019-06-19,600576,4.44,4.42,4.48,4.41,25153,11168612.0,1.59,0.68,0.03,0.48
2019-06-20,600576,4.42,4.53,4.65,4.39,55974,25293042.0,5.88,2.49,0.11,1.06
2019-06-21,600576,4.52,4.66,4.78,4.49,88298,40890408.0,6.4,2.87,0.13,1.68
2019-06-24,600576,4.61,4.6,4.65,4.55,39216,18017577.0,2.15,-1.29,-0.06,0.75
2019-06-25,600576,4.6,4.55,4.6,4.47,29488,13317436.0,2.83,-1.09,-0.05,0.56
2019-06-26,600576,4.53,4.55,4.58,4.49,16371,7435715.0,1.98,0.0,0.0,0.31
2019-06-27,600576,4.55,4.58,4.6,4.55,20627,9439895.0,1.1,0.66,0.03,0.39
2019-06-28,600576,4.59,4.48,4.59,4.47,21186,9540385.0,2.62,-2.18,-0.1,0.4
2019-07-01,600576,4.53,4.58,4.59,4.53,36217,16539160.0,1.34,2.23,0.1,0.69
2019-07-02,600576,4.58,4.53,4.59,4.5,29145,13232346.0,1.97,-1.09,-0.05,0.55
2019-07-03,600576,4.53,4.48,4.53,4.46,24976,11192978.0,1.55,-1.1,-0.05,0.47
2019-07-04,600576,4.48,4.44,4.49,4.43,22852,10183157.0,1.34,-0.89,-0.04,0.43
2019-07-05,600576,4.44,4.43,4.47,4.43,15299,6796144.0,0.9,-0.23,-0.01,0.29
2019-07-08,600576,4.45,4.29,4.45,4.28,33206,14416154.0,3.84,-3.16,-0.14,0.63
2019-07-09,600576,4.28,4.27,4.3,4.22,27920,11875721.0,1.86,-0.47,-0.02,0.53
2019-07-10,600576,4.27,4.21,4.27,4.2,21253,8977302.0,1.64,-1.41,-0.06,0.4
2019-07-11,600576,4.21,4.17,4.26,4.17,26920,11336752.0,2.14,-0.95,-0.04,0.51
2019-07-12,600576,4.2,4.17,4.22,4.16,16653,6976060.0,1.44,0.0,0.0,0.32
2019-07-15,600576,4.18,4.29,4.3,4.17,29996,12771035.0,3.12,2.88,0.12,0.57
2019-07-16,600576,4.29,4.28,4.29,4.25,13355,5700694.0,0.93,-0.23,-0.01,0.25
2019-07-17,600576,4.27,4.33,4.33,4.25,23050,9880304.0,1.87,1.17,0.05,0.44
2019-07-18,600576,4.38,4.26,4.49,4.26,35371,15319164.0,5.31,-1.62,-0.07,0.67
2019-07-19,600576,4.24,4.26,4.3,4.24,12625,5388709.0,1.41,0.0,0.0,0.24
2019-07-22,600576,4.26,4.18,4.28,4.17,18795,7912043.0,2.58,-1.88,-0.08,0.36
2019-07-23,600576,4.18,4.18,4.21,4.15,10685,4468136.0,1.44,0.0,0.0,0.2
2019-07-24,600576,4.2,4.22,4.26,4.18,16193,6866662.0,1.91,0.96,0.04,0.31
2019-07-25,600576,4.22,4.22,4.25,4.2,15916,6730866.0,1.18,0.0,0.0,0.3
2019-07-26,600576,4.22,4.25,4.25,4.18,12143,5123379.0,1.66,0.71,0.03,0.23
2019-07-29,600576,4.22,4.24,4.26,4.22,11331,4802540.0,0.94,-0.24,-0.01,0.22
2019-07-30,600576,4.24,4.27,4.3,4.23,20272,8650252.0,1.65,0.71,0.03,0.39
2019-07-31,600576,4.24,4.24,4.27,4.21,12227,5183730.0,1.41,-0.7,-0.03,0.23
2019-08-01,600576,4.22,4.24,4.24,4.19,12776,5375890.0,1.18,0.0,0.0,0.24
2019-08-02,600576,4.18,4.16,4.22,4.13,25135,10455823.0,2.12,-1.89,-0.08,0.48
2019-08-05,600576,4.16,4.11,4.16,4.1,13287,5487580.0,1.44,-1.2,-0.05,0.25
2019-08-06,600576,4.03,4.0,4.07,3.94,26587,10599493.0,3.16,-2.68,-0.11,0.51
2019-08-07,600576,4.0,3.99,4.04,3.97,11402,4559258.0,1.75,-0.25,-0.01,0.22
2019-08-08,600576,3.99,4.0,4.01,3.95,11625,4636800.0,1.5,0.25,0.01,0.22
2019-08-09,600576,4.04,4.0,4.04,3.99,13637,5471830.0,1.25,0.0,0.0,0.26
2019-08-12,600576,3.98,4.03,4.03,3.98,12791,5127893.0,1.25,0.75,0.03,0.24
2019-08-13,600576,3.99,4.0,4.01,3.97,11134,4437909.0,0.99,-0.74,-0.03,0.21
2019-08-14,600576,4.03,4.0,4.04,4.0,11130,4479180.0,1.0,0.0,0.0,0.21
2019-08-15,600576,3.91,4.03,4.03,3.9,18586,7361692.0,3.25,0.75,0.03,0.35
2019-08-16,600576,4.03,4.03,4.06,4.0,17701,7128972.0,1.49,0.0,0.0,0.34
2019-08-19,600576,4.07,4.16,4.16,4.04,25947,10674493.0,2.98,3.23,0.13,0.49
2019-08-20,600576,4.16,4.16,4.2,4.13,23239,9676989.0,1.68,0.0,0.0,0.44
2019-08-21,600576,4.14,4.15,4.18,4.11,14386,5962856.0,1.68,-0.24,-0.01,0.27
2019-08-22,600576,4.18,4.16,4.22,4.13,20234,8425874.0,2.17,0.24,0.01,0.38
2019-08-23,600576,4.15,4.17,4.18,4.11,14616,6081772.0,1.68,0.24,0.01,0.28
2019-08-26,600576,4.06,4.11,4.13,4.06,15495,6354086.0,1.68,-1.44,-0.06,0.29
2019-08-27,600576,4.16,4.18,4.19,4.11,19848,8260713.0,1.95,1.7,0.07,0.38
2019-08-28,600576,4.17,4.17,4.18,4.14,18757,7806613.0,0.96,-0.24,-0.01,0.36
2019-08-29,600576,4.17,4.18,4.21,4.15,29031,12150968.0,1.44,0.24,0.01,0.55
2019-08-30,600576,4.2,4.1,4.22,4.1,28221,11739700.0,2.87,-1.91,-0.08,0.54
2019-09-02,600576,4.11,4.2,4.21,4.1,25387,10608142.0,2.68,2.44,0.1,0.48
2019-09-03,600576,4.2,4.26,4.26,4.19,27568,11672185.0,1.67,1.43,0.06,0.52
2019-09-04,600576,4.25,4.26,4.28,4.21,18556,7870562.0,1.64,0.0,0.0,0.35
2019-09-05,600576,4.28,4.28,4.32,4.26,33494,14382226.0,1.41,0.47,0.02,0.64
2019-09-06,600576,4.27,4.32,4.32,4.27,24815,10651360.0,1.17,0.93,0.04,0.47
2019-09-09,600576,4.34,4.47,4.47,4.33,55483,24451333.0,3.24,3.47,0.15,1.06
2019-09-10,600576,4.47,4.47,4.52,4.39,41790,18600797.0,2.91,0.0,0.0,0.79
2019-09-11,600576,4.52,4.46,4.52,4.45,41837,18783102.0,1.57,-0.22,-0.01,0.8
2019-09-12,600576,4.46,4.57,4.59,4.46,56565,25687986.0,2.91,2.47,0.11,1.08
2019-09-16,600576,4.55,4.63,4.66,4.54,31313,14455020.0,2.63,1.31,0.06,0.6
2019-09-17,600576,4.64,4.49,4.64,4.45,37887,17149859.0,4.1,-3.02,-0.14,0.72
2019-09-18,600576,4.52,4.52,4.56,4.49,19164,8668306.0,1.56,0.67,0.03,0.36
2019-09-19,600576,4.52,4.5,4.54,4.47,19001,8558911.0,1.55,-0.44,-0.02,0.36
2019-09-20,600576,4.54,4.49,4.54,4.46,22475,10114212.0,1.78,-0.22,-0.01,0.43
2019-09-23,600576,4.51,4.44,4.51,4.39,21303,9422817.0,2.67,-1.11,-0.05,0.41
2019-09-24,600576,4.4,4.43,4.48,4.4,13764,6110117.0,1.8,-0.23,-0.01,0.26
2019-09-25,600576,4.4,4.35,4.41,4.33,16637,7259307.0,1.81,-1.81,-0.08,0.32
2019-09-26,600576,4.33,4.21,4.41,4.21,20534,8751676.0,4.6,-3.22,-0.14,0.39
2019-09-27,600576,4.18,4.27,4.31,4.18,12832,5487257.0,3.09,1.43,0.06,0.24
2019-09-30,600576,4.27,4.24,4.32,4.2,12124,5155215.0,2.81,-0.7,-0.03,0.23
2019-10-08,600576,4.22,4.25,4.29,4.21,11624,4938741.0,1.89,0.24,0.01,0.22
2019-10-09,600576,4.25,4.23,4.25,4.18,11827,4976410.0,1.65,-0.47,-0.02,0.22
2019-10-10,600576,4.26,4.28,4.28,4.22,13055,5568150.0,1.42,1.18,0.05,0.25
2019-10-11,600576,4.29,4.28,4.31,4.25,11277,4824128.0,1.4,0.0,0.0,0.21
2019-10-14,600576,4.32,4.36,4.37,4.3,14430,6271163.0,1.64,1.87,0.08,0.27
2019-10-15,600576,4.36,4.36,4.36,4.29,14259,6174148.0,1.61,0.0,0.0,0.27
2019-10-16,600576,4.36,4.34,4.37,4.32,9846,4280060.0,1.15,-0.46,-0.02,0.19
2019-10-17,600576,4.34,4.31,4.38,4.28,12966,5612113.0,2.3,-0.69,-0.03,0.25
2019-10-18,600576,4.31,4.26,4.35,4.22,16485,7047265.0,3.02,-1.16,-0.05,0.31
2019-10-21,600576,4.26,4.28,4.28,4.17,17978,7563787.0,2.58,0.47,0.02,0.34
2019-10-22,600576,4.24,4.28,4.28,4.19,12651,5373594.0,2.1,0.0,0.0,0.24
2019-10-23,600576,4.3,4.28,4.33,4.27,15457,6652274.0,1.4,0.0,0.0,0.29
2019-10-24,600576,4.27,4.27,4.29,4.24,8890,3787505.0,1.17,-0.23,-0.01,0.17
2019-10-25,600576,4.26,4.37,4.37,4.26,21691,9406830.0,2.58,2.34,0.1,0.41
2019-10-28,600576,4.38,4.43,4.44,4.35,21794,9615352.0,2.06,1.37,0.06,0.41
2019-10-29,600576,4.45,4.39,4.45,4.35,15131,6641790.0,2.26,-0.9,-0.04,0.29
2019-10-30,600576,4.37,4.34,4.39,4.29,17137,7422889.0,2.28,-1.14,-0.05,0.33
2019-10-31,600576,4.32,4.29,4.36,4.27,12886,5556003.0,2.07,-1.15,-0.05,0.25
2019-11-01,600576,4.28,4.35,4.35,4.26,14653,6333422.0,2.1,1.4,0.06,0.28
2019-11-04,600576,4.37,4.36,4.39,4.32,15181,6621505.0,1.61,0.23,0.01,0.29
2019-11-05,600576,4.34,4.34,4.35,4.3,15224,6577462.0,1.15,-0.46,-0.02,0.29
2019-11-06,600576,4.34,4.23,4.34,4.23,16981,7245784.0,2.53,-2.53,-0.11,0.32
2019-11-07,600576,4.23,4.26,4.27,4.21,6894,2928304.0,1.42,0.71,0.03,0.13
2019-11-08,600576,4.26,4.24,4.28,4.23,9244,3927577.0,1.17,-0.47,-0.02,0.18
2019-11-11,600576,4.24,4.15,4.27,4.13,15901,6639260.0,3.3,-2.12,-0.09,0.3
2019-11-12,600576,4.13,4.12,4.16,4.1,7796,3219954.0,1.45,-0.72,-0.03,0.15
2019-11-13,600576,4.1,4.13,4.14,4.09,9420,3871995.0,1.21,0.24,0.01,0.18
2019-11-14,600576,4.1,4.13,4.13,4.09,7802,3210512.0,0.97,0.0,0.0,0.15
2019-11-15,600576,4.12,4.19,4.23,4.09,18374,7671406.0,3.39,1.45,0.06,0.35
2019-11-18,600576,4.17,4.38,4.61,4.16,53292,23330814.0,10.74,4.53,0.19,1.01
2019-11-19,600576,4.33,4.5,4.57,4.32,81978,36712238.0,5.71,2.74,0.12,1.56
2019-11-20,600576,4.46,4.43,4.52,4.4,67226,29913066.0,2.67,-1.56,-0.07,1.28
2019-11-21,600576,4.39,4.43,4.44,4.31,48552,21249914.0,2.93,0.0,0.0,0.92
2019-11-22,600576,4.4,4.38,4.48,4.33,43354,19057952.0,3.39,-1.13,-0.05,0.82
2019-11-25,600576,4.33,4.42,4.42,4.32,21007,9195920.0,2.28,0.91,0.04,0.4
2019-11-26,600576,4.46,4.32,4.46,4.29,28376,12335730.0,3.85,-2.26,-0.1,0.54
2019-11-27,600576,4.32,4.31,4.35,4.27,17021,7325308.0,1.85,-0.23,-0.01,0.32
2019-11-28,600576,4.3,4.27,4.3,4.25,10166,4339291.0,1.16,-0.93,-0.04,0.19
2019-11-29,600576,4.27,4.26,4.3,4.23,8145,3467792.0,1.64,-0.23,-0.01,0.15
2019-12-02,600576,4.26,4.26,4.28,4.22,9411,4001025.0,1.41,0.0,0.0,0.18
2019-12-03,600576,4.25,4.27,4.27,4.21,14436,6120407.0,1.41,0.23,0.01,0.27
2019-12-04,600576,4.24,4.28,4.34,4.24,20990,8991169.0,2.34,0.23,0.01,0.4
2019-12-05,600576,4.29,4.28,4.32,4.26,17503,7495989.0,1.4,0.0,0.0,0.33
2019-12-06,600576,4.27,4.71,4.71,4.26,106134,48430565.0,10.51,10.05,0.43,2.02
2019-12-09,600576,5.1,5.18,5.18,4.99,294578,151886700.0,4.03,9.98,0.47,5.6
2019-12-10,600576,5.22,5.7,5.7,5.06,689724,374363728.0,12.36,10.04,0.52,13.12
2019-12-11,600576,6.1,5.68,6.27,5.61,891639,536590208.0,11.58,-0.35,-0.02,16.96
2019-12-12,600576,5.2,5.33,5.49,5.2,620038,328713872.0,5.11,-6.16,-0.35,11.79
2019-12-13,600576,5.29,5.17,5.43,5.12,377294,197019540.0,5.82,-3.0,-0.16,7.17
2019-12-16,600576,5.1,5.29,5.32,5.07,320246,167596833.0,4.84,2.32,0.12,6.09
2019-12-17,600576,5.21,5.32,5.42,5.17,346077,183123615.0,4.73,0.57,0.03,6.58
2019-12-18,600576,5.29,5.5,5.52,5.22,416343,223501206.0,5.64,3.38,0.18,7.92
2019-12-19,600576,5.45,5.39,5.76,5.36,439100,243902785.0,7.27,-2.0,-0.11,8.35
2019-12-20,600576,5.2,5.06,5.25,5.06,317702,163061430.0,3.53,-6.12,-0.33,6.04
2019-12-23,600576,4.98,4.86,4.98,4.85,166003,81337501.0,2.57,-3.95,-0.2,3.16
2019-12-24,600576,4.83,4.93,4.94,4.83,86391,42378655.0,2.26,1.44,0.07,1.64
2019-12-25,600576,4.94,4.88,4.97,4.84,113868,55801410.0,2.64,-1.01,-0.05,2.17
2019-12-26,600576,4.88,5.0,5.02,4.84,152624,75564663.0,3.69,2.46,0.12,2.9
2019-12-27,600576,5.01,4.85,5.03,4.84,136761,67528455.0,3.8,-3.0,-0.15,2.6
2019-12-30,600576,4.74,4.9,4.9,4.71,105932,50870612.0,3.92,1.03,0.05,2.01
2019-12-31,600576,4.85,4.89,4.95,4.84,88364,43141131.0,2.24,-0.2,-0.01,1.68
2020-01-02,600576,4.88,5.04,5.11,4.86,196493,98372151.0,5.11,3.07,0.15,3.74
2020-01-03,600576,5.04,4.99,5.09,4.94,162665,81525922.0,2.98,-0.99,-0.05,3.09
2020-01-06,600576,4.95,5.0,5.06,4.89,147449,73519630.0,3.41,0.2,0.01,2.8
2020-01-07,600576,5.02,5.23,5.34,5.02,277688,145314345.0,6.4,4.6,0.23,4.48
2020-01-08,600576,5.16,5.2,5.35,5.1,210111,109267178.0,4.78,-0.57,-0.03,3.39
2020-01-09,600576,5.17,5.2,5.3,5.16,161417,84154377.0,2.69,0.0,0.0,2.61
2020-01-10,600576,5.23,5.12,5.23,5.05,110873,56681884.0,3.46,-1.54,-0.08,1.79
2020-01-13,600576,5.04,5.12,5.13,5.04,69446,35303479.0,1.76,0.0,0.0,1.12
2020-01-14,600576,5.13,5.09,5.14,5.05,75718,38532757.0,1.76,-0.59,-0.03,1.22
2020-01-15,600576,5.12,4.99,5.13,4.93,86660,43334121.0,3.93,-1.96,-0.1,1.4
2020-01-16,600576,5.01,4.96,5.1,4.95,81828,41105480.0,3.01,-0.6,-0.03,1.32
2020-01-17,600576,4.96,4.9,5.0,4.9,66542,32915029.0,2.02,-1.21,-0.06,1.07
2020-01-20,600576,4.89,4.93,4.94,4.84,56887,27762577.0,2.04,0.61,0.03,0.92
2020-01-21,600576,4.9,4.93,4.99,4.87,51256,25219249.0,2.43,0.0,0.0,0.83
2020-01-22,600576,4.44,4.44,4.66,4.44,221991,99146290.0,4.46,-9.94,-0.49,3.58
2020-01-23,600576,4.35,4.28,4.48,4.21,91844,40150427.0,6.08,-3.6,-0.16,1.48
2020-02-03,600576,3.85,3.85,3.85,3.85,29432,11331320.0,0.0,-10.05,-0.43,0.48
2020-02-04,600576,3.47,3.8,3.85,3.47,143701,52946168.0,9.87,-1.3,-0.05,2.32
2020-02-05,600576,3.78,4.02,4.07,3.78,134182,53320743.0,7.63,5.79,0.22,2.17
2020-02-06,600576,4.06,4.15,4.21,3.96,106702,43929742.0,6.22,3.23,0.13,1.72
2020-02-07,600576,4.14,4.19,4.25,4.1,86190,35882615.0,3.61,0.96,0.04,1.39
2020-02-10,600576,4.19,4.19,4.26,4.15,60930,25620220.0,2.63,0.0,0.0,0.98
2020-02-11,600576,4.17,4.15,4.21,4.1,61132,25331170.0,2.63,-0.95,-0.04,0.99
2020-02-12,600576,4.19,4.16,4.19,4.07,64084,26440542.0,2.89,0.24,0.01,1.03
2020-02-13,600576,4.18,4.06,4.18,4.05,70007,28632534.0,3.13,-2.4,-0.1,1.13
2020-02-14,600576,4.07,4.02,4.08,4.0,47570,19202078.0,1.97,-0.99,-0.04,0.77
2020-02-17,600576,4.05,4.16,4.16,4.02,66338,27361259.0,3.48,3.48,0.14,1.07
2020-02-18,600576,4.17,4.27,4.33,4.17,104138,44069243.0,3.85,2.64,0.11,1.68
2020-02-19,600576,4.25,4.16,4.25,4.16,69537,29166801.0,2.11,-2.58,-0.11,1.12
2020-02-20,600576,4.16,4.25,4.25,4.16,65169,27494461.0,2.16,2.16,0.09,1.05
2020-02-21,600576,4.25,4.27,4.32,4.22,75909,32404742.0,2.35,0.47,0.02,1.23
2020-02-24,600576,4.25,4.27,4.27,4.17,75537,31983436.0,2.34,0.0,0.0,1.22
2020-02-25,600576,4.22,4.17,4.22,4.01,90202,37442696.0,4.92,-2.34,-0.1,1.46
2020-02-26,600576,4.1,4.22,4.33,4.1,100043,42604780.0,5.52,1.2,0.05,1.62
2020-02-27,600576,4.13,4.28,4.33,4.13,96909,41335958.0,4.74,1.42,0.06,1.56
2020-02-28,600576,4.15,4.02,4.2,4.02,92193,37918287.0,4.21,-6.07,-0.26,1.49
2020-03-02,600576,4.03,4.14,4.16,4.03,50884,20934116.0,3.23,2.99,0.12,0.82
2020-03-03,600576,4.2,4.15,4.26,4.13,59308,24899051.0,3.14,0.24,0.01,0.96
2020-03-04,600576,4.1,4.2,4.25,4.1,61333,25631216.0,3.61,1.2,0.05,0.99
2020-03-05,600576,4.28,4.34,4.37,4.21,101780,43658333.0,3.81,3.33,0.14,1.64
2020-03-06,600576,4.29,4.4,4.48,4.26,112897,49515086.0,5.07,1.38,0.06,1.82
2020-03-09,600576,4.37,4.22,4.4,4.22,82489,35334126.0,4.09,-4.09,-0.18,1.33
2020-03-10,600576,4.13,4.28,4.3,4.1,80298,33682063.0,4.74,1.42,0.06,1.3
2020-03-11,600576,4.28,4.34,4.47,4.26,115098,50554620.0,4.91,1.4,0.06,1.86
2020-03-12,600576,4.3,4.47,4.52,4.24,140612,62022672.0,6.45,3.0,0.13,2.27
2020-03-13,600576,4.2,4.36,4.44,4.2,121034,52103134.0,5.37,-2.46,-0.11,1.95
2020-03-16,600576,4.41,4.06,4.44,4.06,107196,45972532.0,8.72,-6.88,-0.3,1.73
2020-03-17,600576,4.1,4.01,4.18,3.85,81529,32683004.0,8.13,-1.23,-0.05,1.32
2020-03-18,600576,4.06,3.95,4.1,3.94,59310,23869817.0,3.99,-1.5,-0.06,0.96
2020-03-19,600576,3.95,3.94,3.99,3.85,50719,19865803.0,3.54,-0.25,-0.01,0.82
2020-03-20,600576,3.99,4.02,4.04,3.95,39087,15612218.0,2.28,2.03,0.08,0.63
2020-03-23,600576,3.95,3.89,3.99,3.89,41281,16230861.0,2.49,-3.23,-0.13,0.67
2020-03-24,600576,3.95,3.97,4.0,3.88,32911,12962966.0,3.08,2.06,0.08,0.53
2020-03-25,600576,4.04,4.05,4.09,3.99,44662,18048530.0,2.52,2.02,0.08,0.72
2020-03-26,600576,4.02,3.98,4.04,3.95,54420,21720682.0,2.22,-1.73,-0.07,0.88
2020-03-27,600576,4.03,3.99,4.06,3.97,47270,18961577.0,2.26,0.25,0.01,0.76
2020-03-30,600576,4.0,3.88,4.0,3.86,45736,17794140.0,3.51,-2.76,-0.11,0.74
2020-03-31,600576,3.92,3.88,3.92,3.87,25955,10086880.0,1.29,0.0,0.0,0.42
2020-04-01,600576,3.9,3.96,4.26,3.85,95197,38417394.0,10.57,2.06,0.08,1.54
2020-04-02,600576,3.87,3.96,3.96,3.8,61835,24020752.0,4.04,0.0,0.0,1.0
2020-04-03,600576,3.95,3.9,4.0,3.87,39513,15541488.0,3.28,-1.52,-0.06,0.64
2020-04-07,600576,3.95,3.98,4.0,3.93,39506,15661533.0,1.79,2.05,0.08,0.64
2020-04-08,600576,3.97,3.99,4.02,3.94,44371,17699330.0,2.01,0.25,0.01,0.72
2020-04-09,600576,4.0,4.02,4.05,3.96,40539,16328577.0,2.26,0.75,0.03,0.65
2020-04-10,600576,4.02,3.92,4.03,3.91,37277,14727528.0,2.99,-2.49,-0.1,0.6
2020-04-13,600576,3.92,3.85,3.92,3.84,27931,10793535.0,2.04,-1.79,-0.07,0.45
2020-04-14,600576,3.86,3.9,3.91,3.85,23588,9162486.0,1.56,1.3,0.05,0.38
2020-04-15,600576,3.86,3.85,3.9,3.85,26811,10373815.0,1.28,-1.28,-0.05,0.43
2020-04-16,600576,3.84,3.81,3.85,3.81,31349,11992972.0,1.04,-1.04,-0.04,0.51
2020-04-17,600576,3.84,3.79,3.84,3.79,27794,10603762.0,1.31,-0.52,-0.02,0.45
2020-04-20,600576,3.8,3.79,3.81,3.76,27160,10280289.0,1.32,0.0,0.0,0.44
2020-04-21,600576,3.79,3.72,3.79,3.71,24323,9094088.0,2.11,-1.85,-0.07,0.39
2020-04-22,600576,3.71,3.75,3.77,3.67,28375,10504710.0,2.69,0.81,0.03,0.46
2020-04-23,600576,3.75,3.78,3.79,3.7,24558,9183512.0,2.4,0.8,0.03,0.4
2020-04-24,600576,3.75,3.71,3.77,3.7,22949,8558111.0,1.85,-1.85,-0.07,0.37
2020-04-27,600576,3.71,3.62,3.75,3.62,24758,9077780.0,3.5,-2.43,-0.09,0.4
2020-04-28,600576,3.62,3.55,3.68,3.46,34367,12239107.0,6.08,-1.93,-0.07,0.55
2020-04-29,600576,3.57,3.54,3.6,3.51,30858,10942089.0,2.54,-0.28,-0.01,0.5
2020-04-30,600576,3.56,3.65,3.65,3.54,25119,9035214.0,3.11,3.11,0.11,0.41
2020-05-06,600576,3.64,3.67,3.68,3.58,29097,10564440.0,2.74,0.55,0.02,0.47
2020-05-07,600576,3.66,3.67,3.75,3.64,28018,10330578.0,3.0,0.0,0.0,0.45
2020-05-08,600576,3.69,3.7,3.72,3.66,24644,9106937.0,1.63,0.82,0.03,0.4
2020-05-11,600576,3.75,3.73,3.78,3.71,28581,10685389.0,1.89,0.81,0.03,0.46
2020-05-12,600576,3.73,3.7,3.75,3.67,23454,8710531.0,2.14,-0.8,-0.03,0.38
2020-05-13,600576,3.71,3.73,3.75,3.68,13516,5025204.0,1.89,0.81,0.03,0.22
2020-05-14,600576,3.72,3.68,3.74,3.67,16386,6058638.0,1.88,-1.34,-0.05,0.26
2020-05-15,600576,3.7,3.67,3.7,3.65,17374,6390608.0,1.36,-0.27,-0.01,0.28
2020-05-18,600576,3.67,3.56,3.67,3.55,33622,12078499.0,3.27,-3.0,-0.11,0.54
2020-05-19,600576,3.6,3.62,3.64,3.56,26009,9347463.0,2.25,1.69,0.06,0.42
2020-05-20,600576,3.6,3.55,3.64,3.54,22534,8044703.0,2.76,-1.93,-0.07,0.36
2020-05-21,600576,3.56,3.52,3.57,3.51,17600,6237918.0,1.69,-0.85,-0.03,0.28
2020-05-22,600576,3.5,3.55,3.55,3.46,27863,9759463.0,2.56,0.85,0.03,0.45
2020-05-25,600576,3.55,3.51,3.58,3.51,15136,5356844.0,1.97,-1.13,-0.04,0.24
2020-05-26,600576,3.54,3.58,3.59,3.51,20212,7188228.0,2.28,1.99,0.07,0.33
2020-05-27,600576,3.58,3.65,3.67,3.57,26709,9683658.0,2.79,1.96,0.07,0.43
2020-05-28,600576,3.64,3.63,3.68,3.58,23884,8651175.0,2.74,-0.55,-0.02,0.39
2020-05-29,600576,3.6,3.66,3.68,3.6,24581,8979373.0,2.2,0.83,0.03,0.4
2020-06-01,600576,3.79,3.84,3.97,3.7,113478,43841621.0,7.38,4.92,0.18,1.83
2020-06-02,600576,3.85,3.82,3.92,3.76,69858,26655697.0,4.17,-0.52,-0.02,1.13
2020-06-03,600576,3.78,3.78,3.83,3.77,45374,17229452.0,1.57,-1.05,-0.04,0.73
2020-06-04,600576,3.79,3.96,4.05,3.76,119167,46442115.0,7.67,4.76,0.18,1.92
2020-06-05,600576,3.99,3.9,3.99,3.88,53064,20807758.0,2.78,-1.52,-0.06,0.86
2020-06-08,600576,3.88,4.01,4.09,3.88,80765,32250683.0,5.38,2.82,0.11,1.3
2020-06-09,600576,4.04,4.03,4.08,3.95,45669,18270415.0,3.24,0.5,0.02,0.74
2020-06-10,600576,4.0,3.89,4.06,3.88,47343,18663002.0,4.47,-3.47,-0.14,0.76
2020-06-11,600576,3.9,3.97,4.05,3.87,67470,26717510.0,4.63,2.06,0.08,1.09
2020-06-12,600576,3.85,4.37,4.37,3.85,183617,76198113.0,13.1,10.08,0.4,2.96
2020-06-15,600576,4.45,4.39,4.79,4.33,332429,150890258.0,10.53,0.46,0.02,5.37
2020-06-16,600576,4.33,4.4,4.52,4.22,186215,81023589.0,6.83,0.23,0.01,3.01
2020-06-17,600576,4.35,4.3,4.38,4.2,126006,53898361.0,4.09,-2.27,-0.1,2.03
2020-06-18,600576,4.31,4.24,4.45,4.22,108178,46725926.0,5.35,-1.4,-0.06,1.75
2020-06-19,600576,4.2,4.16,4.26,4.13,81275,34031069.0,3.07,-1.89,-0.08,1.31
2020-06-22,600576,4.15,4.08,4.18,4.05,70931,29022963.0,3.13,-1.92,-0.08,1.15
2020-06-23,600576,4.08,4.26,4.35,4.06,134719,57159886.0,7.11,4.41,0.18,2.17
2020-06-24,600576,4.29,4.17,4.42,4.16,81384,34517121.0,6.1,-2.11,-0.09,1.31
2020-06-29,600576,4.1,4.17,4.17,4.05,65478,26901756.0,2.88,0.0,0.0,1.06
2020-06-30,600576,4.17,4.21,4.25,4.13,48243,20204903.0,2.88,0.96,0.04,0.78
2020-07-01,600576,4.19,4.23,4.34,4.17,57873,24688478.0,4.04,0.48,0.02,0.93
2020-07-02,600576,4.2,4.24,4.29,4.18,66354,28106954.0,2.6,0.24,0.01,1.07
2020-07-03,600576,4.23,4.24,4.27,4.19,52917,22398294.0,1.89,0.0,0.0,0.85
2020-07-06,600576,4.24,4.37,4.41,4.24,115052,49876767.0,4.01,3.07,0.13,1.86
2020-07-07,600576,4.38,4.47,4.56,4.31,133359,59420641.0,5.72,2.29,0.1,2.15
2020-07-08,600576,4.46,4.5,4.53,4.39,120944,54039204.0,3.13,0.67,0.03,1.95
2020-07-09,600576,4.5,4.64,4.7,4.47,117249,54051709.0,5.11,3.11,0.14,1.89
2020-07-10,600576,4.75,4.63,4.82,4.61,140099,65870299.0,4.53,-0.22,-0.01,2.26
2020-07-13,600576,4.63,4.72,4.75,4.59,109049,51053545.0,3.46,1.94,0.09,1.76
2020-07-14,600576,4.69,4.83,4.94,4.64,145772,70046480.0,6.36,2.33,0.11,2.35
2020-07-15,600576,4.8,4.62,4.9,4.6,92135,43424292.0,6.21,-4.35,-0.21,1.49
2020-07-16,600576,4.67,4.39,4.69,4.36,88976,40373463.0,7.14,-4.98,-0.23,1.44
2020-07-17,600576,4.4,4.34,4.48,4.31,57568,25167321.0,3.87,-1.14,-0.05,0.93
2020-07-20,600576,4.37,4.48,4.49,4.37,48356,21491960.0,2.76,3.23,0.14,0.78
2020-07-21,600576,4.48,4.54,4.58,4.46,52016,23519291.0,2.68,1.34,0.06,0.84
2020-07-22,600576,4.51,4.4,4.56,4.39,81652,36605100.0,3.74,-3.08,-0.14,1.32
2020-07-23,600576,4.38,4.32,4.42,4.25,71532,30879206.0,3.86,-1.82,-0.08,1.15
2020-07-24,600576,4.31,4.19,4.37,4.18,64929,27672663.0,4.4,-3.01,-0.13,1.05
2020-07-27,600576,4.22,4.13,4.27,4.09,42974,17776322.0,4.3,-1.43,-0.06,0.69
2020-07-28,600576,4.14,4.54,4.54,4.09,86561,37522947.0,10.9,9.93,0.41,1.4
2020-07-29,600576,4.54,4.54,4.59,4.39,155862,70019835.0,4.41,0.0,0.0,2.52
2020-07-30,600576,4.54,4.38,4.54,4.37,90338,40010745.0,3.74,-3.52,-0.16,1.46
2020-07-31,600576,4.35,4.38,4.44,4.3,60876,26525752.0,3.2,0.0,0.0,0.98
2020-08-03,600576,4.41,4.54,4.54,4.38,115099,51578744.0,3.65,3.65,0.16,1.86
2020-08-04,600576,4.6,4.48,4.6,4.47,83421,37745678.0,2.86,-1.32,-0.06,1.35
2020-08-05,600576,4.5,4.5,4.56,4.43,63435,28519554.0,2.9,0.45,0.02,1.02
2020-08-06,600576,4.51,4.55,4.59,4.41,74400,33445039.0,4.0,1.11,0.05,1.2
2020-08-07,600576,4.52,4.47,4.55,4.42,53405,23881132.0,2.86,-1.76,-0.08,0.86
2020-08-10,600576,4.45,4.53,4.54,4.44,46654,20981446.0,2.24,1.34,0.06,0.75
2020-08-11,600576,4.54,4.38,4.54,4.38,53315,23811713.0,3.53,-3.31,-0.15,0.86
2020-08-12,600576,4.34,4.41,4.41,4.29,46919,20376865.0,2.74,0.68,0.03,0.76
2020-08-13,600576,4.41,4.51,4.61,4.41,68266,30897676.0,4.54,2.27,0.1,1.1
2020-08-14,600576,4.54,4.58,4.59,4.5,65789,29939060.0,2.0,1.55,0.07,1.06
2020-08-17,600576,4.61,4.63,4.64,4.56,69025,31840647.0,1.75,1.09,0.05,1.11
2020-08-18,600576,4.61,4.56,4.62,4.55,58361,26685825.0,1.51,-1.51,-0.07,0.94
2020-08-19,600576,4.58,4.43,4.59,4.42,65032,29188234.0,3.73,-2.85,-0.13,1.05
2020-08-20,600576,4.43,4.5,4.56,4.4,60138,27055117.0,3.61,1.58,0.07,0.97
2020-08-21,600576,4.47,4.49,4.62,4.47,61547,27835393.0,3.33,-0.22,-0.01,0.99
2020-08-24,600576,4.48,4.44,4.52,4.4,50801,22617673.0,2.67,-1.11,-0.05,0.82
2020-08-25,600576,4.44,4.38,4.46,4.37,44428,19561442.0,2.03,-1.35,-0.06,0.72
2020-08-26,600576,4.38,4.25,4.41,4.22,53378,22956781.0,4.34,-2.97,-0.13,0.86
2020-08-27,600576,4.25,4.35,4.37,4.21,41756,18009734.0,3.76,2.35,0.1,0.67
2020-08-28,600576,4.34,4.35,4.38,4.3,32425,14069280.0,1.84,0.0,0.0,0.52
2020-08-31,600576,4.37,4.35,4.47,4.35,34500,15215279.0,2.76,0.0,0.0,0.56
2020-09-01,600576,4.35,4.31,4.37,4.28,35111,15135631.0,2.07,-0.92,-0.04,0.57
2020-09-02,600576,4.3,4.31,4.33,4.23,46075,19742550.0,2.32,0.0,0.0,0.74
2020-09-03,600576,4.29,4.29,4.38,4.29,43508,18824733.0,2.09,-0.46,-0.02,0.7
2020-09-04,600576,4.23,4.3,4.32,4.2,36682,15657493.0,2.8,0.23,0.01,0.59
2020-09-07,600576,4.3,4.26,4.37,4.24,39836,17157637.0,3.02,-0.93,-0.04,0.64
2020-09-08,600576,4.25,4.36,4.36,4.23,47503,20397516.0,3.05,2.35,0.1,0.77
2020-09-09,600576,4.34,4.34,4.45,4.27,81789,35797456.0,4.13,-0.46,-0.02,1.32
2020-09-10,600576,4.35,4.1,4.37,4.1,95796,40518232.0,6.22,-5.53,-0.24,1.55
2020-09-11,600576,4.1,4.14,4.17,4.05,42613,17479247.0,2.93,0.98,0.04,0.69
2020-09-14,600576,4.15,4.19,4.21,4.13,27815,11616295.0,1.93,1.21,0.05,0.45
2020-09-15,600576,4.16,4.15,4.21,4.12,24127,10023628.0,2.15,-0.95,-0.04,0.39
2020-09-16,600576,4.15,4.14,4.16,4.1,20018,8256009.0,1.45,-0.24,-0.01,0.32
2020-09-17,600576,4.14,4.16,4.19,4.09,25688,10632158.0,2.42,0.48,0.02,0.41
2020-09-18,600576,4.15,4.21,4.22,4.12,33859,14163742.0,2.4,1.2,0.05,0.55
2020-09-21,600576,4.19,4.17,4.24,4.15,26197,10981555.0,2.14,-0.95,-0.04,0.42
2020-09-22,600576,4.13,4.05,4.13,4.05,39903,16346479.0,1.92,-2.88,-0.12,0.64
2020-09-23,600576,4.05,4.06,4.09,4.05,15689,6375477.0,0.99,0.25,0.01,0.25
2020-09-24,600576,4.06,3.95,4.06,3.95,34293,13662190.0,2.71,-2.71,-0.11,0.55
2020-09-25,600576,3.99,3.92,4.0,3.89,23434,9197078.0,2.78,-0.76,-0.03,0.38
2020-09-28,600576,3.96,3.84,3.96,3.82,22690,8754287.0,3.57,-2.04,-0.08,0.37
2020-09-29,600576,3.86,3.9,3.93,3.84,19915,7768800.0,2.34,1.56,0.06,0.32
2020-09-30,600576,3.91,3.92,3.95,3.86,23189,9062273.0,2.31,0.51,0.02,0.37
2020-10-09,600576,3.97,3.99,4.01,3.96,14078,5621133.0,1.28,1.79,0.07,0.23
2020-10-12,600576,3.99,4.11,4.12,3.99,25080,10222782.0,3.26,3.01,0.12,0.4
2020-10-13,600576,4.08,4.09,4.1,4.06,14586,5941342.0,0.97,-0.49,-0.02,0.24
2020-10-14,600576,4.06,4.04,4.07,4.0,21833,8801589.0,1.71,-1.22,-0.05,0.35
2020-10-15,600576,4.0,4.03,4.06,4.0,11713,4719647.0,1.49,-0.25,-0.01,0.19
2020-10-16,600576,4.01,4.09,4.13,4.0,30638,12475068.0,3.23,1.49,0.06,0.49
2020-10-19,600576,4.14,4.04,4.14,4.04,17076,6972946.0,2.44,-1.22,-0.05,0.28
2020-10-20,600576,4.05,4.1,4.1,4.03,15437,6286235.0,1.73,1.49,0.06,0.25
2020-10-21,600576,4.09,4.06,4.1,4.05,10490,4268612.0,1.22,-0.98,-0.04,0.17
2020-10-22,600576,4.08,4.07,4.1,4.04,17995,7313848.0,1.48,0.25,0.01,0.29
2020-10-23,600576,4.08,4.02,4.1,4.0,16479,6666778.0,2.46,-1.23,-0.05,0.27
2020-10-26,600576,4.02,3.97,4.02,3.95,17198,6840438.0,1.74,-1.24,-0.05,0.28
2020-10-27,600576,3.98,3.96,4.0,3.9,16622,6586098.0,2.52,-0.25,-0.01,0.27
2020-10-28,600576,3.92,3.96,3.99,3.89,23332,9194469.0,2.53,0.0,0.0,0.38
2020-10-29,600576,3.95,3.91,3.95,3.86,13833,5424519.0,2.27,-1.26,-0.05,0.22
2020-10-30,600576,3.91,3.79,3.93,3.78,35673,13726815.0,3.84,-3.07,-0.12,0.58
2020-11-02,600576,3.8,3.76,3.82,3.7,35229,13202488.0,3.17,-0.79,-0.03,0.57
2020-11-03,600576,3.76,3.86,3.86,3.75,25862,9900068.0,2.93,2.66,0.1,0.42
2020-11-04,600576,3.86,3.79,3.89,3.78,21603,8249673.0,2.85,-1.81,-0.07,0.35
2020-11-05,600576,3.83,3.83,3.84,3.77,19841,7554114.0,1.85,1.06,0.04,0.32
2020-11-06,600576,3.83,3.8,3.85,3.77,16015,6091687.0,2.09,-0.78,-0.03,0.26
2020-11-09,600576,3.8,3.87,3.87,3.8,29750,11451714.0,1.84,1.84,0.07,0.48
2020-11-10,600576,3.88,3.83,3.9,3.81,29583,11367862.0,2.33,-1.03,-0.04,0.48
2020-11-11,600576,3.83,3.79,3.83,3.77,20040,7623228.0,1.57,-1.04,-0.04,0.32
2020-11-12,600576,3.78,3.81,3.81,3.78,17929,6799198.0,0.79,0.53,0.02,0.29
2020-11-13,600576,3.8,3.81,3.81,3.77,16171,6126563.0,1.05,0.0,0.0,0.26
2020-11-16,600576,3.81,3.85,3.85,3.8,17226,6605271.0,1.31,1.05,0.04,0.28
2020-11-17,600576,3.86,3.83,3.86,3.81,12075,4620459.0,1.3,-0.52,-0.02,0.19
2020-11-18,600576,3.84,3.85,3.88,3.8,17438,6714978.0,2.09,0.52,0.02,0.28
2020-11-19,600576,3.83,3.84,3.87,3.81,24004,9211931.0,1.56,-0.26,-0.01,0.39
2020-11-20,600576,3.83,3.85,3.86,3.82,19076,7325658.0,1.04,0.26,0.01,0.31
2020-11-23,600576,3.87,3.89,3.91,3.83,25766,9983889.0,2.08,1.04,0.04,0.42
2020-11-24,600576,3.89,3.84,3.91,3.82,28953,11192068.0,2.31,-1.29,-0.05,0.47
2020-11-25,600576,3.84,3.83,3.87,3.81,25753,9884230.0,1.56,-0.26,-0.01,0.42
2020-11-26,600576,3.81,3.82,3.85,3.81,19571,7478668.0,1.04,-0.26,-0.01,0.32
2020-11-27,600576,3.84,3.78,3.85,3.76,28649,10853665.0,2.36,-1.05,-0.04,0.46
2020-11-30,600576,3.78,3.78,3.82,3.76,35037,13271326.0,1.59,0.0,0.0,0.57
2020-12-01,600576,3.78,3.81,3.84,3.75,29783,11303129.0,2.38,0.79,0.03,0.48
2020-12-02,600576,3.81,3.8,3.83,3.78,23672,8979488.0,1.31,-0.26,-0.01,0.38
2020-12-03,600576,3.81,3.81,3.82,3.77,21049,7986822.0,1.32,0.26,0.01,0.34
2020-12-04,600576,3.82,3.8,3.82,3.79,17911,6805237.0,0.79,-0.26,-0.01,0.29
2020-12-07,600576,3.81,3.77,3.81,3.75,20471,7742528.0,1.58,-0.79,-0.03,0.33
2020-12-08,600576,3.77,3.75,3.78,3.75,17813,6695413.0,0.8,-0.53,-0.02,0.29
2020-12-09,600576,3.77,3.67,3.77,3.67,26091,9690188.0,2.67,-2.13,-0.08,0.42
2020-12-10,600576,3.68,3.68,3.72,3.66,13924,5131077.0,1.63,0.27,0.01,0.22
2020-12-11,600576,3.7,3.6,3.71,3.59,25304,9192685.0,3.26,-2.17,-0.08,0.41
2020-12-14,600576,3.61,3.6,3.64,3.55,18983,6829159.0,2.5,0.0,0.0,0.31
2020-12-15,600576,3.6,3.57,3.6,3.56,14015,5015477.0,1.11,-0.83,-0.03,0.23
2020-12-16,600576,3.59,3.58,3.61,3.5,24356,8650689.0,3.08,0.28,0.01,0.39
2020-12-17,600576,3.55,3.57,3.59,3.51,18942,6718680.0,2.23,-0.28,-0.01,0.31
2020-12-18,600576,3.57,3.65,3.74,3.55,41511,15097075.0,5.32,2.24,0.08,0.67
2020-12-21,600576,3.66,3.64,3.67,3.6,23529,8565765.0,1.92,-0.27,-0.01,0.38
2020-12-22,600576,3.62,3.57,3.64,3.56,17171,6180800.0,2.2,-1.92,-0.07,0.28
2020-12-23,600576,3.59,3.62,3.64,3.56,22358,8038309.0,2.24,1.4,0.05,0.36
2020-12-24,600576,3.62,3.53,3.62,3.51,20417,7255030.0,3.04,-2.49,-0.09,0.33
2020-12-25,600576,3.54,3.53,3.57,3.51,14176,5026812.0,1.7,0.0,0.0,0.23
2020-12-28,600576,3.55,3.53,3.55,3.5,21712,7635571.0,1.42,0.0,0.0,0.35
2020-12-29,600576,3.53,3.56,3.57,3.51,14747,5230346.0,1.7,0.85,0.03,0.24
2020-12-30,600576,3.56,3.53,3.57,3.52,12001,4253001.0,1.4,-0.84,-0.03,0.19
2020-12-31,600576,3.55,3.58,3.58,3.53,16567,5899148.0,1.42,1.42,0.05,0.27
2021-01-04,600576,3.59,3.56,3.6,3.52,18010,6412713.0,2.23,-0.56,-0.02,0.29
2021-01-05,600576,3.56,3.52,3.56,3.5,22901,8058548.0,1.69,-1.12,-0.04,0.37
2021-01-06,600576,3.53,3.45,3.53,3.39,32493,11215356.0,3.98,-1.99,-0.07,0.52
2021-01-07,600576,3.45,3.33,3.46,3.32,36486,12306624.0,4.06,-3.48,-0.12,0.59
2021-01-08,600576,3.33,3.36,3.39,3.22,20545,6841855.0,5.11,0.9,0.03,0.33
2021-01-11,600576,3.36,3.23,3.36,3.23,26214,8620223.0,3.87,-3.87,-0.13,0.42
2021-01-12,600576,3.23,3.26,3.3,3.21,21174,6900808.0,2.79,0.93,0.03,0.34
2021-01-13,600576,3.26,3.15,3.26,3.14,25696,8189535.0,3.68,-3.37,-0.11,0.41
2021-01-14,600576,3.18,3.16,3.18,3.09,20665,6477766.0,2.86,0.32,0.01,0.33
2021-01-15,600576,3.17,3.24,3.27,3.15,26157,8459733.0,3.8,2.53,0.08,0.42
2021-01-18,600576,3.26,3.3,3.34,3.22,21514,7096579.0,3.7,1.85,0.06,0.35
2021-01-19,600576,3.3,3.33,3.37,3.27,26067,8670551.0,3.03,0.91,0.03,0.42
2021-01-20,600576,3.33,3.32,3.35,3.26,14627,4858479.0,2.7,-0.3,-0.01,0.24
2021-01-21,600576,3.34,3.33,3.38,3.3,16085,5369698.0,2.41,0.3,0.01,0.26
2021-01-22,600576,3.34,3.28,3.35,3.28,22669,7481851.0,2.1,-1.5,-0.05,0.37
2021-01-25,600576,3.28,3.2,3.28,3.18,22411,7238584.0,3.05,-2.44,-0.08,0.36
2021-01-26,600576,3.3,3.52,3.52,3.28,60663,20839531.0,7.5,10.0,0.32,0.98
2021-01-27,600576,3.58,3.87,3.87,3.58,108020,40806946.0,8.24,9.94,0.35,1.74
2021-01-28,600576,4.26,4.26,4.26,4.26,45366,19325929.0,0.0,10.08,0.39,0.73
2021-01-29,600576,4.69,4.69,4.69,4.42,677097,314747136.0,6.34,10.09,0.43,10.93
2021-02-01,600576,5.01,5.16,5.16,4.92,740353,379703680.0,5.12,10.02,0.47,11.95
2021-02-02,600576,5.2,4.64,5.29,4.64,189720,94272318.0,12.6,-10.08,-0.52,3.06
2021-02-03,600576,4.28,5.1,5.1,4.28,1162968,562179312.0,17.67,9.91,0.46,18.78
2021-02-04,600576,4.59,4.59,4.67,4.59,265171,121721098.0,1.57,-10.0,-0.51,4.28
2021-02-05,600576,4.2,4.13,4.5,4.13,694806,291758656.0,8.06,-10.02,-0.46,11.22
2021-02-08,600576,3.9,3.72,3.98,3.72,514533,192952725.0,6.3,-9.93,-0.41,8.31
2021-02-09,600576,3.67,3.57,3.72,3.51,450310,161929220.0,5.65,-4.03,-0.15,7.27
2021-02-10,600576,3.57,3.47,3.62,3.46,306631,108161210.0,4.48,-2.8,-0.1,4.95
2021-02-18,600576,3.57,3.54,3.67,3.5,295325,105124788.0,4.9,2.02,0.07,4.77
2021-02-19,600576,3.53,3.7,3.73,3.5,303981,110212745.0,6.5,4.52,0.16,4.91
2021-02-22,600576,3.72,3.68,3.81,3.64,339682,126483956.0,4.59,-0.54,-0.02,5.48
2021-02-23,600576,3.66,3.77,3.84,3.61,264083,97965885.0,6.25,2.45,0.09,4.26
2021-02-24,600576,3.72,3.72,3.79,3.67,182045,67906086.0,3.18,-1.33,-0.05,2.94
2021-02-25,600576,3.77,3.68,3.78,3.67,134753,50174980.0,2.96,-1.08,-0.04,2.18
2021-02-26,600576,3.6,3.62,3.72,3.54,128522,46809877.0,4.89,-1.63,-0.06,2.07
2021-03-01,600576,3.65,3.72,3.78,3.65,144359,53769354.0,3.59,2.76,0.1,2.33
2021-03-02,600576,3.77,3.74,3.8,3.65,123849,45888893.0,4.03,0.54,0.02,2.0
2021-03-03,600576,3.75,3.77,3.77,3.69,106975,39944057.0,2.14,0.8,0.03,1.73
2021-03-04,600576,3.74,3.73,3.87,3.72,148089,56131302.0,3.98,-1.06,-0.04,2.39
2021-03-05,600576,3.71,3.85,3.87,3.68,170197,64737392.0,5.09,3.22,0.12,2.75
2021-03-08,600576,3.85,3.86,3.91,3.79,142020,54571192.0,3.12,0.26,0.01,2.29
2021-03-09,600576,3.87,4.2,4.25,3.81,443853,183090104.0,11.4,8.81,0.34,7.17
2021-03-10,600576,4.05,3.99,4.15,3.93,323942,130611256.0,5.24,-5.0,-0.21,5.23
2021-03-11,600576,3.94,3.99,4.07,3.84,177815,70321964.0,5.76,0.0,0.0,2.87
2021-03-12,600576,4.02,4.11,4.17,3.95,182106,73640892.0,5.51,3.01,0.12,2.94
2021-03-15,600576,4.08,4.18,4.19,4.03,140223,57756687.0,3.89,1.7,0.07,2.26
2021-03-16,600576,4.14,4.12,4.21,4.07,94508,38982283.0,3.35,-1.44,-0.06,1.53
2021-03-17,600576,4.11,4.11,4.18,4.06,84461,34778027.0,2.91,-0.24,-0.01,1.36
2021-03-18,600576,4.08,3.97,4.1,3.91,143805,57264001.0,4.62,-3.41,-0.14,2.32
2021-03-19,600576,3.93,4.16,4.33,3.92,176409,73368672.0,10.33,4.79,0.19,2.85
2021-03-22,600576,4.07,4.15,4.19,4.07,89540,37000115.0,2.88,-0.24,-0.01,1.45
2021-03-23,600576,4.14,4.26,4.45,4.1,151984,64917959.0,8.43,2.65,0.11,2.45
2021-03-24,600576,4.25,4.23,4.37,4.19,121508,51881659.0,4.23,-0.7,-0.03,1.96
2021-03-25,600576,4.22,4.34,4.38,4.2,93878,40557884.0,4.26,2.6,0.11,1.52
2021-03-26,600576,4.33,4.35,4.38,4.29,70797,30653996.0,2.07,0.23,0.01,1.14
2021-03-29,600576,4.35,4.65,4.79,4.33,226232,104636336.0,10.57,6.9,0.3,3.65
2021-03-30,600576,4.68,4.61,4.84,4.61,159421,75140757.0,4.95,-0.86,-0.04,2.57
2021-03-31,600576,4.61,5.07,5.07,4.61,240890,118654373.0,9.98,9.98,0.46,3.89
2021-04-01,600576,5.13,5.48,5.54,5.13,315719,170500787.0,8.09,8.09,0.41,5.1
2021-04-02,600576,5.35,4.98,5.39,4.93,401994,205106220.0,8.39,-9.12,-0.5,6.49
2021-04-06,600576,4.95,5.48,5.48,4.85,194022,102821631.0,12.65,10.04,0.5,3.13
2021-04-07,600576,5.71,5.36,5.89,5.22,355355,191435902.0,12.23,-2.19,-0.12,5.74
2021-04-08,600576,5.31,5.22,5.54,5.18,257957,137238426.0,6.72,-2.61,-0.14,4.16
2021-04-09,600576,5.28,5.28,5.35,5.07,150633,79434345.0,5.36,1.15,0.06,2.43
2021-04-12,600576,5.32,5.39,5.55,5.25,165193,88708766.0,5.68,2.08,0.11,2.67
2021-04-13,600576,5.31,5.61,5.85,5.3,239728,135131919.0,10.2,4.08,0.22,3.87
2021-04-14,600576,5.62,5.88,5.92,5.51,199346,115129280.0,7.31,4.81,0.27,3.22
2021-04-15,600576,5.92,5.86,6.11,5.73,248317,146921272.0,6.46,-0.34,-0.02,4.01
2021-04-16,600576,6.0,6.2,6.22,5.8,246828,150698118.0,7.17,5.8,0.34,3.98
2021-04-19,600576,6.21,6.21,6.66,6.18,285433,182026451.0,7.74,0.16,0.01,4.61
2021-04-20,600576,6.34,6.31,6.45,6.11,214756,134334618.0,5.48,1.61,0.1,3.47
2021-04-21,600576,6.26,6.3,6.38,6.22,116425,73216623.0,2.54,-0.16,-0.01,1.88
2021-04-22,600576,6.31,6.5,6.64,6.27,178763,115732650.0,5.87,3.17,0.2,2.89
2021-04-23,600576,6.45,6.25,6.62,6.19,167400,106694893.0,6.62,-3.85,-0.25,2.7
2021-04-26,600576,6.25,6.28,6.39,6.11,140912,87800902.0,4.48,0.48,0.03,2.27
2021-04-27,600576,6.27,5.93,6.3,5.8,192371,114655473.0,7.96,-5.57,-0.35,3.11
2021-04-28,600576,5.95,6.05,6.16,5.82,133306,79742153.0,5.73,2.02,0.12,2.15
2021-04-29,600576,6.15,6.15,6.26,6.03,149954,92137261.0,3.8,1.65,0.1,2.42
2021-04-30,600576,6.15,6.36,6.38,6.1,135466,85059480.0,4.55,3.41,0.21,2.19
2021-05-20,600576,7.0,5.76,7.0,5.72,513367,314873376.0,20.13,-9.43,-0.6,8.29
2021-05-21,600576,5.55,5.18,5.68,5.18,386632,203469336.0,8.68,-10.07,-0.58,6.24
2021-05-24,600576,5.07,4.81,5.08,4.72,355038,171606274.0,6.95,-7.14,-0.37,5.73
2021-05-25,600576,4.81,4.83,4.93,4.7,251169,120510550.0,4.78,0.42,0.02,4.06
2021-05-26,600576,4.78,4.76,4.81,4.73,139115,66377462.0,1.66,-1.45,-0.07,2.25
2021-05-27,600576,4.78,4.76,4.85,4.75,140671,67379249.0,2.1,0.0,0.0,2.27
2021-05-28,600576,4.76,4.71,4.86,4.67,130246,61702351.0,3.99,-1.05,-0.05,2.1
2021-05-31,600576,4.71,4.66,4.72,4.64,90412,42194074.0,1.7,-1.06,-0.05,1.46
2021-06-01,600576,4.67,4.88,4.95,4.67,183350,88386020.0,6.01,4.72,0.22,2.96
2021-06-02,600576,4.88,5.09,5.15,4.81,234689,117398159.0,6.97,4.3,0.21,3.79
2021-06-03,600576,5.07,5.08,5.12,4.94,138196,69858582.0,3.54,-0.2,-0.01,2.23
2021-06-04,600576,5.09,5.08,5.18,5.03,94704,48190827.0,2.95,0.0,0.0,1.53
2021-06-07,600576,5.07,5.12,5.19,4.89,145795,73281660.0,5.91,0.79,0.04,2.35
2021-06-08,600576,5.07,5.13,5.23,5.05,92937,47656300.0,3.52,0.2,0.01,1.5
2021-06-09,600576,5.15,5.24,5.26,5.09,97642,50627648.0,3.31,2.14,0.11,1.58
2021-06-10,600576,5.25,5.57,5.62,5.23,176413,96391695.0,7.44,6.3,0.33,2.85
2021-06-11,600576,5.52,5.4,5.71,5.4,127149,70249706.0,5.57,-3.05,-0.17,2.05
2021-06-15,600576,5.37,5.45,5.48,5.37,79374,43095232.0,2.04,0.93,0.05,1.28
2021-06-16,600576,5.41,5.24,5.48,5.22,76357,40466764.0,4.77,-3.85,-0.21,1.23
2021-06-17,600576,5.25,5.34,5.47,5.25,72499,38890063.0,4.2,1.91,0.1,1.17
2021-06-18,600576,5.31,5.18,5.41,5.16,92550,48655510.0,4.68,-3.0,-0.16,1.49
2021-06-21,600576,5.19,5.38,5.39,5.18,87579,46573957.0,4.05,3.86,0.2,1.41
2021-06-22,600576,5.35,5.27,5.37,5.23,72718,38398235.0,2.6,-2.04,-0.11,1.17
2021-06-23,600576,5.23,5.29,5.44,5.16,83089,43923169.0,5.31,0.38,0.02,1.34
2021-06-24,600576,5.3,5.23,5.37,5.22,78555,41454590.0,2.84,-1.13,-0.06,1.27
2021-06-25,600576,5.22,5.1,5.3,5.07,78762,40343891.0,4.4,-2.49,-0.13,1.27
2021-06-28,600576,5.1,5.24,5.33,5.09,68097,35568415.0,4.71,2.75,0.14,1.1
2021-06-29,600576,5.24,5.13,5.25,5.12,46314,23882348.0,2.48,-2.1,-0.11,0.75
2021-06-30,600576,5.13,5.1,5.18,5.03,45314,23053832.0,2.92,-0.58,-0.03,0.73
2021-07-01,600576,5.11,5.11,5.14,5.06,45675,23258288.0,1.57,0.2,0.01,0.74
2021-07-02,600576,5.09,5.06,5.11,4.98,56997,28755371.0,2.54,-0.98,-0.05,0.92
2021-07-05,600576,5.01,4.96,5.09,4.93,59046,29540606.0,3.16,-1.98,-0.1,0.95
2021-07-06,600576,4.98,5.09,5.15,4.96,59318,30093671.0,3.83,2.62,0.13,0.96
2021-07-07,600576,5.09,5.12,5.28,5.07,61656,31910801.0,4.13,0.59,0.03,1.0
2021-07-08,600576,5.09,4.98,5.16,4.98,58036,29161438.0,3.52,-2.73,-0.14,0.94
2021-07-09,600576,5.01,4.93,5.01,4.91,40925,20236766.0,2.01,-1.0,-0.05,0.66
2021-07-12,600576,4.93,5.03,5.15,4.92,46228,23349852.0,4.67,2.03,0.1,0.75
2021-07-13,600576,5.04,4.97,5.04,4.95,40128,19969076.0,1.79,-1.19,-0.06,0.65
2021-07-14,600576,4.97,4.91,5.0,4.91,32538,16079226.0,1.81,-1.21,-0.06,0.53
2021-07-15,600576,4.92,4.89,4.95,4.74,48984,23603019.0,4.28,-0.41,-0.02,0.79
2021-07-16,600576,4.86,4.84,4.96,4.82,30182,14715179.0,2.86,-1.02,-0.05,0.49
2021-07-19,600576,4.84,4.85,4.91,4.78,29114,14059895.0,2.69,0.21,0.01,0.47
2021-07-20,600576,4.82,4.85,4.87,4.77,18701,9006604.0,2.06,0.0,0.0,0.3
2021-07-21,600576,4.87,5.1,5.22,4.83,87450,44382423.0,8.04,5.15,0.25,1.41
2021-07-22,600576,5.11,5.01,5.12,4.97,53701,26947459.0,2.94,-1.76,-0.09,0.87
2021-07-23,600576,5.01,4.84,5.03,4.84,51758,25318427.0,3.79,-3.39,-0.17,0.84
2021-07-26,600576,4.84,4.82,4.92,4.75,45116,21726267.0,3.51,-0.41,-0.02,0.73
2021-07-27,600576,4.81,4.76,4.86,4.74,54258,25990707.0,2.49,-1.24,-0.06,0.88
2021-07-28,600576,4.74,4.66,4.76,4.43,48001,22212316.0,6.93,-2.1,-0.1,0.77
2021-07-29,600576,4.66,4.65,4.73,4.57,37493,17371855.0,3.43,-0.21,-0.01,0.61
2021-07-30,600576,4.63,4.61,4.64,4.53,41385,18967457.0,2.37,-0.86,-0.04,0.67
2021-08-02,600576,4.63,4.67,4.68,4.53,36484,16866710.0,3.25,1.3,0.06,0.59
2021-08-03,600576,4.66,4.78,4.79,4.64,35903,17016271.0,3.21,2.36,0.11,0.58
2021-08-04,600576,4.78,4.71,4.79,4.66,30696,14449754.0,2.72,-1.46,-0.07,0.5
2021-08-05,600576,4.68,4.64,4.7,4.61,24676,11483167.0,1.91,-1.49,-0.07,0.4
2021-08-06,600576,4.64,4.65,4.67,4.57,19467,8963913.0,2.16,0.22,0.01,0.31
2021-08-09,600576,4.68,4.68,4.73,4.59,27052,12630320.0,3.01,0.65,0.03,0.44
2021-08-10,600576,4.66,4.68,4.72,4.61,33358,15617544.0,2.35,0.0,0.0,0.54
2021-08-11,600576,4.66,4.73,4.79,4.66,31012,14702841.0,2.78,1.07,0.05,0.5
2021-08-12,600576,4.74,4.62,4.8,4.62,36682,17186147.0,3.81,-2.33,-0.11,0.59
2021-08-13,600576,4.61,4.59,4.65,4.54,45358,20808594.0,2.38,-0.65,-0.03,0.73
2021-08-16,600576,4.58,4.58,4.64,4.53,53836,24689756.0,2.4,-0.22,-0.01,0.87
2021-08-17,600576,4.57,4.65,4.85,4.55,105802,49774526.0,6.55,1.53,0.07,1.71
2021-08-18,600576,4.66,4.75,4.78,4.57,59655,27724507.0,4.52,2.15,0.1,0.96
2021-08-19,600576,4.75,4.81,4.88,4.73,67428,32388845.0,3.16,1.26,0.06,1.09
2021-08-20,600576,4.77,4.94,5.1,4.76,94540,46829605.0,7.07,2.7,0.13,1.53
2021-08-23,600576,4.95,4.97,5.0,4.87,56329,27820909.0,2.63,0.61,0.03,0.91
2021-08-24,600576,4.97,5.2,5.23,4.96,95661,48985340.0,5.43,4.63,0.23,1.54
2021-08-25,600576,5.2,5.36,5.55,5.2,120932,64978186.0,6.73,3.08,0.16,1.95
2021-08-26,600576,5.31,5.59,5.63,5.31,126069,69750525.0,5.97,4.29,0.23,2.04
2021-08-27,600576,5.59,5.33,5.61,5.27,109131,59163196.0,6.08,-4.65,-0.26,1.76
2021-08-30,600576,5.25,5.27,5.36,5.05,90868,47278921.0,5.82,-1.13,-0.06,1.47
2021-08-31,600576,5.23,5.26,5.42,5.2,50202,26556165.0,4.17,-0.19,-0.01,0.81
2021-09-01,600576,5.28,5.19,5.36,5.18,45711,23963747.0,3.42,-1.33,-0.07,0.74
2021-09-02,600576,5.21,5.14,5.23,5.09,43465,22340374.0,2.7,-0.96,-0.05,0.7
2021-09-03,600576,5.14,5.43,5.5,5.14,131711,70577401.0,7.0,5.64,0.29,2.13
2021-09-06,600576,5.46,5.5,5.54,5.36,84967,46462220.0,3.31,1.29,0.07,1.37
2021-09-07,600576,5.5,5.56,5.62,5.44,57694,31954703.0,3.27,1.09,0.06,0.93
2021-09-08,600576,5.59,5.6,5.67,5.53,76793,42893794.0,2.52,0.72,0.04,1.24
2021-09-09,600576,5.59,5.61,5.65,5.54,61487,34464914.0,1.96,0.18,0.01,0.99
2021-09-10,600576,5.58,5.49,5.79,5.42,82201,45742940.0,6.6,-2.14,-0.12,1.33
2021-09-13,600576,5.49,5.55,5.58,5.34,60728,33228676.0,4.37,1.09,0.06,0.98
2021-09-14,600576,5.52,5.34,5.62,5.31,44922,24453961.0,5.59,-3.78,-0.21,0.73
2021-09-15,600576,5.3,5.3,5.38,5.24,27504,14531948.0,2.62,-0.75,-0.04,0.44
2021-09-16,600576,5.35,5.24,5.46,5.18,48933,26043911.0,5.28,-1.13,-0.06,0.79
2021-09-17,600576,5.27,5.12,5.27,5.06,37771,19387878.0,4.01,-2.29,-0.12,0.61
2021-09-22,600576,5.01,5.04,5.14,4.97,36640,18435242.0,3.32,-1.56,-0.08,0.59
2021-09-23,600576,5.04,5.07,5.14,5.02,49572,25152955.0,2.38,0.6,0.03,0.8
2021-09-24,600576,5.09,4.92,5.09,4.9,45931,22790712.0,3.75,-2.96,-0.15,0.74
2021-09-27,600576,4.95,4.84,4.98,4.78,48129,23345269.0,4.07,-1.63,-0.08,0.78
2021-09-28,600576,4.84,4.86,4.91,4.75,30218,14604197.0,3.31,0.41,0.02,0.49
2021-09-29,600576,4.85,4.73,4.86,4.72,26205,12484379.0,2.88,-2.67,-0.13,0.42
2021-09-30,600576,4.73,4.93,4.95,4.7,31411,15224656.0,5.29,4.23,0.2,0.51
2021-10-08,600576,4.95,5.04,5.07,4.55,41178,20594730.0,10.55,2.23,0.11,0.66
2021-10-11,600576,5.07,5.05,5.09,4.88,25937,13002245.0,4.17,0.2,0.01,0.42
2021-10-12,600576,5.06,4.93,5.06,4.89,26622,13163852.0,3.37,-2.38,-0.12,0.43
2021-10-13,600576,4.95,4.88,4.98,4.81,22350,10926915.0,3.45,-1.01,-0.05,0.36
2021-10-14,600576,4.88,5.03,5.08,4.81,49813,24810060.0,5.53,3.07,0.15,0.8
2021-10-15,600576,5.0,4.99,5.06,4.94,32177,16063828.0,2.39,-0.8,-0.04,0.52
2021-10-18,600576,4.99,4.89,5.0,4.84,27993,13703902.0,3.21,-2.0,-0.1,0.45
2021-10-19,600576,4.87,4.8,4.89,4.79,23276,11226817.0,2.04,-1.84,-0.09,0.38
2021-10-20,600576,4.79,4.75,4.83,4.72,28297,13453724.0,2.29,-1.04,-0.05,0.46
2021-10-21,600576,4.86,4.69,4.86,4.66,24380,11489029.0,4.21,-1.26,-0.06,0.39
2021-10-22,600576,4.68,4.62,4.69,4.61,18323,8497397.0,1.71,-1.49,-0.07,0.3
2021-10-25,600576,4.61,4.59,4.63,4.55,20303,9306431.0,1.73,-0.65,-0.03,0.33
2021-10-26,600576,4.63,4.6,4.69,4.59,20532,9534831.0,2.18,0.22,0.01,0.33
2021-10-27,600576,4.61,4.7,4.77,4.61,39617,18583394.0,3.48,2.17,0.1,0.64
2021-10-28,600576,4.71,4.6,4.72,4.55,21759,10043361.0,3.62,-2.13,-0.1,0.35
2021-10-29,600576,4.6,4.78,4.81,4.56,30222,14241445.0,5.43,3.91,0.18,0.49
2021-11-01,600576,4.78,4.87,4.9,4.74,40250,19422961.0,3.35,1.88,0.09,0.65
2021-11-02,600576,4.87,4.73,4.91,4.69,34199,16395231.0,4.52,-2.87,-0.14,0.55
2021-11-03,600576,4.74,4.87,4.92,4.71,33033,16014379.0,4.44,2.96,0.14,0.53
2021-11-04,600576,4.85,4.91,4.93,4.83,28390,13853115.0,2.05,0.82,0.04,0.46
2021-11-05,600576,4.92,4.89,4.95,4.85,34267,16800818.0,2.04,-0.41,-0.02,0.55
2021-11-08,600576,4.92,4.89,4.94,4.85,43490,21294850.0,1.84,0.0,0.0,0.7
2021-11-09,600576,4.87,4.85,4.9,4.83,28214,13713935.0,1.43,-0.82,-0.04,0.46
2021-11-10,600576,4.85,4.89,4.92,4.84,28958,14109874.0,1.65,0.82,0.04,0.47
2021-11-11,600576,4.86,4.82,4.91,4.79,64038,31016010.0,2.45,-1.43,-0.07,1.03
2021-11-12,600576,4.8,4.67,4.8,4.66,74913,35212675.0,2.9,-3.11,-0.15,1.21
2021-11-15,600576,4.67,4.7,4.9,4.63,133898,63630290.0,5.78,0.64,0.03,2.16
2021-11-16,600576,4.72,4.63,4.73,4.61,96532,45095309.0,2.55,-1.49,-0.07,1.56
2021-11-17,600576,4.61,4.72,4.72,4.6,90668,42253350.0,2.59,1.94,0.09,1.46
2021-11-18,600576,4.73,4.65,4.75,4.58,130743,61019693.0,3.6,-1.48,-0.07,2.11
2021-11-19,600576,4.88,5.12,5.12,4.73,338154,170229916.0,8.39,10.11,0.47,5.46
2021-11-22,600576,5.35,5.22,5.45,5.03,469348,243801746.0,8.2,1.95,0.1,7.58
2021-11-23,600576,5.08,5.18,5.31,5.03,236810,121438163.0,5.36,-0.77,-0.04,3.82
2021-11-24,600576,5.13,5.09,5.21,5.05,143422,73189531.0,3.09,-1.74,-0.09,2.32
2021-11-25,600576,5.1,5.07,5.16,5.01,139731,70864908.0,2.95,-0.39,-0.02,2.26
2021-11-26,600576,5.05,4.95,5.06,4.89,124291,61478889.0,3.35,-2.37,-0.12,2.01
2021-11-29,600576,4.83,4.78,4.84,4.7,108130,51563078.0,2.83,-3.43,-0.17,1.75
2021-11-30,600576,4.76,4.78,4.83,4.75,58163,27832046.0,1.67,0.0,0.0,0.94
2021-12-01,600576,4.76,5.09,5.14,4.75,186147,92539395.0,8.16,6.49,0.31,3.01
2021-12-02,600576,5.09,4.94,5.13,4.91,119543,59733406.0,4.32,-2.95,-0.15,1.93
2021-12-03,600576,4.95,4.88,5.02,4.87,97162,47855929.0,3.04,-1.21,-0.06,1.57
2021-12-06,600576,4.88,5.03,5.11,4.82,126495,63026952.0,5.94,3.07,0.15,2.04
2021-12-07,600576,5.05,5.15,5.16,4.9,210873,106550500.0,5.17,2.39,0.12,3.4
2021-12-08,600576,5.13,5.12,5.17,5.03,104382,53165407.0,2.72,-0.58,-0.03,1.69
2021-12-09,600576,5.1,5.05,5.13,5.04,76490,38851595.0,1.76,-1.37,-0.07,1.23
2021-12-10,600576,5.12,5.19,5.19,5.02,171001,87720746.0,3.37,2.77,0.14,2.76
2021-12-13,600576,5.21,5.14,5.25,5.12,114174,59053373.0,2.5,-0.96,-0.05,1.84
2021-12-14,600576,5.13,5.28,5.46,5.13,183645,97603681.0,6.42,2.72,0.14,2.96
2021-12-15,600576,5.28,5.29,5.4,5.25,157301,83707471.0,2.84,0.19,0.01,2.54
2021-12-16,600576,5.28,5.5,5.53,5.24,167755,91001841.0,5.48,3.97,0.21,2.71
2021-12-17,600576,5.42,5.39,5.47,5.34,115473,62236442.0,2.36,-2.0,-0.11,1.86
2021-12-20,600576,5.42,5.34,5.46,5.28,110044,58940197.0,3.34,-0.93,-0.05,1.78
2021-12-21,600576,5.3,5.34,5.37,5.26,93573,49754956.0,2.06,0.0,0.0,1.51
2021-12-22,600576,5.36,5.54,5.54,5.32,146472,80115327.0,4.12,3.75,0.2,2.36
2021-12-23,600576,5.5,5.36,5.5,5.33,107696,58158476.0,3.07,-3.25,-0.18,1.74
2021-12-24,600576,5.34,5.23,5.44,5.21,91017,48092964.0,4.29,-2.43,-0.13,1.47
2021-12-27,600576,5.23,5.15,5.3,5.13,74238,38417363.0,3.25,-1.53,-0.08,1.2
2021-12-28,600576,5.18,5.19,5.36,5.17,69929,36680580.0,3.69,0.78,0.04,1.13
2021-12-29,600576,5.18,5.05,5.2,5.02,130353,66476815.0,3.47,-2.7,-0.14,2.1
2021-12-30,600576,5.05,5.14,5.22,5.04,268566,138005632.0,3.56,1.78,0.09,4.34
2021-12-31,600576,5.14,5.03,5.18,5.01,217336,110407842.0,3.31,-2.14,-0.11,3.51
2022-01-04,600576,5.06,5.4,5.46,5.04,324824,172688800.0,8.35,7.36,0.37,5.24
2022-01-05,600576,5.43,5.38,5.53,5.3,209095,112698838.0,4.26,-0.37,-0.02,3.38
2022-01-06,600576,5.3,5.34,5.41,5.28,111314,59406079.0,2.42,-0.74,-0.04,1.8
2022-01-07,600576,5.39,5.23,5.6,5.2,196263,105740230.0,7.49,-2.06,-0.11,3.17
2022-01-10,600576,5.24,5.32,5.34,5.09,120220,63201117.0,4.78,1.72,0.09,1.94
2022-01-11,600576,5.32,5.26,5.4,5.23,110705,58690742.0,3.2,-1.13,-0.06,1.79
2022-01-12,600576,5.28,5.36,5.42,5.23,107493,57433815.0,3.61,1.9,0.1,1.74
2022-01-13,600576,5.33,5.39,5.47,5.33,130586,70594226.0,2.61,0.56,0.03,2.11
2022-01-14,600576,5.41,5.42,5.56,5.3,205094,112141957.0,4.82,0.56,0.03,3.31
2022-01-17,600576,5.42,5.52,5.6,5.35,173208,95289086.0,4.61,1.85,0.1,2.8
2022-01-18,600576,5.53,5.31,5.58,5.29,186414,100630968.0,5.25,-3.8,-0.21,3.01
2022-01-19,600576,5.32,5.53,5.57,5.3,214617,117571604.0,5.08,4.14,0.22,3.46
2022-01-20,600576,5.59,5.43,5.62,5.39,283702,155413698.0,4.16,-1.81,-0.1,4.58
2022-01-21,600576,5.47,5.43,5.56,5.32,164851,89316854.0,4.42,0.0,0.0,2.66
2022-01-24,600576,5.38,5.24,5.38,5.18,129332,68008309.0,3.68,-3.5,-0.19,2.09
2022-01-25,600576,5.2,4.9,5.23,4.9,147998,74496248.0,6.3,-6.49,-0.34,2.39
2022-01-26,600576,4.82,4.94,5.03,4.76,91824,45426529.0,5.51,0.82,0.04,1.48
2022-01-27,600576,4.94,4.88,5.01,4.81,78106,38201535.0,4.05,-1.21,-0.06,1.26
2022-01-28,600576,4.89,5.15,5.34,4.86,159576,81467059.0,9.84,5.53,0.27,2.58
2022-02-07,600576,5.22,5.12,5.24,5.07,85014,43478052.0,3.3,-0.58,-0.03,1.37
2022-02-08,600576,5.1,5.39,5.43,5.07,143563,75576431.0,7.03,5.27,0.27,2.32
2022-02-09,600576,5.37,5.46,5.46,5.29,144709,77937145.0,3.15,1.3,0.07,2.34
2022-02-10,600576,5.43,5.47,5.52,5.35,116364,63081973.0,3.11,0.18,0.01,1.88
2022-02-11,600576,5.45,5.36,5.5,5.35,90673,48889622.0,2.74,-2.01,-0.11,1.46
2022-02-14,600576,5.3,5.9,5.9,5.29,183319,104798318.0,11.38,10.07,0.54,2.96
2022-02-15,600576,6.3,6.03,6.49,5.91,657287,409923728.0,9.83,2.2,0.13,10.61
2022-02-16,600576,6.16,5.72,6.28,5.66,552463,323967408.0,10.28,-5.14,-0.31,8.92
2022-02-17,600576,5.63,5.85,6.07,5.63,424164,248576846.0,7.69,2.27,0.13,6.85
2022-02-18,600576,5.7,6.14,6.37,5.62,470991,281790240.0,12.82,4.96,0.29,7.6
2022-02-21,600576,6.05,6.01,6.06,5.84,352133,209778727.0,3.58,-2.12,-0.13,5.69
2022-02-22,600576,5.91,6.2,6.46,5.86,451233,278652368.0,9.98,3.16,0.19,7.28
2022-02-23,600576,6.11,6.21,6.35,6.06,292668,181128340.0,4.68,0.16,0.01,4.73
2022-02-24,600576,6.15,5.76,6.17,5.6,392614,230272720.0,9.18,-7.25,-0.45,6.34
2022-02-25,600576,5.81,5.71,5.88,5.66,142879,81967528.0,3.82,-0.87,-0.05,2.31
2022-02-28,600576,5.66,5.83,5.85,5.51,156167,89003117.0,5.95,2.1,0.12,2.52
2022-03-01,600576,5.85,5.79,5.92,5.74,98225,57006599.0,3.09,-0.69,-0.04,1.59
2022-03-02,600576,5.72,6.16,6.37,5.72,420972,259776801.0,11.23,6.39,0.37,6.8
2022-03-03,600576,6.12,6.21,6.47,6.05,369295,230605825.0,6.82,0.81,0.05,5.96
2022-03-04,600576,6.22,6.06,6.27,6.06,207631,127507188.0,3.38,-2.42,-0.15,3.35
2022-03-07,600576,6.03,6.01,6.15,5.95,185295,111962881.0,3.3,-0.83,-0.05,2.99
2022-03-08,600576,5.93,6.04,6.23,5.79,297795,180677474.0,7.32,0.5,0.03,4.81
2022-03-09,600576,6.0,6.35,6.35,5.85,437233,269873168.0,8.28,5.13,0.31,7.06
2022-03-10,600576,6.49,6.64,6.93,6.27,507988,337712960.0,10.39,4.57,0.29,8.2
2022-03-11,600576,6.5,6.92,7.25,6.42,590712,408655392.0,12.5,4.22,0.28,9.54
2022-03-14,600576,6.75,6.57,6.93,6.5,396530,264893196.0,6.21,-5.06,-0.35,6.4
2022-03-15,600576,6.5,6.24,6.69,6.15,353768,226422613.0,8.22,-5.02,-0.33,5.71
2022-03-16,600576,6.22,6.74,6.78,6.1,440320,285515696.0,10.9,8.01,0.5,7.11
2022-03-17,600576,6.7,6.56,6.96,6.49,356940,236973396.0,6.97,-2.67,-0.18,5.76
2022-03-18,600576,6.62,6.63,6.75,6.41,211404,139745480.0,5.18,1.07,0.07,3.41
2022-03-21,600576,6.63,6.98,7.07,6.44,391717,266924328.0,9.5,5.28,0.35,6.32
2022-03-22,600576,6.9,7.25,7.56,6.79,470581,339271584.0,11.03,3.87,0.27,7.6
2022-03-23,600576,7.15,7.04,7.21,6.99,245736,174143593.0,3.03,-2.9,-0.21,3.97
2022-03-24,600576,6.99,6.94,7.25,6.85,215331,151802693.0,5.68,-1.42,-0.1,3.48
2022-03-25,600576,6.92,6.72,7.04,6.63,241296,165062073.0,5.91,-3.17,-0.22,3.9
2022-03-28,600576,6.66,6.9,6.94,6.6,175593,119902949.0,5.06,2.68,0.18,2.83
2022-03-29,600576,6.9,6.71,6.91,6.59,175752,118424273.0,4.64,-2.75,-0.19,2.84
2022-03-30,600576,6.72,6.29,6.76,6.1,343900,219386453.0,9.84,-6.26,-0.42,5.55
2022-03-31,600576,6.28,6.18,6.34,6.12,162377,100943439.0,3.5,-1.75,-0.11,2.62
2022-04-01,600576,6.2,6.29,6.46,6.11,137390,86867941.0,5.66,1.78,0.11,2.22
2022-04-06,600576,6.38,6.38,6.58,6.33,155014,99761450.0,3.97,1.43,0.09,2.5
2022-04-07,600576,6.34,6.07,6.36,6.0,171393,105323292.0,5.64,-4.86,-0.31,2.77
2022-04-08,600576,6.09,5.83,6.15,5.75,183373,107490343.0,6.59,-3.95,-0.24,2.96
2022-04-11,600576,5.83,5.67,5.88,5.59,128817,73769379.0,4.97,-2.74,-0.16,2.08
2022-04-12,600576,5.68,5.99,6.04,5.68,175792,103442286.0,6.35,5.64,0.32,2.84
2022-04-13,600576,5.92,5.89,5.98,5.76,101672,59702993.0,3.67,-1.67,-0.1,1.64
2022-04-14,600576,5.86,5.75,5.99,5.72,95883,55925078.0,4.58,-2.38,-0.14,1.55
2022-04-15,600576,5.77,5.59,5.77,5.51,107103,60112368.0,4.52,-2.78,-0.16,1.73
2022-04-18,600576,5.58,5.67,5.73,5.47,61381,34515597.0,4.65,1.43,0.08,0.99
2022-04-19,600576,5.66,5.77,5.8,5.6,66527,38133442.0,3.53,1.76,0.1,1.07
2022-04-20,600576,5.8,5.62,5.8,5.54,97215,54704857.0,4.51,-2.6,-0.15,1.57
2022-04-21,600576,5.62,5.31,5.67,5.28,118626,64278905.0,6.94,-5.52,-0.31,1.92
2022-04-22,600576,5.28,5.19,5.32,5.17,92718,48470530.0,2.82,-2.26,-0.12,1.5
2022-04-25,600576,5.17,4.69,5.17,4.67,144923,70645765.0,9.63,-9.63,-0.5,2.34
2022-04-26,600576,4.66,4.48,4.84,4.48,95415,44213631.0,7.68,-4.48,-0.21,1.54
2022-04-27,600576,4.41,4.66,4.68,4.35,90957,41059890.0,7.37,4.02,0.18,1.47
2022-04-28,600576,4.66,4.74,4.8,4.6,86839,40753702.0,4.29,1.72,0.08,1.4
2022-04-29,600576,4.71,4.85,4.91,4.7,118373,56981191.0,4.43,2.32,0.11,1.91
2022-05-05,600576,4.82,4.78,4.9,4.73,85027,40999746.0,3.51,-1.44,-0.07,1.37
2022-05-06,600576,4.7,4.7,4.74,4.61,68539,32072056.0,2.72,-1.67,-0.08,1.11
2022-05-09,600576,4.67,4.74,4.79,4.65,52194,24769431.0,2.98,0.85,0.04,0.84
2022-05-10,600576,4.73,4.79,4.8,4.65,73900,34976175.0,3.16,1.05,0.05,1.19
2022-05-11,600576,4.87,4.69,4.87,4.68,116878,55932530.0,3.97,-2.09,-0.1,1.89
2022-05-12,600576,4.65,4.76,4.78,4.63,65322,30707191.0,3.2,1.49,0.07,1.05
2022-05-13,600576,4.78,4.87,4.9,4.75,81837,39554768.0,3.15,2.31,0.11,1.32
2022-05-16,600576,4.86,4.98,4.99,4.81,82168,40414258.0,3.7,2.26,0.11,1.33
2022-05-17,600576,4.93,5.01,5.07,4.88,60197,30012581.0,3.82,0.6,0.03,0.97
2022-05-18,600576,5.01,5.13,5.35,4.97,98679,51071308.0,7.58,2.4,0.12,1.59
2022-05-19,600576,5.04,5.2,5.21,5.0,72821,37413173.0,4.09,1.36,0.07,1.18
2022-05-20,600576,5.21,5.24,5.28,5.16,73163,38191673.0,2.31,0.77,0.04,1.18
2022-05-23,600576,5.31,5.45,5.5,5.3,90911,49065049.0,3.82,4.01,0.21,1.47
2022-05-24,600576,5.42,5.21,5.46,5.18,93674,49729856.0,5.14,-4.4,-0.24,1.51
2022-05-25,600576,5.22,5.41,5.45,5.2,73477,39276810.0,4.8,3.84,0.2,1.19
2022-05-26,600576,5.49,5.37,5.49,5.3,61810,33213804.0,3.51,-0.74,-0.04,1.0
2022-05-27,600576,5.39,5.36,5.42,5.27,58221,31076309.0,2.79,-0.19,-0.01,0.94
2022-05-30,600576,5.31,5.24,5.34,5.16,78737,41087540.0,3.36,-2.24,-0.12,1.27
2022-05-31,600576,5.26,5.28,5.4,5.21,54399,28772297.0,3.63,0.76,0.04,0.88
2022-06-01,600576,5.3,5.3,5.39,5.23,50886,27073242.0,3.03,0.38,0.02,0.82
2022-06-02,600576,5.29,5.29,5.35,5.23,57308,30278760.0,2.26,-0.19,-0.01,0.93
2022-06-06,600576,5.28,5.36,5.41,5.25,76644,40956522.0,3.02,1.32,0.07,1.24
2022-06-07,600576,5.33,5.41,5.43,5.29,65920,35364077.0,2.61,0.93,0.05,1.06
2022-06-08,600576,5.42,5.31,5.45,5.21,67334,35722255.0,4.44,-1.85,-0.1,1.09
2022-06-09,600576,5.32,5.21,5.32,5.19,51582,26950346.0,2.45,-1.88,-0.1,0.83
2022-06-10,600576,5.21,5.24,5.31,5.2,40683,21368540.0,2.11,0.58,0.03,0.66
2022-06-13,600576,5.2,5.18,5.27,5.13,48059,24943379.0,2.67,-1.15,-0.06,0.78
2022-06-14,600576,5.18,5.12,5.2,5.02,68957,35129127.0,3.47,-1.16,-0.06,1.11
2022-06-15,600576,5.13,5.15,5.27,5.12,62781,32624585.0,2.93,0.59,0.03,1.01
2022-06-16,600576,5.11,5.32,5.32,5.09,64733,33990237.0,4.47,3.3,0.17,1.05
2022-06-17,600576,5.32,5.19,5.33,5.13,67501,35026065.0,3.76,-2.44,-0.13,1.09
2022-06-20,600576,5.14,5.2,5.24,5.14,47035,24403855.0,1.93,0.19,0.01,0.76
2022-06-21,600576,5.2,5.34,5.47,5.2,80789,43162547.0,5.19,2.69,0.14,1.3
2022-06-22,600576,5.36,5.2,5.36,5.18,51762,27147291.0,3.37,-2.62,-0.14,0.84
2022-06-23,600576,5.16,5.17,5.19,5.1,51543,26505992.0,1.73,-0.58,-0.03,0.83
2022-06-24,600576,5.17,5.21,5.23,5.13,52471,27179869.0,1.93,0.77,0.04,0.85
2022-06-27,600576,5.21,5.29,5.46,5.19,94756,50677623.0,5.18,1.54,0.08,1.53
2022-06-28,600576,5.3,5.41,5.42,5.24,89746,48114717.0,3.4,2.27,0.12,1.45
2022-06-29,600576,5.44,5.27,5.54,5.25,86705,46462801.0,5.36,-2.59,-0.14,1.4
2022-06-30,600576,5.31,5.8,5.8,5.31,250675,141069136.0,9.3,10.06,0.53,4.05
2022-07-01,600576,5.7,5.57,5.82,5.48,254155,142349813.0,5.86,-3.97,-0.23,4.1
2022-07-04,600576,5.53,5.63,5.63,5.42,149702,82579257.0,3.77,1.08,0.06,2.42
2022-07-05,600576,5.57,5.48,5.62,5.46,107146,59192155.0,2.84,-2.66,-0.15,1.73
2022-07-06,600576,5.45,5.37,5.51,5.32,79681,42901666.0,3.47,-2.01,-0.11,1.29
2022-07-07,600576,5.38,5.41,5.42,5.35,48862,26332639.0,1.3,0.74,0.04,0.79
2022-07-08,600576,5.45,5.37,5.49,5.33,56946,30675081.0,2.96,-0.74,-0.04,0.92
2022-07-11,600576,5.33,5.28,5.35,5.22,68899,36388355.0,2.42,-1.68,-0.09,1.11
2022-07-12,600576,5.28,5.12,5.3,5.11,51499,26760818.0,3.6,-3.03,-0.16,0.83
2022-07-13,600576,5.12,5.25,5.27,5.12,47471,24765043.0,2.93,2.54,0.13,0.77
2022-07-14,600576,5.23,5.2,5.25,5.18,32531,16950126.0,1.33,-0.95,-0.05,0.53
2022-07-15,600576,5.18,5.08,5.24,5.06,46518,23925768.0,3.46,-2.31,-0.12,0.75
2022-07-18,600576,5.06,5.13,5.25,4.89,79556,40362259.0,7.09,0.98,0.05,1.28
2022-07-19,600576,5.15,5.24,5.25,5.14,49514,25761663.0,2.14,2.14,0.11,0.8
2022-07-20,600576,5.22,5.2,5.27,5.16,80698,41990323.0,2.1,-0.76,-0.04,1.3
2022-07-21,600576,5.17,5.21,5.31,5.17,66825,34953942.0,2.69,0.19,0.01,1.08
2022-07-22,600576,5.18,5.12,5.26,5.09,54038,27794251.0,3.26,-1.73,-0.09,0.87
2022-07-25,600576,5.14,5.09,5.16,5.07,29655,15155557.0,1.76,-0.59,-0.03,0.48
2022-07-26,600576,5.12,5.18,5.18,5.08,34906,17904904.0,1.96,1.77,0.09,0.56
2022-07-27,600576,5.16,5.08,5.18,5.07,36651,18741923.0,2.12,-1.93,-0.1,0.59
2022-07-28,600576,5.1,5.08,5.14,5.06,39961,20353924.0,1.57,0.0,0.0,0.65
2022-07-29,600576,5.07,5.02,5.11,5.01,38193,19283452.0,1.97,-1.18,-0.06,0.62
2022-08-01,600576,5.02,5.04,5.08,5.01,36392,18304350.0,1.39,0.4,0.02,0.59
2022-08-02,600576,5.0,4.79,5.0,4.75,94053,45398863.0,4.96,-4.96,-0.25,1.52
2022-08-03,600576,4.77,4.76,4.92,4.75,39444,19087149.0,3.55,-0.63,-0.03,0.64
2022-08-04,600576,4.8,4.86,4.87,4.77,31462,15175634.0,2.1,2.1,0.1,0.51
2022-08-05,600576,4.86,4.9,4.91,4.82,28787,13989489.0,1.85,0.82,0.04,0.46
2022-08-08,600576,4.89,4.92,4.94,4.86,19316,9471927.0,1.63,0.41,0.02,0.31
2022-08-09,600576,4.92,4.87,4.92,4.86,22010,10739209.0,1.22,-1.02,-0.05,0.36
2022-08-10,600576,4.87,4.83,4.87,4.79,24996,12053939.0,1.64,-0.82,-0.04,0.4
2022-08-11,600576,4.85,4.96,5.04,4.84,52469,26040040.0,4.14,2.69,0.13,0.85
2022-08-12,600576,4.98,5.02,5.06,4.95,32620,16361673.0,2.22,1.21,0.06,0.53
2022-08-15,600576,5.03,5.03,5.07,4.94,39305,19673955.0,2.59,0.2,0.01,0.63
2022-08-16,600576,5.04,5.11,5.12,5.01,38212,19397472.0,2.19,1.59,0.08,0.62
2022-08-17,600576,5.14,5.14,5.16,5.09,43133,22127457.0,1.37,0.59,0.03,0.7
2022-08-18,600576,5.16,5.13,5.2,5.09,33742,17276893.0,2.14,-0.19,-0.01,0.54
2022-08-19,600576,5.12,5.12,5.28,5.11,88245,45830341.0,3.31,-0.19,-0.01,1.42
2022-08-22,600576,5.12,5.29,5.31,5.06,78481,41048202.0,4.88,3.32,0.17,1.27
2022-08-23,600576,5.35,5.45,5.45,5.26,102565,55084792.0,3.59,3.02,0.16,1.66
2022-08-24,600576,5.47,5.42,5.6,5.38,123248,67441411.0,4.04,-0.55,-0.03,1.99
2022-08-25,600576,5.47,5.38,5.49,5.27,84203,45196744.0,4.06,-0.74,-0.04,1.36
2022-08-26,600576,5.45,5.33,5.48,5.31,51570,27813860.0,3.16,-0.93,-0.05,0.83
2022-08-29,600576,5.3,5.37,5.37,5.25,43565,23152351.0,2.25,0.75,0.04,0.7
2022-08-30,600576,5.41,5.44,5.48,5.35,53480,28944685.0,2.42,1.3,0.07,0.86
2022-08-31,600576,5.4,5.42,5.55,5.36,76241,41538684.0,3.49,-0.37,-0.02,1.23
2022-09-01,600576,5.44,5.39,5.5,5.3,68737,37140946.0,3.69,-0.55,-0.03,1.11
2022-09-02,600576,5.37,5.53,5.58,5.37,109493,60276234.0,3.9,2.6,0.14,1.77
2022-09-05,600576,5.48,5.45,5.51,5.38,61434,33378940.0,2.35,-1.45,-0.08,0.99
2022-09-06,600576,5.45,5.45,5.47,5.35,46603,25234261.0,2.2,0.0,0.0,0.75
2022-09-07,600576,5.42,5.37,5.45,5.34,50088,26882033.0,2.02,-1.47,-0.08,0.81
2022-09-08,600576,5.35,5.47,5.58,5.34,101359,55478536.0,4.47,1.86,0.1,1.64
2022-09-09,600576,5.63,5.88,5.99,5.58,269128,155730108.0,7.5,7.5,0.41,4.34
2022-09-13,600576,5.92,6.17,6.26,5.8,244462,149075283.0,7.82,4.93,0.29,3.95
2022-09-14,600576,6.1,6.08,6.2,5.98,189238,114691736.0,3.57,-1.46,-0.09,3.06
2022-09-16,600576,5.99,5.77,5.99,5.47,225103,128407959.0,8.55,-5.1,-0.31,3.63
2022-09-19,600576,5.6,5.78,5.98,5.53,172729,98848286.0,7.8,0.17,0.01,2.79
2022-09-20,600576,5.79,5.68,5.8,5.58,100596,56936591.0,3.81,-1.73,-0.1,1.62
2022-09-21,600576,5.62,5.64,5.69,5.41,97042,53486850.0,4.93,-0.7,-0.04,1.57
2022-09-22,600576,5.63,5.75,5.87,5.63,108508,62403426.0,4.26,1.95,0.11,1.75
2022-09-23,600576,5.72,5.48,5.8,5.48,82048,46027553.0,5.57,-4.7,-0.27,1.32
2022-09-26,600576,5.48,5.41,5.57,5.35,61157,33502083.0,4.01,-1.28,-0.07,0.99
2022-09-27,600576,5.42,5.66,5.68,5.37,83295,46330248.0,5.73,4.62,0.25,1.34
2022-09-28,600576,5.68,5.47,5.7,5.43,71323,39548787.0,4.77,-3.36,-0.19,1.15
2022-09-29,600576,5.46,5.33,5.56,5.3,67117,36192489.0,4.75,-2.56,-0.14,1.08
2022-09-30,600576,5.34,5.33,5.44,5.24,42169,22527495.0,3.75,0.0,0.0,0.68
2022-10-10,600576,5.4,5.23,5.4,5.12,51191,26794740.0,5.25,-1.88,-0.1,0.83
2022-10-11,600576,5.19,5.3,5.38,5.16,43787,23050100.0,4.21,1.34,0.07,0.71
2022-10-12,600576,5.3,5.52,5.54,5.23,52321,28216799.0,5.85,4.15,0.22,0.84
2022-10-13,600576,5.51,5.43,5.55,5.4,47529,25997379.0,2.72,-1.63,-0.09,0.77
2022-10-14,600576,5.49,5.56,5.58,5.43,75402,41585071.0,2.76,2.39,0.13,1.22
2022-10-17,600576,5.57,5.67,5.78,5.53,74737,42432892.0,4.5,1.98,0.11,1.21
2022-10-18,600576,5.74,5.68,5.75,5.65,56919,32418236.0,1.76,0.18,0.01,0.92
2022-10-19,600576,5.71,5.54,5.72,5.53,44246,24724375.0,3.35,-2.46,-0.14,0.71
2022-10-20,600576,5.53,5.62,5.75,5.51,56816,31936817.0,4.33,1.44,0.08,0.92
2022-10-21,600576,5.59,5.42,5.62,5.4,49663,27364626.0,3.91,-3.56,-0.2,0.8
2022-10-24,600576,5.45,5.25,5.55,5.23,49570,26675147.0,5.9,-3.14,-0.17,0.8
2022-10-25,600576,5.25,5.36,5.37,5.19,40869,21612372.0,3.43,2.1,0.11,0.66
2022-10-26,600576,5.36,5.39,5.45,5.34,42134,22675959.0,2.05,0.56,0.03,0.68
2022-10-27,600576,5.42,5.93,5.93,5.4,161834,94632647.0,9.83,10.02,0.54,2.61
2022-10-28,600576,6.04,5.78,6.15,5.69,262892,155194994.0,7.76,-2.53,-0.15,4.24
2022-10-31,600576,5.76,5.77,5.83,5.65,122841,70388410.0,3.11,-0.17,-0.01,1.98
2022-11-01,600576,5.78,5.93,5.96,5.67,191483,111463526.0,5.03,2.77,0.16,3.09
2022-11-02,600576,5.88,5.91,6.14,5.84,198247,118324752.0,5.06,-0.34,-0.02,3.2
2022-11-03,600576,5.85,5.86,6.02,5.81,97917,57532773.0,3.55,-0.85,-0.05,1.58
2022-11-04,600576,5.87,5.97,6.06,5.82,122433,72992789.0,4.1,1.88,0.11,1.98
2022-11-07,600576,5.95,5.99,6.03,5.9,105300,62852271.0,2.18,0.34,0.02,1.7
2022-11-08,600576,6.0,6.06,6.1,5.91,116131,69652627.0,3.17,1.17,0.07,1.87
2022-11-09,600576,6.01,6.2,6.3,6.0,149298,92136138.0,4.95,2.31,0.14,2.41
2022-11-10,600576,6.2,6.43,6.48,6.08,218978,138082772.0,6.45,3.71,0.23,3.54
2022-11-11,600576,6.44,6.24,6.56,6.24,206669,132046460.0,4.98,-2.95,-0.19,3.34
2022-11-14,600576,6.26,6.15,6.28,6.07,124951,76779462.0,3.37,-1.44,-0.09,2.02
2022-11-15,600576,6.19,6.09,6.22,6.02,104212,63697616.0,3.25,-0.98,-0.06,1.68
2022-11-16,600576,6.15,6.13,6.29,6.11,97690,60499340.0,2.96,0.66,0.04,1.58
2022-11-17,600576,6.19,6.19,6.28,6.08,89152,54896853.0,3.26,0.98,0.06,1.44
2022-11-18,600576,6.2,6.13,6.42,6.12,131678,82458278.0,4.85,-0.97,-0.06,2.13
2022-11-21,600576,6.12,5.99,6.14,5.94,91391,54922172.0,3.26,-2.28,-0.14,1.48
2022-11-22,600576,5.96,5.92,6.06,5.87,77732,46197483.0,3.17,-1.17,-0.07,1.25
2022-11-23,600576,5.89,5.87,5.96,5.79,52816,30939670.0,2.87,-0.84,-0.05,0.85
2022-11-24,600576,5.86,5.78,5.94,5.78,52453,30587807.0,2.73,-1.53,-0.09,0.85
2022-11-25,600576,5.76,6.03,6.08,5.74,131042,77612792.0,5.88,4.33,0.25,2.12
2022-11-28,600576,5.9,5.96,6.03,5.79,97962,57900397.0,3.98,-1.16,-0.07,1.58
2022-11-29,600576,6.0,6.29,6.32,5.93,181952,112789292.0,6.54,5.54,0.33,2.94
2022-11-30,600576,6.27,6.21,6.34,6.13,115273,71546558.0,3.34,-1.27,-0.08,1.86
2022-12-01,600576,6.33,6.1,6.43,6.07,128783,79833847.0,5.8,-1.77,-0.11,2.08
2022-12-02,600576,6.13,6.24,6.31,6.1,93106,57941456.0,3.44,2.3,0.14,1.5
2022-12-05,600576,6.31,6.25,6.35,6.2,78211,48970112.0,2.4,0.16,0.01,1.26
2022-12-06,600576,6.22,6.13,6.38,6.1,100661,62449296.0,4.48,-1.92,-0.12,1.63
2022-12-07,600576,6.1,6.21,6.28,5.94,128353,78324668.0,5.55,1.31,0.08,2.07
2022-12-08,600576,6.22,6.08,6.23,6.04,86868,53091787.0,3.06,-2.09,-0.13,1.4
2022-12-09,600576,6.1,5.98,6.1,5.94,62143,37251737.0,2.63,-1.64,-0.1,1.0
2022-12-12,600576,6.0,5.88,6.01,5.85,57176,33781256.0,2.68,-1.67,-0.1,0.92
2022-12-13,600576,5.88,6.13,6.2,5.86,116116,70728173.0,5.78,4.25,0.25,1.87
2022-12-14,600576,6.13,6.27,6.35,6.05,131610,82094114.0,4.89,2.28,0.14,2.12
2022-12-15,600576,6.31,6.25,6.32,6.12,83969,51963615.0,3.19,-0.32,-0.02,1.36
2022-12-16,600576,6.22,6.22,6.29,6.16,62187,38663283.0,2.08,-0.48,-0.03,1.0
2022-12-19,600576,6.26,6.31,6.37,6.12,142921,89625396.0,4.02,1.45,0.09,2.31
2022-12-20,600576,6.29,6.06,6.29,5.98,104908,63886256.0,4.91,-3.96,-0.25,1.69
2022-12-21,600576,6.08,6.24,6.3,6.0,116858,72557003.0,4.95,2.97,0.18,1.89
2022-12-22,600576,6.24,6.15,6.3,6.14,89809,55849127.0,2.56,-1.44,-0.09,1.45
2022-12-23,600576,6.05,6.34,6.45,6.03,181337,114613727.0,6.83,3.09,0.19,2.93
2022-12-26,600576,6.35,6.49,6.51,6.24,172876,111108340.0,4.26,2.37,0.15,2.79
2022-12-27,600576,6.52,6.47,6.65,6.33,203840,131963493.0,4.93,-0.31,-0.02,3.29
2022-12-28,600576,6.46,7.12,7.12,6.36,306345,213745378.0,11.75,10.05,0.65,4.95
2022-12-29,600576,7.3,7.42,7.83,7.18,707270,534444472.0,9.13,4.21,0.3,11.42
2022-12-30,600576,7.17,7.98,8.1,7.17,600651,455893459.0,12.53,7.55,0.56,9.7
2023-01-03,600576,7.62,7.66,7.79,7.34,442236,334490029.0,5.64,-4.01,-0.32,7.14
2023-01-04,600576,7.53,7.63,7.88,7.44,329185,253022898.0,5.74,-0.39,-0.03,5.31
2023-01-05,600576,7.59,7.53,7.68,7.3,239273,179435992.0,4.98,-1.31,-0.1,3.86
2023-01-06,600576,7.55,7.42,7.58,7.22,243057,179226039.0,4.78,-1.46,-0.11,3.92
2023-01-09,600576,7.38,7.43,7.62,7.3,162198,120925640.0,4.31,0.13,0.01,2.62
2023-01-10,600576,7.4,7.24,7.46,7.16,195460,141868620.0,4.04,-2.56,-0.19,3.16
2023-01-11,600576,7.25,7.02,7.3,6.98,180830,127890166.0,4.42,-3.04,-0.22,2.92
2023-01-12,600576,7.02,6.94,7.08,6.91,109553,76506184.0,2.42,-1.14,-0.08,1.77
2023-01-13,600576,6.98,6.96,7.16,6.9,116765,81892128.0,3.75,0.29,0.02,1.89
2023-01-16,600576,6.96,7.01,7.15,6.87,111572,78225303.0,4.02,0.72,0.05,1.8
2023-01-17,600576,7.0,7.28,7.53,6.97,248180,179700779.0,7.99,3.85,0.27,4.01
2023-01-18,600576,7.33,7.2,7.4,7.09,136703,98682882.0,4.26,-1.1,-0.08,2.21
2023-01-19,600576,7.11,7.06,7.18,7.0,94959,66913564.0,2.5,-1.94,-0.14,1.53
2023-01-20,600576,7.07,7.25,7.28,7.03,121954,87880005.0,3.54,2.69,0.19,1.97
2023-01-30,600576,7.35,7.21,7.4,7.08,134563,96757013.0,4.41,-0.55,-0.04,2.17
2023-01-31,600576,7.16,7.08,7.19,7.0,86559,61220092.0,2.64,-1.8,-0.13,1.4
2023-02-01,600576,7.03,7.27,7.34,7.02,116934,84436841.0,4.52,2.68,0.19,1.89
2023-02-02,600576,7.27,7.3,7.32,7.15,89690,64817675.0,2.34,0.41,0.03,1.45
2023-02-03,600576,7.26,7.39,7.45,7.19,144798,106613778.0,3.56,1.23,0.09,2.34
2023-02-06,600576,7.33,7.16,7.54,7.12,129667,94717341.0,5.68,-3.11,-0.23,2.09
2023-02-07,600576,7.23,7.2,7.3,7.12,61003,43857701.0,2.51,0.56,0.04,0.98
2023-02-08,600576,7.24,7.24,7.42,7.15,94804,68923588.0,3.75,0.56,0.04,1.53
2023-02-09,600576,7.23,7.37,7.5,7.15,115092,84924694.0,4.83,1.8,0.13,1.86
2023-02-10,600576,7.37,7.7,8.0,7.34,248992,191603069.0,8.96,4.48,0.33,4.02
2023-02-13,600576,7.8,7.74,7.83,7.59,130192,100171098.0,3.12,0.52,0.04,2.1
2023-02-14,600576,7.76,7.52,7.8,7.46,125005,94675352.0,4.39,-2.84,-0.22,2.02
2023-02-15,600576,7.52,7.57,7.63,7.46,82786,62376725.0,2.26,0.66,0.05,1.34
2023-02-16,600576,7.53,7.39,7.73,7.36,139191,105228243.0,4.89,-2.38,-0.18,2.25
2023-02-17,600576,7.34,7.16,7.44,7.11,119334,86227576.0,4.47,-3.11,-0.23,1.93
2023-02-20,600576,7.2,7.32,7.32,7.1,83044,59737086.0,3.07,2.23,0.16,1.34
2023-02-21,600576,7.3,7.48,7.5,7.26,85747,63579071.0,3.28,2.19,0.16,1.38
2023-02-22,600576,7.43,7.34,7.47,7.28,53329,39114198.0,2.54,-1.87,-0.14,0.86
2023-02-23,600576,7.35,7.37,7.39,7.26,46488,34034553.0,1.77,0.41,0.03,0.75
2023-02-24,600576,7.37,7.53,7.67,7.34,117970,88489607.0,4.48,2.17,0.16,1.9
2023-02-27,600576,7.46,7.53,7.6,7.32,73655,54954163.0,3.72,0.0,0.0,1.19
2023-02-28,600576,7.56,7.67,7.68,7.47,78809,59902166.0,2.79,1.86,0.14,1.27
2023-03-01,600576,7.66,7.74,7.8,7.58,102031,78810595.0,2.87,0.91,0.07,1.65
2023-03-02,600576,7.78,7.78,7.83,7.63,82211,63510309.0,2.58,0.52,0.04,1.33
2023-03-03,600576,7.75,8.29,8.55,7.71,218298,177181641.0,10.8,6.56,0.51,3.52
2023-03-06,600576,8.21,8.34,8.66,8.15,154514,129390650.0,6.15,0.6,0.05,2.49
2023-03-07,600576,8.29,7.94,8.37,7.93,120248,97588245.0,5.28,-4.8,-0.4,1.94
2023-03-08,600576,7.95,8.05,8.16,7.9,84766,68173265.0,3.27,1.39,0.11,1.37
2023-03-09,600576,8.14,8.07,8.24,7.92,80321,65006731.0,3.98,0.25,0.02,1.3
2023-03-10,600576,7.96,8.05,8.17,7.95,62807,50623761.0,2.73,-0.25,-0.02,1.01
2023-03-13,600576,7.97,8.0,8.05,7.7,95899,75574110.0,4.35,-0.62,-0.05,1.55
2023-03-14,600576,8.01,7.8,8.05,7.77,56786,44695245.0,3.5,-2.5,-0.2,0.92
2023-03-15,600576,7.87,7.95,8.15,7.82,65780,52480560.0,4.23,1.92,0.15,1.06
2023-03-16,600576,7.88,7.89,8.02,7.83,46320,36632661.0,2.39,-0.75,-0.06,0.75
2023-03-17,600576,8.02,8.15,8.2,7.96,91761,74379964.0,3.04,3.3,0.26,1.48
2023-03-20,600576,8.13,8.08,8.3,8.03,87303,71343463.0,3.31,-0.86,-0.07,1.41
2023-03-21,600576,8.05,8.31,8.34,8.0,85765,70524152.0,4.21,2.85,0.23,1.38
2023-03-22,600576,8.31,8.2,8.35,8.16,71768,58947617.0,2.29,-1.32,-0.11,1.16
2023-03-23,600576,8.24,8.13,8.24,8.06,70807,57383173.0,2.2,-0.85,-0.07,1.14
2023-03-24,600576,8.16,8.0,8.28,7.99,91495,74292064.0,3.57,-1.6,-0.13,1.48
2023-03-27,600576,7.94,7.84,7.97,7.8,94587,74375298.0,2.13,-2.0,-0.16,1.53
2023-03-28,600576,7.8,7.69,7.91,7.55,78084,60640281.0,4.59,-1.91,-0.15,1.26
2023-03-29,600576,7.69,7.72,7.78,7.61,61685,47475594.0,2.21,0.39,0.03,1.0
2023-03-30,600576,7.68,7.56,7.76,7.45,96049,72756133.0,4.02,-2.07,-0.16,1.55
2023-03-31,600576,7.58,7.85,7.88,7.51,86088,66395792.0,4.89,3.84,0.29,1.39
2023-04-03,600576,7.86,8.16,8.23,7.84,136322,110131002.0,4.97,3.95,0.31,2.2
2023-04-04,600576,8.21,8.1,8.33,8.08,104037,85179807.0,3.06,-0.74,-0.06,1.68
2023-04-06,600576,8.04,7.81,8.11,7.8,79329,62771592.0,3.83,-3.58,-0.29,1.28
2023-04-07,600576,7.79,7.91,8.0,7.73,90312,71088788.0,3.46,1.28,0.1,1.46
2023-04-10,600576,8.15,7.82,8.15,7.75,81258,64202028.0,5.06,-1.14,-0.09,1.31
2023-04-11,600576,7.8,8.16,8.2,7.71,144974,117183600.0,6.27,4.35,0.34,2.34
2023-04-12,600576,8.17,8.38,8.39,8.11,172008,142189421.0,3.43,2.7,0.22,2.78
2023-04-13,600576,8.38,8.48,8.62,8.26,212373,179461252.0,4.3,1.19,0.1,3.43
2023-04-14,600576,8.48,8.15,8.55,8.01,162522,133297653.0,6.37,-3.89,-0.33,2.62
2023-04-17,600576,8.08,7.96,8.14,7.94,111898,89664031.0,2.45,-2.33,-0.19,1.81
2023-04-18,600576,7.96,8.08,8.2,7.81,114521,92100547.0,4.9,1.51,0.12,1.85
2023-04-19,600576,8.05,8.33,8.5,8.03,234484,195170233.0,5.82,3.09,0.25,3.79
2023-04-20,600576,8.2,8.28,8.33,8.1,93005,76307800.0,2.76,-0.6,-0.05,1.5
2023-04-21,600576,8.4,8.33,8.81,8.29,259472,221517430.0,6.28,0.6,0.05,4.19
2023-04-24,600576,8.39,8.89,9.16,8.12,408659,353604507.0,12.48,6.72,0.56,6.6
2023-04-25,600576,8.89,9.26,9.32,8.6,433663,391181975.0,8.1,4.16,0.37,7.0
2023-04-26,600576,9.02,9.04,9.56,8.73,348328,315285227.0,8.96,-2.38,-0.22,5.62
2023-04-27,600576,8.94,8.43,8.94,8.31,257262,222906800.0,6.97,-6.75,-0.61,4.15
2023-04-28,600576,8.36,8.81,8.93,8.36,218347,190328087.0,6.76,4.51,0.38,3.53
2023-05-04,600576,8.7,8.97,9.07,8.44,307877,268749574.0,7.15,1.82,0.16,4.97
2023-05-05,600576,8.85,8.75,8.92,8.56,182303,159112029.0,4.01,-2.45,-0.22,2.94
2023-05-08,600576,8.76,8.69,8.76,8.42,150117,129125243.0,3.89,-0.69,-0.06,2.42
2023-05-09,600576,8.62,9.28,9.37,8.5,345089,311226878.0,10.01,6.79,0.59,5.57
2023-05-10,600576,9.14,9.15,9.51,8.93,236439,217866211.0,6.25,-1.4,-0.13,3.82
2023-05-11,600576,9.05,9.79,10.05,9.03,454958,439640934.0,11.15,6.99,0.64,7.35
2023-05-12,600576,9.66,9.16,9.67,9.03,300359,278723288.0,6.54,-6.44,-0.63,4.85
2023-05-15,600576,9.06,9.38,9.56,9.06,233884,218728263.0,5.46,2.4,0.22,3.78
2023-05-16,600576,9.2,9.34,9.76,8.91,281539,262894402.0,9.06,-0.43,-0.04,4.55
2023-05-17,600576,9.12,9.12,9.41,8.98,186882,170698642.0,4.6,-2.36,-0.22,3.02
2023-05-18,600576,9.2,9.03,9.2,8.95,128318,116059231.0,2.74,-0.99,-0.09,2.07
2023-05-19,600576,9.02,9.21,9.35,8.71,185182,168601444.0,7.09,1.99,0.18,2.99
2023-05-22,600576,9.18,9.22,9.5,9.05,103774,95894137.0,4.89,0.11,0.01,1.68
2023-05-23,600576,9.13,8.9,9.4,8.9,122060,111676466.0,5.42,-3.47,-0.32,1.97
2023-05-24,600576,8.8,8.51,8.98,8.49,215833,186830016.0,5.51,-4.38,-0.39,3.48
2023-05-25,600576,8.53,8.32,8.58,8.04,186481,154128827.0,6.35,-2.23,-0.19,3.01
2023-05-26,600576,8.33,8.26,8.44,8.13,88928,73681858.0,3.73,-0.72,-0.06,1.44
2023-05-29,600576,8.27,8.15,8.35,8.11,89307,73357703.0,2.91,-1.33,-0.11,1.44
2023-05-30,600576,8.16,8.35,8.39,8.05,93744,77384117.0,4.17,2.45,0.2,1.51
2023-05-31,600576,8.25,8.31,8.45,8.25,76084,63366399.0,2.4,-0.48,-0.04,1.23
2023-06-01,600576,8.26,8.61,8.71,8.26,139251,119421789.0,5.42,3.61,0.3,2.25
2023-06-02,600576,8.62,8.58,8.71,8.5,91953,79110528.0,2.44,-0.35,-0.03,1.48
2023-06-05,600576,8.55,8.79,8.8,8.51,99334,86602505.0,3.38,2.45,0.21,1.6
2023-06-06,600576,8.72,9.06,9.59,8.67,287761,265151957.0,10.47,3.07,0.27,4.65
2023-06-07,600576,9.12,9.16,9.2,8.87,171139,155843526.0,3.64,1.1,0.1,2.76
2023-06-08,600576,9.1,8.92,9.13,8.8,123268,110191411.0,3.6,-2.62,-0.24,1.99
2023-06-09,600576,8.98,9.0,9.05,8.71,111281,98839210.0,3.81,0.9,0.08,1.8
2023-06-12,600576,8.93,8.98,9.09,8.84,71339,63829242.0,2.78,-0.22,-0.02,1.15
2023-06-13,600576,8.95,9.08,9.24,8.94,99414,90534499.0,3.34,1.11,0.1,1.6
2023-06-14,600576,9.08,9.02,9.21,8.96,97447,88369764.0,2.75,-0.66,-0.06,1.57
2023-06-15,600576,8.99,8.85,9.13,8.84,102595,92082361.0,3.22,-1.88,-0.17,1.66
2023-06-16,600576,8.86,8.73,8.94,8.69,122423,107714186.0,2.82,-1.36,-0.12,1.98
2023-06-19,600576,8.74,8.67,8.77,8.56,84381,73015039.0,2.41,-0.69,-0.06,1.36
2023-06-20,600576,8.67,8.66,8.78,8.57,61669,53438466.0,2.42,-0.12,-0.01,1.0
2023-06-21,600576,8.61,8.28,8.7,8.27,116119,97800100.0,4.97,-4.39,-0.38,1.87
2023-06-26,600576,8.18,8.0,8.28,7.87,127661,102741977.0,4.95,-3.38,-0.28,2.06
2023-06-27,600576,7.91,8.09,8.18,7.89,63955,51671688.0,3.63,1.13,0.09,1.03
2023-06-28,600576,8.08,8.03,8.1,7.65,121506,95477341.0,5.56,-0.74,-0.06,1.96
2023-06-29,600576,8.03,8.08,8.2,7.95,62803,50895996.0,3.11,0.62,0.05,1.01
2023-06-30,600576,8.08,7.97,8.08,7.84,136325,108576627.0,2.97,-1.36,-0.11,2.03
2023-07-03,600576,7.96,8.09,8.09,7.88,74680,59770211.0,2.63,1.51,0.12,1.11
2023-07-04,600576,8.05,8.23,8.41,8.05,118453,97399265.0,4.45,1.73,0.14,1.76
2023-07-05,600576,8.28,8.06,8.28,8.06,57773,46985052.0,2.67,-2.07,-0.17,0.86
2023-07-06,600576,8.04,8.08,8.13,7.99,49480,39845711.0,1.74,0.25,0.02,0.74
2023-07-07,600576,8.01,7.98,8.05,7.8,54932,43602722.0,3.09,-1.24,-0.1,0.82
2023-07-10,600576,8.0,8.09,8.19,8.0,49803,40486442.0,2.38,1.38,0.11,0.74
2023-07-11,600576,8.08,8.15,8.17,8.0,43903,35564848.0,2.1,0.74,0.06,0.65
2023-07-12,600576,8.19,8.08,8.21,8.05,45161,36547836.0,1.96,-0.86,-0.07,0.67
2023-07-13,600576,8.33,8.22,8.4,8.14,127897,105315421.0,3.22,1.73,0.14,1.9
2023-07-14,600576,8.22,8.06,8.26,8.0,115576,93338979.0,3.16,-1.95,-0.16,1.72
2023-07-17,600576,8.0,8.06,8.09,7.88,64448,51717568.0,2.61,0.0,0.0,0.96
2023-07-18,600576,8.06,7.93,8.08,7.93,59390,47495633.0,1.86,-1.61,-0.13,0.88
2023-07-19,600576,7.93,8.04,8.11,7.92,52467,42166643.0,2.4,1.39,0.11,0.78
2023-07-20,600576,8.02,8.04,8.17,7.94,83216,67189097.0,2.86,0.0,0.0,1.24
2023-07-21,600576,8.1,8.05,8.26,8.0,90457,73135751.0,3.23,0.12,0.01,1.34
2023-07-24,600576,8.08,7.96,8.1,7.93,55935,44669253.0,2.11,-1.12,-0.09,0.83
2023-07-25,600576,8.02,8.06,8.09,7.95,67165,54041106.0,1.76,1.26,0.1,1.0
2023-07-26,600576,8.01,7.94,8.06,7.92,60489,48154466.0,1.74,-1.49,-0.12,0.9
2023-07-27,600576,7.95,7.75,7.96,7.61,120456,93458743.0,4.41,-2.39,-0.19,1.79
2023-07-28,600576,7.7,7.67,7.76,7.47,119503,91417421.0,3.74,-1.03,-0.08,1.78
2023-07-31,600576,7.67,7.76,7.78,7.58,122658,94138159.0,2.61,1.17,0.09,1.82
2023-08-01,600576,8.18,8.09,8.38,7.99,285991,233639213.0,5.03,4.25,0.33,4.25
2023-08-02,600576,7.9,7.79,7.9,7.66,173544,134777121.0,2.97,-3.71,-0.3,2.58
2023-08-03,600576,7.7,7.76,7.86,7.7,68641,53370590.0,2.05,-0.39,-0.03,1.02
2023-08-04,600576,7.67,7.81,7.85,7.67,76342,59346786.0,2.32,0.64,0.05,1.13
2023-08-07,600576,7.81,7.99,8.04,7.78,116100,91792022.0,3.33,2.3,0.18,1.72
2023-08-08,600576,7.97,8.0,8.05,7.93,69442,55522131.0,1.5,0.13,0.01,1.03
2023-08-09,600576,7.99,7.87,8.08,7.86,64195,51037742.0,2.75,-1.63,-0.13,0.95
2023-08-10,600576,7.84,7.91,8.02,7.82,55056,43715556.0,2.54,0.51,0.04,0.82
2023-08-11,600576,7.94,7.82,8.05,7.81,66552,52642512.0,3.03,-1.14,-0.09,0.99
2023-08-14,600576,7.79,7.94,7.98,7.75,70577,55762245.0,2.94,1.53,0.12,1.05
2023-08-15,600576,7.94,7.85,7.98,7.8,49807,39263963.0,2.27,-1.13,-0.09,0.74
2023-08-16,600576,7.87,7.77,7.88,7.75,35261,27491821.0,1.66,-1.02,-0.08,0.52
2023-08-17,600576,7.78,7.8,7.83,7.65,39866,30857926.0,2.32,0.39,0.03,0.59
2023-08-18,600576,7.8,7.64,7.84,7.64,43481,33603707.0,2.56,-2.05,-0.16,0.65
2023-08-21,600576,7.53,7.63,7.77,7.53,42421,32563656.0,3.14,-0.13,-0.01,0.63
2023-08-22,600576,7.7,7.87,7.89,7.68,90061,70342556.0,2.75,3.15,0.24,1.34
2023-08-23,600576,7.92,7.86,7.94,7.77,57807,45501050.0,2.16,-0.13,-0.01,0.86
2023-08-24,600576,7.87,8.1,8.2,7.86,143387,115622947.0,4.33,3.05,0.24,2.13
2023-08-25,600576,8.1,7.62,8.14,7.6,136725,106856578.0,6.67,-5.93,-0.48,2.03
2023-08-28,600576,8.1,7.59,8.1,7.57,99108,76641765.0,6.96,-0.39,-0.03,1.47
2023-08-29,600576,7.59,7.82,7.84,7.57,75113,57968040.0,3.56,3.03,0.23,1.12
2023-08-30,600576,7.84,7.95,7.96,7.8,92536,72972788.0,2.05,1.66,0.13,1.37
2023-08-31,600576,7.95,7.77,7.95,7.72,64520,50166578.0,2.89,-2.26,-0.18,0.96
2023-09-01,600576,7.76,7.93,8.05,7.76,95852,75811201.0,3.73,2.06,0.16,1.42
2023-09-04,600576,7.94,8.05,8.12,7.93,122128,98065703.0,2.4,1.51,0.12,1.81
2023-09-05,600576,8.03,7.89,8.03,7.87,79635,63131759.0,1.99,-1.99,-0.16,1.18
2023-09-06,600576,7.86,7.82,7.88,7.77,54116,42264776.0,1.39,-0.89,-0.07,0.8
2023-09-07,600576,7.83,7.88,8.05,7.8,129445,102698088.0,3.2,0.77,0.06,1.92
2023-09-08,600576,7.8,7.78,7.88,7.65,94926,73184779.0,2.92,-1.27,-0.1,1.41
2023-09-11,600576,7.72,7.79,7.79,7.68,78442,60691249.0,1.41,0.13,0.01,1.17
2023-09-12,600576,7.75,7.68,7.78,7.65,66280,51024545.0,1.67,-1.41,-0.11,0.98
2023-09-13,600576,7.63,7.67,7.73,7.62,43088,33029908.0,1.43,-0.13,-0.01,0.64
2023-09-14,600576,7.65,7.69,7.69,7.53,62174,47304640.0,2.09,0.26,0.02,0.92
2023-09-15,600576,7.7,7.79,7.89,7.69,113200,88231644.0,2.6,1.3,0.1,1.68
2023-09-18,600576,7.8,7.89,7.99,7.77,104551,82269483.0,2.82,1.28,0.1,1.55
2023-09-19,600576,7.86,7.73,7.87,7.67,83740,64767259.0,2.53,-2.03,-0.16,1.24
2023-09-20,600576,7.71,7.56,7.72,7.55,60692,46039814.0,2.2,-2.2,-0.17,0.9
2023-09-21,600576,7.61,7.59,7.62,7.5,44227,33398797.0,1.59,0.4,0.03,0.66
2023-09-22,600576,7.59,7.67,7.67,7.52,45713,34826353.0,1.98,1.05,0.08,0.68
2023-09-25,600576,7.69,7.62,7.69,7.55,43213,32831600.0,1.83,-0.65,-0.05,0.64
2023-09-26,600576,7.56,7.63,7.65,7.39,66494,50309847.0,3.41,0.13,0.01,0.99
2023-09-27,600576,7.63,7.53,7.63,7.4,68569,51430682.0,3.01,-1.31,-0.1,1.02
2023-09-28,600576,7.5,7.49,7.55,7.46,41923,31469609.0,1.2,-0.53,-0.04,0.62
2023-10-09,600576,7.44,6.98,7.44,6.97,106460,75675182.0,6.28,-6.81,-0.51,1.58
2023-10-10,600576,6.97,7.0,7.12,6.97,54923,38717831.0,2.15,0.29,0.02,0.82
2023-10-11,600576,7.0,7.12,7.2,6.91,72597,51420952.0,4.14,1.71,0.12,1.08
2023-10-12,600576,7.08,7.15,7.21,6.97,75815,53562966.0,3.37,0.42,0.03,1.13
2023-10-13,600576,7.11,7.15,7.22,7.06,45182,32329216.0,2.24,0.0,0.0,0.67
2023-10-16,600576,7.17,6.98,7.17,6.96,36180,25438488.0,2.94,-2.38,-0.17,0.54
2023-10-17,600576,7.06,7.01,7.07,6.98,22409,15706950.0,1.29,0.43,0.03,0.33
2023-10-18,600576,6.99,7.01,7.02,6.88,34277,23809480.0,2.0,0.0,0.0,0.51
2023-10-19,600576,6.95,6.91,7.07,6.91,30870,21542769.0,2.28,-1.43,-0.1,0.46
2023-10-20,600576,6.86,6.84,6.92,6.8,35858,24586779.0,1.74,-1.01,-0.07,0.53
2023-10-23,600576,6.85,6.72,6.86,6.68,46385,31399616.0,2.63,-1.75,-0.12,0.69
2023-10-24,600576,6.75,6.92,6.94,6.72,37115,25512124.0,3.27,2.98,0.2,0.55
2023-10-25,600576,6.93,7.06,7.09,6.93,38081,26788684.0,2.31,2.02,0.14,0.57
2023-10-26,600576,7.03,7.06,7.07,6.98,26995,18956244.0,1.27,0.0,0.0,0.4
2023-10-27,600576,7.0,7.06,7.11,7.0,23974,16943341.0,1.56,0.0,0.0,0.36
2023-10-30,600576,7.1,7.39,7.58,7.06,85901,62490662.0,7.37,4.67,0.33,1.28
2023-10-31,600576,7.26,7.23,7.39,7.15,74848,54126850.0,3.25,-2.17,-0.16,1.11
2023-11-01,600576,7.22,7.3,7.4,7.18,59420,43479345.0,3.04,0.97,0.07,0.88
2023-11-02,600576,7.26,7.45,7.55,7.22,112260,83850452.0,4.52,2.05,0.15,1.67
2023-11-03,600576,7.35,7.39,7.49,7.2,70700,52282613.0,3.89,-0.81,-0.06,1.05
2023-11-06,600576,7.39,7.5,7.55,7.34,78529,58832052.0,2.84,1.49,0.11,1.17
2023-11-07,600576,7.54,7.47,7.55,7.4,59040,44081955.0,2.0,-0.4,-0.03,0.88
2023-11-08,600576,7.45,7.59,7.62,7.42,71182,53872421.0,2.68,1.61,0.12,1.06
2023-11-09,600576,7.56,7.48,7.6,7.47,50785,38171670.0,1.71,-1.45,-0.11,0.75
2023-11-10,600576,7.48,7.43,7.53,7.4,61366,45656947.0,1.74,-0.67,-0.05,0.91
2023-11-13,600576,7.45,7.49,7.54,7.44,34985,26206421.0,1.35,0.81,0.06,0.52
2023-11-14,600576,7.5,7.49,7.54,7.44,28236,21145233.0,1.34,0.0,0.0,0.42
2023-11-15,600576,7.5,7.35,7.59,7.3,73874,54689337.0,3.87,-1.87,-0.14,1.1
2023-11-16,600576,7.35,7.41,7.48,7.3,60341,44731617.0,2.45,0.82,0.06,0.9
2023-11-17,600576,7.42,7.46,7.53,7.37,59888,44636444.0,2.16,0.67,0.05,0.89
2023-11-20,600576,7.46,7.51,7.55,7.4,51119,38269444.0,2.01,0.67,0.05,0.76
2023-11-21,600576,7.5,7.59,7.63,7.5,77651,58860006.0,1.73,1.07,0.08,1.15
2023-11-22,600576,7.55,7.64,7.71,7.51,73791,56471720.0,2.64,0.66,0.05,1.1
2023-11-23,600576,7.61,7.53,7.63,7.41,60299,45290079.0,2.88,-1.44,-0.11,0.9
2023-11-24,600576,7.56,7.48,7.62,7.45,42235,31807775.0,2.26,-0.66,-0.05,0.63
2023-11-27,600576,7.54,7.47,7.61,7.42,45844,34280911.0,2.54,-0.13,-0.01,0.68
2023-11-28,600576,7.46,7.45,7.51,7.37,37925,28237318.0,1.87,-0.27,-0.02,0.56
2023-11-29,600576,7.46,7.46,7.54,7.43,45677,34215497.0,1.48,0.13,0.01,0.68
2023-11-30,600576,7.46,7.47,7.53,7.43,37456,28005271.0,1.34,0.13,0.01,0.56
2023-12-01,600576,7.46,7.67,7.68,7.44,109435,83465632.0,3.21,2.68,0.2,1.63
2023-12-04,600576,7.62,7.83,7.86,7.62,92372,71815267.0,3.13,2.09,0.16,1.37
2023-12-05,600576,7.82,7.75,7.87,7.75,80432,62827918.0,1.53,-1.02,-0.08,1.19
2023-12-06,600576,7.72,7.9,7.95,7.66,92426,72427960.0,3.74,1.94,0.15,1.37
2023-12-07,600576,7.86,7.94,7.99,7.86,86292,68313928.0,1.65,0.51,0.04,1.28
2023-12-08,600576,7.94,7.9,7.95,7.81,85170,67226160.0,1.76,-0.5,-0.04,1.27
2023-12-11,600576,7.84,7.97,7.99,7.79,86122,68345992.0,2.53,0.89,0.07,1.28
2023-12-12,600576,7.98,7.95,8.03,7.91,60933,48520475.0,1.51,-0.25,-0.02,0.91
2023-12-13,600576,7.98,7.88,8.02,7.87,62882,49935327.0,1.89,-0.88,-0.07,0.93
2023-12-14,600576,7.88,7.86,7.97,7.83,75167,59277134.0,1.78,-0.25,-0.02,1.12
2023-12-15,600576,7.86,7.95,8.01,7.84,73021,57952535.0,2.16,1.15,0.09,1.08
2023-12-18,600576,7.87,7.85,7.95,7.79,64480,50696853.0,2.01,-1.26,-0.1,0.96
2023-12-19,600576,7.75,7.96,8.11,7.72,144950,115343452.0,4.97,1.4,0.11,2.15
2023-12-20,600576,7.93,7.68,7.93,7.68,117304,90930260.0,3.14,-3.52,-0.28,1.74
2023-12-21,600576,7.69,7.8,7.82,7.61,73171,56700664.0,2.73,1.56,0.12,1.09
2023-12-22,600576,7.77,7.46,7.8,7.42,109280,82279980.0,4.87,-4.36,-0.34,1.62
2023-12-25,600576,7.45,7.42,7.54,7.25,87693,64538582.0,3.89,-0.54,-0.04,1.3
2023-12-26,600576,7.46,7.27,7.46,7.21,51990,37917206.0,3.37,-2.02,-0.15,0.77
2023-12-27,600576,7.31,7.25,7.34,7.16,49876,36073769.0,2.48,-0.28,-0.02,0.74
2023-12-28,600576,7.22,7.29,7.35,7.13,67691,49228908.0,3.03,0.55,0.04,1.01
2023-12-29,600576,7.27,7.44,7.48,7.25,75099,55502027.0,3.16,2.06,0.15,1.12
2024-01-02,600576,7.44,7.52,7.58,7.39,73495,55319101.0,2.55,1.08,0.08,1.09
2024-01-03,600576,7.53,7.58,7.64,7.48,56240,42543671.0,2.13,0.8,0.06,0.84
2024-01-04,600576,7.58,7.59,7.67,7.49,50542,38289603.0,2.37,0.13,0.01,0.75
2024-01-05,600576,7.56,7.47,7.61,7.4,49931,37577089.0,2.77,-1.58,-0.12,0.74
2024-01-08,600576,7.45,7.38,7.49,7.37,50284,37379222.0,1.61,-1.2,-0.09,0.75
2024-01-09,600576,7.38,7.38,7.48,7.3,49128,36317456.0,2.44,0.0,0.0,0.73
2024-01-10,600576,7.38,7.2,7.38,7.2,48611,35241468.0,2.44,-2.44,-0.18,0.72
2024-01-11,600576,7.2,7.09,7.28,7.07,71613,51126892.0,2.92,-1.53,-0.11,1.06
2024-01-12,600576,7.1,7.1,7.24,7.06,60305,43104143.0,2.54,0.14,0.01,0.9
2024-01-15,600576,7.1,7.3,7.4,7.09,81648,59478127.0,4.37,2.82,0.2,1.21
2024-01-16,600576,7.28,7.24,7.33,7.14,70175,50623252.0,2.6,-0.82,-0.06,1.04
2024-01-17,600576,7.19,7.0,7.23,6.99,52411,36978270.0,3.31,-3.31,-0.24,0.78
2024-01-18,600576,6.95,7.01,7.06,6.66,110413,75423328.0,5.71,0.14,0.01,1.64
2024-01-19,600576,6.96,7.02,7.14,6.93,72066,50593140.0,3.0,0.14,0.01,1.07
2024-01-22,600576,6.98,6.44,7.05,6.4,100993,67317429.0,9.26,-8.26,-0.58,1.5
2024-01-23,600576,6.5,6.72,6.95,6.46,130617,87646924.0,7.61,4.35,0.28,1.94
2024-01-24,600576,6.72,6.71,6.84,6.43,96049,63483094.0,6.1,-0.15,-0.01,1.43
2024-01-25,600576,6.68,6.96,7.03,6.58,94266,64330418.0,6.71,3.73,0.25,1.4
2024-01-26,600576,6.98,6.95,7.1,6.93,87442,61345278.0,2.44,-0.14,-0.01,1.3
2024-01-29,600576,6.96,6.65,7.0,6.62,71320,48063985.0,5.47,-4.32,-0.3,1.06
2024-01-30,600576,6.58,6.43,6.65,6.42,60805,39823728.0,3.46,-3.31,-0.22,0.9
2024-01-31,600576,6.37,6.19,6.52,6.18,69523,44033315.0,5.29,-3.73,-0.24,1.03
2024-02-01,600576,6.18,6.09,6.29,5.91,89595,54318192.0,6.14,-1.62,-0.1,1.33
2024-02-02,600576,6.05,6.01,6.27,5.61,102843,61375194.0,10.84,-1.31,-0.08,1.53
2024-02-05,600576,5.81,5.41,5.89,5.41,135241,73986470.0,7.99,-9.98,-0.6,2.01
2024-02-06,600576,5.37,5.46,5.66,4.88,186602,97060036.0,14.42,0.92,0.05,2.77
2024-02-07,600576,5.46,5.53,5.57,5.31,118827,64799450.0,4.76,1.28,0.07,1.77
2024-02-08,600576,5.55,5.81,5.93,5.49,175367,99991756.0,7.96,5.06,0.28,2.61
2024-02-19,600576,5.98,6.08,6.1,5.8,170957,102209504.0,5.16,4.65,0.27,2.54
2024-02-20,600576,6.07,6.13,6.16,5.95,79348,48159674.0,3.45,0.82,0.05,1.18
2024-02-21,600576,6.1,6.16,6.33,6.0,99101,61497756.0,5.38,0.49,0.03,1.47
2024-02-22,600576,6.16,6.24,6.26,6.1,69055,42819759.0,2.6,1.3,0.08,1.03
2024-02-23,600576,6.24,6.45,6.46,6.18,85672,54155427.0,4.49,3.37,0.21,1.27
2024-02-26,600576,6.45,6.4,6.52,6.33,93706,60307208.0,2.95,-0.78,-0.05,1.39
2024-02-27,600576,6.36,6.47,6.51,6.29,86036,55547794.0,3.44,1.09,0.07,1.28
2024-02-28,600576,6.5,6.19,6.6,6.18,133154,85392885.0,6.49,-4.33,-0.28,1.98
2024-02-29,600576,6.14,6.22,6.33,6.08,111225,69154283.0,4.04,0.48,0.03,1.65
2024-03-01,600576,6.2,6.27,6.29,6.17,72251,45046405.0,1.93,0.8,0.05,1.07
2024-03-04,600576,6.29,6.2,6.32,6.09,67012,41491071.0,3.67,-1.12,-0.07,1.0
2024-03-05,600576,6.17,6.17,6.26,6.11,80331,49767341.0,2.42,-0.48,-0.03,1.19
2024-03-06,600576,6.15,6.13,6.23,6.05,65557,40180851.0,2.92,-0.65,-0.04,0.97
2024-03-07,600576,6.18,6.14,6.2,6.05,80121,49176595.0,2.45,0.16,0.01,1.19
2024-03-08,600576,6.08,6.13,6.18,6.08,58807,36045379.0,1.63,-0.16,-0.01,0.87
2024-03-11,600576,6.13,6.21,6.22,6.1,61131,37690854.0,1.96,1.31,0.08,0.91
2024-03-12,600576,6.21,6.36,6.37,6.21,97136,61058006.0,2.58,2.42,0.15,1.44
2024-03-13,600576,6.33,6.43,6.47,6.27,80304,51225022.0,3.14,1.1,0.07,1.19
2024-03-14,600576,6.43,6.37,6.44,6.29,77198,49254830.0,2.33,-0.93,-0.06,1.15
2024-03-15,600576,6.37,6.32,6.45,6.3,90973,57765211.0,2.35,-0.78,-0.05,1.35
2024-03-18,600576,6.32,6.4,6.41,6.26,88696,56203065.0,2.37,1.27,0.08,1.32
2024-03-19,600576,6.42,6.32,6.47,6.31,106365,67934084.0,2.5,-1.25,-0.08,1.58
2024-03-20,600576,6.31,6.51,6.56,6.31,138603,89586032.0,3.96,3.01,0.19,2.06
2024-03-21,600576,6.53,6.6,6.8,6.5,126874,83668247.0,4.61,1.38,0.09,1.88
2024-03-22,600576,6.61,6.67,6.75,6.46,157964,104621785.0,4.39,1.06,0.07,2.35
2024-03-25,600576,6.67,6.42,6.7,6.4,109517,71652898.0,4.5,-3.75,-0.25,1.63
2024-03-26,600576,6.42,6.35,6.48,6.27,82018,52095747.0,3.27,-1.09,-0.07,1.22
2024-03-27,600576,6.38,6.18,6.42,6.18,78933,49499672.0,3.78,-2.68,-0.17,1.17
2024-03-28,600576,6.14,6.25,6.35,6.11,75370,47165705.0,3.88,1.13,0.07,1.12
2024-03-29,600576,6.23,6.33,6.35,6.18,67201,42043878.0,2.72,1.28,0.08,1.0
2024-04-01,600576,6.33,6.28,6.4,6.14,153707,95789644.0,4.11,-0.79,-0.05,2.28
2024-04-02,600576,6.28,6.2,6.32,6.15,112467,69991714.0,2.71,-1.27,-0.08,1.67
2024-04-03,600576,6.16,6.04,6.2,5.98,124699,75510334.0,3.55,-2.58,-0.16,1.85
2024-04-08,600576,6.0,6.03,6.25,5.98,213500,130865333.0,4.47,-0.17,-0.01,3.17
2024-04-09,600576,6.08,6.18,6.22,5.89,150798,91796896.0,5.47,2.49,0.15,2.24
2024-04-10,600576,6.17,6.14,6.22,6.04,111655,68355637.0,2.91,-0.65,-0.04,1.66
2024-04-11,600576,6.11,6.19,6.2,6.05,122904,75676282.0,2.44,0.81,0.05,1.83
2024-04-12,600576,6.16,6.11,6.16,6.0,178421,108077248.0,2.58,-1.29,-0.08,2.65
2024-04-15,600576,6.01,5.85,6.11,5.65,174786,101970396.0,7.53,-4.26,-0.26,2.6
2024-04-16,600576,5.78,5.38,5.78,5.35,168018,92871702.0,7.35,-8.03,-0.47,2.5
2024-04-17,600576,5.43,5.66,5.76,5.43,120759,67953422.0,6.13,5.2,0.28,1.79
2024-04-18,600576,5.72,5.57,5.75,5.57,127472,71953540.0,3.18,-1.59,-0.09,1.89
2024-04-19,600576,5.56,5.44,5.61,5.41,87358,47945357.0,3.59,-2.33,-0.13,1.3
2024-04-22,600576,5.44,5.56,5.63,5.28,122763,67175350.0,6.43,2.21,0.12,1.82
2024-04-23,600576,5.55,5.48,5.6,5.46,90854,50012694.0,2.52,-1.44,-0.08,1.35
2024-04-24,600576,5.46,5.61,5.61,5.44,99460,55083487.0,3.1,2.37,0.13,1.48
2024-04-25,600576,5.7,5.63,5.82,5.59,124405,70704899.0,4.1,0.36,0.02,1.85
2024-04-26,600576,5.61,5.66,5.71,5.59,102133,57822528.0,2.13,0.53,0.03,1.52
2024-04-29,600576,5.64,5.8,5.84,5.63,134055,77476966.0,3.71,2.47,0.14,1.99
2024-04-30,600576,5.71,5.68,5.82,5.42,242092,134405222.0,6.9,-2.07,-0.12,3.6
2024-05-06,600576,5.66,5.58,5.67,5.52,126708,70755245.0,2.64,-1.76,-0.1,1.88
2024-05-07,600576,5.55,5.59,5.66,5.54,73567,41206365.0,2.15,0.18,0.01,1.09
2024-05-08,600576,5.58,5.47,5.58,5.46,69864,38417093.0,2.15,-2.15,-0.12,1.04
2024-05-09,600576,5.47,5.57,5.78,5.47,103676,58358694.0,5.67,1.83,0.1,1.54
2024-05-10,600576,5.59,5.52,5.64,5.51,73787,41005682.0,2.33,-0.9,-0.05,1.1
2024-05-13,600576,5.47,5.37,5.47,5.32,87218,46942292.0,2.72,-2.72,-0.15,1.3
2024-05-14,600576,5.45,5.45,5.47,5.36,61257,33227466.0,2.05,1.49,0.08,0.91
2024-05-15,600576,5.43,5.45,5.51,5.38,52108,28454596.0,2.39,0.0,0.0,0.77
2024-05-16,600576,5.46,5.51,5.58,5.44,84900,46907327.0,2.57,1.1,0.06,1.26
2024-05-17,600576,5.6,5.63,5.67,5.51,91934,51342644.0,2.9,2.18,0.12,1.37
2024-05-20,600576,5.86,5.67,5.87,5.67,135376,77758924.0,3.55,0.71,0.04,2.01
2024-05-21,600576,5.63,5.65,5.75,5.6,85427,48449224.0,2.65,-0.35,-0.02,1.27
2024-05-22,600576,5.62,5.49,5.66,5.45,113805,62700174.0,3.72,-2.83,-0.16,1.69
2024-05-23,600576,5.47,5.32,5.47,5.32,86128,46188545.0,2.73,-3.1,-0.17,1.28
2024-05-24,600576,5.32,5.34,5.38,5.26,54142,28836175.0,2.26,0.38,0.02,0.8
2024-05-27,600576,5.28,5.23,5.3,5.13,84237,43720026.0,3.18,-2.06,-0.11,1.25
2024-05-28,600576,5.2,5.24,5.27,5.16,46572,24357190.0,2.1,0.19,0.01,0.69
2024-05-29,600576,5.22,5.18,5.28,5.08,98198,50679396.0,3.82,-1.15,-0.06,1.46
2024-05-30,600576,5.16,5.17,5.2,5.1,46743,24114804.0,1.93,-0.19,-0.01,0.69
2024-05-31,600576,5.19,5.29,5.32,5.15,79129,41676111.0,3.29,2.32,0.12,1.18
2024-06-03,600576,5.21,5.13,5.25,5.08,67587,34808943.0,3.21,-3.02,-0.16,1.0
2024-06-04,600576,5.12,5.14,5.18,5.07,49487,25351328.0,2.14,0.19,0.01,0.74
2024-06-05,600576,5.1,4.9,5.14,4.9,92314,46341719.0,4.67,-4.67,-0.24,1.37
2024-06-06,600576,4.99,4.75,5.01,4.63,209443,99892875.0,7.76,-3.06,-0.15,3.11
2024-06-07,600576,4.76,4.82,4.85,4.63,163831,77462123.0,4.63,1.47,0.07,2.43
2024-06-11,600576,4.76,4.73,4.78,4.67,111305,52518242.0,2.28,-1.87,-0.09,1.65
2024-06-12,600576,4.72,4.81,4.84,4.71,112210,53526420.0,2.75,1.69,0.08,1.67
2024-06-13,600576,4.79,4.75,4.84,4.73,54382,25931299.0,2.29,-1.25,-0.06,0.81
2024-06-14,600576,4.73,4.8,4.82,4.7,57150,27359527.0,2.53,1.05,0.05,0.85
2024-06-17,600576,4.79,4.74,4.79,4.72,48721,23138058.0,1.46,-1.25,-0.06,0.72
2024-06-18,600576,4.71,4.74,4.77,4.68,64043,30248547.0,1.9,0.0,0.0,0.95
2024-06-19,600576,4.74,4.66,4.76,4.65,47208,22182599.0,2.32,-1.69,-0.08,0.7
2024-06-20,600576,4.66,4.5,4.69,4.49,65627,29952189.0,4.29,-3.43,-0.16,0.97
2024-06-21,600576,4.51,4.46,4.56,4.44,42032,18879349.0,2.67,-0.89,-0.04,0.62
2024-06-24,600576,4.44,4.23,4.44,4.23,74086,31810551.0,4.71,-5.16,-0.23,1.1
2024-06-25,600576,4.22,4.27,4.33,4.22,60683,26008395.0,2.6,0.95,0.04,0.9
2024-06-26,600576,4.25,4.51,4.51,4.23,95451,42025219.0,6.56,5.62,0.24,1.42
2024-06-27,600576,4.5,4.53,4.59,4.46,66093,29980628.0,2.88,0.44,0.02,0.98
2024-06-28,600576,4.55,4.39,4.56,4.37,75839,33736737.0,4.19,-3.09,-0.14,1.13
2024-07-01,600576,4.37,4.49,4.54,4.35,49200,21779537.0,4.33,2.28,0.1,0.73
2024-07-02,600576,4.48,4.53,4.6,4.47,46059,20933996.0,2.9,0.89,0.04,0.68
2024-07-03,600576,4.54,4.62,4.7,4.5,81688,37765952.0,4.42,1.99,0.09,1.21
2024-07-04,600576,4.59,4.44,4.62,4.42,67632,30414940.0,4.33,-3.9,-0.18,1.0
2024-07-05,600576,4.41,4.49,4.52,4.36,43992,19647025.0,3.6,1.13,0.05,0.65
2024-07-08,600576,4.49,4.34,4.5,4.31,44607,19514391.0,4.23,-3.34,-0.15,0.66
2024-07-09,600576,4.35,4.31,4.37,4.19,48956,20924204.0,4.15,-0.69,-0.03,0.73
2024-07-10,600576,4.3,4.2,4.33,4.2,47981,20424600.0,3.02,-2.55,-0.11,0.71
2024-07-11,600576,4.27,4.38,4.38,4.27,64660,28089408.0,2.62,4.29,0.18,0.96
2024-07-12,600576,4.39,4.29,4.47,4.27,64837,28165197.0,4.57,-2.05,-0.09,0.96
2024-07-15,600576,4.26,4.15,4.28,4.15,57873,24277584.0,3.03,-3.26,-0.14,0.86
2024-07-16,600576,4.15,4.17,4.2,4.12,40486,16813323.0,1.93,0.48,0.02,0.6
2024-07-17,600576,4.18,4.15,4.24,4.13,44360,18506938.0,2.64,-0.48,-0.02,0.66
2024-07-18,600576,4.12,4.18,4.23,4.05,62539,25920725.0,4.34,0.72,0.03,0.93
2024-07-19,600576,4.16,4.14,4.18,4.1,43000,17806496.0,1.91,-0.96,-0.04,0.64
2024-07-22,600576,4.14,4.06,4.17,4.04,79057,32228387.0,3.14,-1.93,-0.08,1.17
2024-07-23,600576,4.06,3.94,4.1,3.94,88203,35358215.0,3.94,-2.96,-0.12,1.31
2024-07-24,600576,3.94,3.68,3.94,3.65,244261,91615778.0,7.36,-6.6,-0.26,3.63
2024-07-25,600576,3.65,3.77,3.79,3.59,130703,48625804.0,5.43,2.45,0.09,1.94
2024-07-26,600576,3.76,3.87,3.88,3.76,80422,30856233.0,3.18,2.65,0.1,1.19
2024-07-29,600576,3.88,3.84,3.9,3.74,73737,28089348.0,4.13,-0.78,-0.03,1.1
2024-07-30,600576,3.85,3.88,3.91,3.79,56350,21803181.0,3.13,1.04,0.04,0.84
2024-07-31,600576,3.9,4.07,4.09,3.89,91081,36717138.0,5.15,4.9,0.19,1.35
2024-08-01,600576,4.07,4.03,4.09,4.0,64861,26200038.0,2.21,-0.98,-0.04,0.96
2024-08-02,600576,4.0,4.0,4.12,3.99,63047,25536784.0,3.23,-0.74,-0.03,0.94
2024-08-05,600576,4.11,4.4,4.4,4.03,123639,52815201.0,9.25,10.0,0.4,1.84
2024-08-06,600576,4.83,4.84,4.84,4.46,581988,275171368.0,8.64,10.0,0.44,8.65
2024-08-07,600576,4.84,4.9,5.19,4.66,752927,371765208.0,10.95,1.24,0.06,11.18
2024-08-08,600576,4.41,4.72,5.13,4.41,568328,268589113.0,14.69,-3.67,-0.18,8.44
2024-08-09,600576,4.7,4.88,5.13,4.54,563463,274156405.0,12.5,3.39,0.16,8.37
2024-08-12,600576,4.76,4.62,4.84,4.53,366164,169098898.0,6.35,-5.33,-0.26,5.44
2024-08-13,600576,4.66,4.4,4.89,4.28,405143,181573071.0,13.2,-4.76,-0.22,6.02
2024-08-14,600576,4.29,4.43,4.52,4.22,302661,132683007.0,6.82,0.68,0.03,4.5
2024-08-15,600576,4.35,4.87,4.87,4.31,394348,181817614.0,12.64,9.93,0.44,5.86
2024-08-16,600576,4.99,4.96,5.13,4.91,648240,324192310.0,4.52,1.85,0.09,9.63
2024-08-19,600576,4.88,4.84,4.97,4.73,341306,164902119.0,4.84,-2.42,-0.12,5.07
2024-08-20,600576,4.83,4.78,4.83,4.67,255123,121108062.0,3.31,-1.24,-0.06,3.79
2024-08-21,600576,4.71,4.73,4.88,4.71,218747,104465632.0,3.56,-1.05,-0.05,3.25
2024-08-22,600576,4.74,4.54,4.75,4.52,230256,105807001.0,4.86,-4.02,-0.19,3.42
2024-08-23,600576,4.51,4.41,4.57,4.3,214678,94716826.0,5.95,-2.86,-0.13,3.19
2024-08-26,600576,4.36,4.28,4.38,4.18,175769,74793103.0,4.54,-2.95,-0.13,2.61
2024-08-27,600576,4.22,4.13,4.28,4.12,132041,55466145.0,3.74,-3.5,-0.15,1.96
2024-08-28,600576,4.2,4.54,4.54,4.2,120258,53112605.0,8.23,9.93,0.41,1.79
2024-08-29,600576,4.46,4.48,4.54,4.32,248411,110701948.0,4.85,-1.32,-0.06,3.69
2024-08-30,600576,4.48,4.72,4.86,4.47,338326,158741352.0,8.71,5.36,0.24,5.03
2024-09-02,600576,4.73,4.73,5.05,4.69,372838,181303059.0,7.63,0.21,0.01,5.54
2024-09-03,600576,4.77,4.85,5.02,4.76,329821,161300227.0,5.5,2.54,0.12,4.9
2024-09-04,600576,4.84,4.84,4.98,4.78,278052,136033017.0,4.12,-0.21,-0.01,4.13
2024-09-05,600576,4.88,4.99,5.12,4.85,350637,174515018.0,5.58,3.1,0.15,5.21
2024-09-06,600576,4.98,5.28,5.49,4.9,646002,340368172.0,11.82,5.81,0.29,9.6
2024-09-09,600576,5.24,5.56,5.81,5.18,796016,441468730.0,11.93,5.3,0.28,11.82
2024-09-10,600576,5.4,5.0,5.45,5.0,580625,294925895.0,8.09,-10.07,-0.56,8.63
2024-09-11,600576,4.95,4.92,5.11,4.9,374121,186724922.0,4.2,-1.6,-0.08,5.56
2024-09-12,600576,4.9,4.82,4.97,4.8,306386,148616794.0,3.46,-2.03,-0.1,4.55
2024-09-13,600576,4.83,4.67,4.89,4.67,268376,127483889.0,4.56,-3.11,-0.15,3.99
2024-09-18,600576,4.75,4.88,4.88,4.53,303791,143114174.0,7.49,4.5,0.21,4.51
2024-09-19,600576,4.9,4.93,5.0,4.81,393160,193448936.0,3.89,1.02,0.05,5.84
2024-09-20,600576,4.88,4.76,4.9,4.72,247094,118353386.0,3.65,-3.45,-0.17,3.67
2024-09-23,600576,4.73,4.7,4.84,4.65,196943,93154320.0,3.99,-1.26,-0.06,2.93
2024-09-24,600576,4.69,5.14,5.17,4.69,564805,283066505.0,10.21,9.36,0.44,8.39
2024-09-25,600576,5.07,5.18,5.28,5.02,546499,282001954.0,5.06,0.78,0.04,8.12
2024-09-26,600576,5.2,5.44,5.45,5.17,530281,281574446.0,5.41,5.02,0.26,7.88
2024-09-27,600576,5.52,5.44,5.66,5.27,581174,317935184.0,7.17,0.0,0.0,8.63
2024-09-30,600576,5.58,5.98,5.98,5.48,805759,463579178.0,9.19,9.93,0.54,11.97
2024-10-08,600576,6.57,6.08,6.58,5.75,764035,466241308.0,13.88,1.67,0.1,11.57
2024-10-09,600576,5.91,5.47,5.91,5.47,422164,236981221.0,7.24,-10.03,-0.61,6.39
2024-10-10,600576,5.43,5.54,5.65,5.34,283298,155929838.0,5.67,1.28,0.07,4.29
2024-10-11,600576,5.5,5.37,5.55,5.31,193640,104746446.0,4.33,-3.07,-0.17,2.93
2024-10-14,600576,5.41,5.48,5.64,5.31,199706,109051117.0,6.15,2.05,0.11,3.02
2024-10-15,600576,5.44,5.34,5.58,5.32,152889,82950446.0,4.74,-2.55,-0.14,2.32
2024-10-16,600576,5.24,5.44,5.45,5.23,177520,95405621.0,4.12,1.87,0.1,2.69
2024-10-17,600576,5.44,5.43,5.59,5.41,198904,109661016.0,3.31,-0.18,-0.01,3.01
2024-10-18,600576,5.42,5.48,5.55,5.34,185074,101099902.0,3.87,0.92,0.05,2.8
2024-10-21,600576,5.12,5.28,5.42,5.12,445116,233436431.0,5.47,-3.65,-0.2,6.74
2024-10-22,600576,5.22,5.32,5.48,5.19,312744,166556700.0,5.49,0.76,0.04,4.74
2024-10-23,600576,5.33,5.32,5.4,5.2,249818,132495651.0,3.76,0.0,0.0,3.78
2024-10-24,600576,5.31,5.34,5.5,5.22,214138,114209848.0,5.26,0.38,0.02,3.24
2024-10-25,600576,5.34,5.52,5.55,5.33,279639,153270216.0,4.12,3.37,0.18,4.23
2024-10-28,600576,5.58,5.72,5.75,5.55,234621,133062100.0,3.62,3.62,0.2,3.55
2024-10-29,600576,5.78,5.54,5.88,5.53,249972,141853216.0,6.12,-3.15,-0.18,3.79
2024-10-30,600576,5.46,5.36,5.46,5.27,225753,120864446.0,3.43,-3.25,-0.18,3.42
2024-10-31,600576,5.36,5.39,5.45,5.25,156301,83521923.0,3.73,0.56,0.03,2.37
2024-11-01,600576,5.37,5.23,5.37,5.17,172242,90508286.0,3.71,-2.97,-0.16,2.61
2024-11-04,600576,5.28,5.65,5.67,5.2,345498,190757299.0,8.99,8.03,0.42,5.23
2024-11-05,600576,5.68,6.08,6.22,5.59,522138,313341386.0,11.15,7.61,0.43,7.91
2024-11-06,600576,6.11,6.55,6.68,6.06,556342,355540848.0,10.2,7.73,0.47,8.42
2024-11-07,600576,6.47,6.5,6.65,6.22,371069,238387378.0,6.56,-0.76,-0.05,5.62
2024-11-08,600576,6.62,6.45,6.72,6.37,303682,197080486.0,5.38,-0.77,-0.05,4.6
2024-11-11,600576,6.4,7.1,7.1,6.4,675340,470737030.0,10.85,10.08,0.65,10.23
2024-11-12,600576,7.1,6.45,7.1,6.39,637321,419191409.0,10.0,-9.15,-0.65,9.65
2024-11-13,600576,6.52,6.5,6.8,6.3,421509,273850357.0,7.75,0.78,0.05,6.38
2024-11-14,600576,6.46,6.2,6.48,6.18,216749,136862606.0,4.62,-4.62,-0.3,3.28
2024-11-15,600576,6.2,6.15,6.43,6.13,176407,110845897.0,4.84,-0.81,-0.05,2.67
2024-11-18,600576,6.19,5.94,6.24,5.86,194827,116149005.0,6.18,-3.41,-0.21,2.95
2024-11-19,600576,5.98,6.08,6.08,5.83,145226,86378932.0,4.21,2.36,0.14,2.2
2024-11-20,600576,6.02,6.21,6.3,5.96,160983,99046882.0,5.59,2.14,0.13,2.44
2024-11-21,600576,6.19,6.33,6.48,6.12,257639,162072917.0,5.8,1.93,0.12,3.9
2024-11-22,600576,6.3,6.27,6.64,6.25,355210,230144465.0,6.16,-0.95,-0.06,5.38
2024-11-25,600576,6.35,6.84,6.9,6.35,622411,420013490.0,8.77,9.09,0.57,9.42
2024-11-26,600576,6.73,6.58,6.82,6.55,412049,274616869.0,3.95,-3.8,-0.26,6.24
2024-11-27,600576,6.6,7.24,7.24,6.53,821197,580874451.0,10.79,10.03,0.66,12.44
2024-11-28,600576,7.2,7.33,7.85,6.95,957221,708069353.0,12.43,1.24,0.09,14.49
2024-11-29,600576,7.33,7.63,7.78,7.07,634749,471238067.0,9.69,4.09,0.3,9.61
2024-12-02,600576,7.46,7.57,7.7,7.25,501301,376416309.0,5.9,-0.79,-0.06,7.59
2024-12-03,600576,7.46,7.77,7.9,7.46,387063,299465175.0,5.81,2.64,0.2,5.86
2024-12-04,600576,7.68,7.5,7.86,7.41,277829,211066301.0,5.79,-3.47,-0.27,4.21
2024-12-05,600576,7.51,7.74,8.08,7.51,310991,242782090.0,7.6,3.2,0.24,4.71
2024-12-06,600576,7.61,7.71,7.83,7.56,196292,151009032.0,3.49,-0.39,-0.03,2.97
2024-12-09,600576,7.72,7.39,7.73,7.26,271924,201431678.0,6.1,-4.15,-0.32,4.12
2024-12-10,600576,7.61,7.95,7.98,7.58,460869,361183575.0,5.41,7.58,0.56,6.98
2024-12-11,600576,7.83,7.95,8.05,7.78,329515,261342681.0,3.4,0.0,0.0,4.99
2024-12-12,600576,7.92,8.01,8.09,7.81,323445,258339514.0,3.52,0.75,0.06,4.9
2024-12-13,600576,7.89,8.03,8.16,7.72,343035,273427035.0,5.49,0.25,0.02,5.19
2024-12-16,600576,8.05,8.21,8.83,7.79,553620,460248186.0,12.95,2.24,0.18,8.38
2024-12-17,600576,7.96,7.64,7.96,7.6,310986,240896959.0,4.38,-6.94,-0.57,4.71
2024-12-18,600576,7.59,7.63,7.7,7.4,164425,124382016.0,3.93,-0.13,-0.01,2.49
2024-12-19,600576,7.55,7.4,7.63,7.18,214554,157714158.0,5.9,-3.01,-0.23,3.25
2024-12-20,600576,7.38,7.42,7.55,7.32,125089,92816492.0,3.11,0.27,0.02,1.89
2024-12-23,600576,7.64,7.21,7.7,7.13,187551,139231166.0,7.68,-2.83,-0.21,2.84
2024-12-24,600576,7.21,7.24,7.32,7.1,127075,91447226.0,3.05,0.42,0.03,1.92
2024-12-25,600576,7.23,6.94,7.25,6.83,148253,103392995.0,5.8,-4.14,-0.3,2.24
2024-12-26,600576,6.93,6.92,7.15,6.85,107552,75174260.0,4.32,-0.29,-0.02,1.63
2024-12-27,600576,6.94,7.08,7.19,6.9,97871,69373104.0,4.19,2.31,0.16,1.48
2024-12-30,600576,7.18,6.74,7.19,6.69,179854,122282909.0,7.06,-4.8,-0.34,2.72
2024-12-31,600576,6.75,6.89,7.03,6.73,164856,113723459.0,4.45,2.23,0.15,2.5
2025-01-02,600576,6.91,7.03,7.43,6.78,279845,198989125.0,9.43,2.03,0.14,4.24
2025-01-03,600576,7.02,6.72,7.02,6.62,197036,134166747.0,5.69,-4.41,-0.31,2.98
2025-01-06,600576,6.65,7.0,7.05,6.6,159034,109670716.0,6.7,4.17,0.28,2.41
2025-01-07,600576,7.03,7.03,7.55,6.96,343291,246702248.0,8.43,0.43,0.03,5.2
2025-01-08,600576,6.94,7.26,7.3,6.87,208223,147992567.0,6.12,3.27,0.23,3.15
2025-01-09,600576,7.17,7.15,7.34,7.06,148604,107205357.0,3.86,-1.52,-0.11,2.25
2025-01-10,600576,7.12,7.2,7.28,7.0,149463,106952128.0,3.92,0.7,0.05,2.26
2025-01-13,600576,7.16,7.5,7.59,7.02,192494,142897004.0,7.92,4.17,0.3,2.91
2025-01-14,600576,8.0,7.92,8.09,7.7,321975,253784604.0,5.2,5.6,0.42,4.88
2025-01-15,600576,7.8,7.77,8.09,7.7,232707,183664479.0,4.92,-1.89,-0.15,3.52
2025-01-16,600576,7.75,7.92,8.15,7.75,214314,169990890.0,5.15,1.93,0.15,3.25
2025-01-17,600576,7.88,8.18,8.19,7.8,250162,201170093.0,4.92,3.28,0.26,3.79
2025-01-20,600576,8.13,8.06,8.47,7.94,239693,194917299.0,6.48,-1.47,-0.12,3.63
2025-01-21,600576,8.0,7.87,8.07,7.78,198788,156980809.0,3.6,-2.36,-0.19,3.01
2025-01-22,600576,7.82,7.78,7.92,7.73,97448,76066570.0,2.41,-1.14,-0.09,1.48
2025-01-23,600576,7.82,7.76,7.98,7.74,113358,88657321.0,3.08,-0.26,-0.02,1.72
2025-01-24,600576,7.76,7.82,7.83,7.59,123259,94835291.0,3.09,0.77,0.06,1.87
2025-01-27,600576,7.82,7.76,7.92,7.71,75468,59062361.0,2.69,-0.77,-0.06,1.14
2025-02-05,600576,7.78,7.4,7.82,7.32,149158,111234534.0,6.44,-4.64,-0.36,2.26
2025-02-06,600576,7.37,7.52,7.75,7.35,129301,97946766.0,5.41,1.62,0.12,1.96
2025-02-07,600576,7.51,7.44,7.65,7.24,154776,115265831.0,5.45,-1.06,-0.08,2.34
2025-02-10,600576,7.45,7.64,7.7,7.38,135139,101897970.0,4.3,2.69,0.2,2.05
2025-02-11,600576,7.6,7.7,7.98,7.6,187234,146000690.0,4.97,0.79,0.06,2.84
2025-02-12,600576,7.66,7.9,8.04,7.64,187197,147766360.0,5.19,2.6,0.2,2.83
2025-02-13,600576,8.09,7.95,8.18,7.79,162142,129320738.0,4.94,0.63,0.05,2.46
2025-02-14,600576,7.94,7.98,8.05,7.76,167193,132169854.0,3.65,0.38,0.03,2.53
2025-02-17,600576,7.91,8.09,8.13,7.61,198236,157741893.0,6.52,1.38,0.11,3.0
2025-02-18,600576,8.03,8.0,8.12,7.92,144969,116223826.0,2.47,-1.11,-0.09,2.2
2025-02-19,600576,8.03,8.04,8.18,7.96,157865,126842340.0,2.75,0.5,0.04,2.39
2025-02-20,600576,8.03,8.31,8.38,7.97,204331,167820320.0,5.1,3.36,0.27,3.09
2025-02-21,600576,8.22,8.05,8.29,8.0,163157,131647523.0,3.49,-3.13,-0.26,2.47
2025-02-24,600576,8.02,8.49,8.68,7.89,287715,240282203.0,9.81,5.47,0.44,4.36
2025-02-25,600576,8.45,8.36,8.63,8.28,165021,139342160.0,4.12,-1.53,-0.13,2.5
2025-02-26,600576,8.4,8.42,8.55,8.28,114407,95940480.0,3.23,0.72,0.06,1.73
2025-02-27,600576,8.5,8.96,9.09,8.4,282820,252036225.0,8.19,6.41,0.54,4.28
2025-02-28,600576,8.95,8.81,9.15,8.8,202344,181289283.0,3.91,-1.67,-0.15,3.06
2025-03-03,600576,8.78,9.34,9.65,8.71,275502,253426639.0,10.67,6.02,0.53,4.17
2025-03-04,600576,9.28,9.28,9.33,8.92,152199,139378448.0,4.39,-0.64,-0.06,2.3
2025-03-05,600576,9.2,9.07,9.29,8.82,170171,153716013.0,5.06,-2.26,-0.21,2.58
2025-03-06,600576,9.04,9.28,9.32,8.94,126999,116268357.0,4.19,2.32,0.21,1.92
2025-03-07,600576,9.2,9.27,9.4,9.09,106267,98340791.0,3.34,-0.11,-0.01,1.61
2025-03-10,600576,9.21,9.31,9.35,9.03,101179,92824721.0,3.45,0.43,0.04,1.53
2025-03-11,600576,9.22,9.75,9.85,9.13,172276,164906888.0,7.73,4.73,0.44,2.61
2025-03-12,600576,9.75,9.46,9.95,9.46,135048,130191498.0,5.03,-2.97,-0.29,2.04
2025-03-13,600576,9.46,9.49,9.54,9.3,95783,90309029.0,2.54,0.32,0.03,1.45
2025-03-14,600576,9.53,9.48,9.59,9.26,109966,103756005.0,3.48,-0.11,-0.01,1.67
2025-03-17,600576,9.53,9.2,9.7,9.15,124648,116788499.0,5.8,-2.95,-0.28,1.89
2025-03-18,600576,9.19,9.29,9.35,9.11,128947,119144326.0,2.61,0.98,0.09,1.95
2025-03-19,600576,9.22,9.02,9.35,8.9,114343,103643207.0,4.84,-2.91,-0.27,1.73
2025-03-20,600576,8.99,9.19,9.35,8.96,108795,100080986.0,4.32,1.88,0.17,1.65
2025-03-21,600576,9.18,9.2,9.42,9.1,88675,82275071.0,3.48,0.11,0.01,1.34
2025-03-24,600576,9.3,9.7,10.12,9.22,353699,344519727.0,9.78,5.43,0.5,5.36
2025-03-25,600576,9.41,9.13,9.58,8.92,244156,227278603.0,6.8,-5.88,-0.57,3.7
2025-03-26,600576,8.8,9.18,9.32,8.68,161335,146271759.0,7.01,0.55,0.05,2.44
2025-03-27,600576,9.2,9.18,9.35,9.13,80117,74048852.0,2.4,0.0,0.0,1.21
2025-03-28,600576,9.14,9.1,9.33,9.07,71129,65330004.0,2.83,-0.87,-0.08,1.08
2025-03-31,600576,9.32,9.15,9.46,8.79,191783,175039391.0,7.36,0.55,0.05,2.9
2025-04-01,600576,9.0,9.18,9.39,8.9,135054,123691357.0,5.36,0.33,0.03,2.05
2025-04-02,600576,9.05,9.17,9.26,8.95,97977,89505140.0,3.38,-0.11,-0.01,1.48
2025-04-03,600576,8.92,9.06,9.34,8.92,94180,86319276.0,4.58,-1.2,-0.11,1.43
2025-04-07,600576,8.69,8.69,9.23,8.18,198249,172261261.0,11.59,-4.08,-0.37,3.0
2025-04-08,600576,8.8,8.88,9.12,8.62,135872,120143045.0,5.75,2.19,0.19,2.06
2025-04-09,600576,8.7,9.26,9.26,8.25,164131,145712974.0,11.37,4.28,0.38,2.49
2025-04-10,600576,9.25,9.62,9.7,9.1,182991,174755232.0,6.48,3.89,0.36,2.77
2025-04-11,600576,9.58,9.64,9.7,9.49,91448,88095052.0,2.18,0.21,0.02,1.38
2025-04-14,600576,9.8,9.82,9.95,9.56,124137,121843220.0,4.05,1.87,0.18,1.88
2025-04-15,600576,9.97,9.81,9.97,9.59,94767,92535161.0,3.87,-0.1,-0.01,1.44
2025-04-16,600576,9.82,9.78,9.92,9.58,96739,94223028.0,3.47,-0.31,-0.03,1.46
2025-04-17,600576,9.68,10.13,10.35,9.66,174551,176216510.0,7.06,3.58,0.35,2.64
2025-04-18,600576,10.35,9.98,10.46,9.78,150574,151395790.0,6.71,-1.48,-0.15,2.28
2025-04-21,600576,9.95,9.98,10.14,9.81,104017,104018293.0,3.31,0.0,0.0,1.58
2025-04-22,600576,10.1,9.5,10.15,9.5,167890,162754138.0,6.51,-4.81,-0.48,2.54
2025-04-23,600576,9.52,9.72,9.98,9.52,135373,132488338.0,4.84,2.32,0.22,2.05
2025-04-24,600576,9.7,9.89,10.08,9.7,175286,173846106.0,3.91,1.75,0.17,2.65
2025-04-25,600576,9.83,10.0,10.12,9.81,106036,105925302.0,3.13,1.11,0.11,1.61
2025-04-28,600576,10.02,9.86,10.08,9.7,104668,103198866.0,3.8,-1.4,-0.14,1.58
2025-04-29,600576,9.81,9.97,10.1,9.65,108469,107847150.0,4.56,1.12,0.11,1.64
2025-04-30,600576,9.98,9.64,9.98,9.55,129006,124737948.0,4.31,-3.31,-0.33,1.95
2025-05-06,600576,9.67,9.51,9.84,9.36,159358,151708082.0,4.98,-1.35,-0.13,2.41
2025-05-07,600576,9.58,9.61,9.75,9.51,94652,91091724.0,2.52,1.05,0.1,1.43
2025-05-08,600576,9.55,9.68,9.8,9.36,156403,150010791.0,4.58,0.73,0.07,2.37
2025-05-09,600576,9.63,9.68,9.78,9.55,71205,68779235.0,2.38,0.0,0.0,1.08
2025-05-12,600576,9.7,10.09,10.16,9.65,136409,135484002.0,5.27,4.24,0.41,2.07
2025-05-13,600576,10.11,9.99,10.15,9.93,82437,82571169.0,2.18,-0.99,-0.1,1.25
2025-05-14,600576,10.0,9.82,10.0,9.72,83424,81955441.0,2.8,-1.7,-0.17,1.26
2025-05-15,600576,9.8,9.73,9.81,9.66,45022,43829591.0,1.53,-0.92,-0.09,0.68
2025-05-16,600576,9.69,9.95,10.08,9.64,102515,101334166.0,4.52,2.26,0.22,1.55
2025-05-19,600576,9.94,10.29,10.5,9.86,172582,177660123.0,6.43,3.42,0.34,2.61
2025-05-20,600576,10.26,10.55,10.65,10.2,144788,152133343.0,4.37,2.53,0.26,2.19
2025-05-21,600576,10.66,10.42,10.73,10.38,80979,84810976.0,3.32,-1.23,-0.13,1.23
2025-05-22,600576,10.42,10.39,10.55,10.24,78047,81016131.0,2.98,-0.29,-0.03,1.18
2025-05-23,600576,10.38,10.33,10.42,10.26,63964,66113018.0,1.54,-0.58,-0.06,0.97
2025-05-26,600576,10.28,10.26,10.63,10.18,87375,90242193.0,4.36,-0.68,-0.07,1.32
2025-05-27,600576,10.2,10.21,10.53,10.08,91111,93271790.0,4.39,-0.49,-0.05,1.38
2025-05-28,600576,10.2,10.1,10.3,10.0,50507,51035315.0,2.94,-1.08,-0.11,0.76
2025-05-29,600576,10.09,10.13,10.2,9.93,62084,62435522.0,2.67,0.3,0.03,0.94
2025-05-30,600576,10.06,10.17,10.47,10.04,98625,101458247.0,4.24,0.39,0.04,1.49
2025-06-03,600576,10.18,10.47,10.58,10.18,105575,109994851.0,3.93,2.95,0.3,1.6
2025-06-04,600576,10.4,10.62,10.67,10.35,81217,85395027.0,3.06,1.43,0.15,1.23
2025-06-05,600576,10.54,10.75,10.8,10.54,105398,112708852.0,2.45,1.22,0.13,1.6
2025-06-06,600576,10.74,10.23,10.82,10.16,138923,143754416.0,6.14,-4.84,-0.52,2.1
2025-06-09,600576,10.23,9.71,10.23,9.55,318574,309993328.0,6.65,-5.08,-0.52,4.82
2025-06-10,600576,9.6,9.51,9.68,9.36,182436,173240285.0,3.3,-2.06,-0.2,2.76
2025-06-11,600576,9.52,9.45,9.6,9.39,122444,116384405.0,2.21,-0.63,-0.06,1.85
2025-06-12,600576,9.4,9.03,9.45,8.77,379796,342566613.0,7.2,-4.44,-0.42,5.75
2025-06-13,600576,8.9,8.6,8.9,8.47,308737,266186770.0,4.76,-4.76,-0.43,4.68
2025-06-16,600576,8.48,8.55,8.63,8.18,250315,211011370.0,5.23,-0.58,-0.05,3.79
2025-06-17,600576,8.62,8.15,8.67,8.12,348827,289064841.0,6.43,-4.68,-0.4,5.28
2025-06-18,600576,8.15,8.25,8.35,7.96,248746,204410057.0,4.79,1.23,0.1,3.77
2025-06-19,600576,8.19,8.32,8.58,8.15,279383,235176805.0,5.21,0.85,0.07,4.23
2025-06-20,600576,8.37,7.84,8.41,7.8,340806,272057199.0,7.33,-5.77,-0.48,5.16
2025-06-23,600576,7.67,7.81,7.82,7.65,176420,136718996.0,2.17,-0.38,-0.03,2.67
2025-06-24,600576,7.79,8.0,8.01,7.79,181963,144330057.0,2.82,2.43,0.19,2.76
2025-06-25,600576,7.98,7.98,8.04,7.72,275209,216544297.0,4.0,-0.25,-0.02,4.17
2025-06-26,600576,8.05,7.89,8.09,7.7,386656,304054708.0,4.89,-1.13,-0.09,5.85
2025-06-27,600576,7.78,7.85,7.92,7.72,223558,174959869.0,2.53,-0.51,-0.04,3.39
2025-06-30,600576,7.89,8.07,8.11,7.86,252503,202523548.0,3.18,2.8,0.22,3.82
2025-07-01,600576,8.09,8.16,8.24,8.05,212307,172867887.0,2.35,1.12,0.09,3.21
2025-07-02,600576,8.17,7.99,8.2,7.95,160574,129208095.0,3.06,-2.08,-0.17,2.43
2025-07-03,600576,8.0,8.02,8.12,7.96,114023,91483904.0,2.0,0.38,0.03,1.73
2025-07-04,600576,8.0,7.89,8.01,7.85,138271,109194639.0,2.0,-1.62,-0.13,2.09
2025-07-07,600576,7.86,7.89,7.94,7.84,73945,58398747.0,1.27,0.0,0.0,1.12
2025-07-08,600576,7.93,7.93,7.96,7.88,92050,73021303.0,1.01,0.51,0.04,1.39
2025-07-09,600576,7.93,7.94,7.99,7.89,110633,87722783.0,1.26,0.13,0.01,1.68
2025-07-10,600576,8.03,7.95,8.18,7.91,230628,184480550.0,3.4,0.13,0.01,3.49
2025-07-11,600576,7.92,8.05,8.15,7.86,224612,180631368.0,3.65,1.26,0.1,3.4
2025-07-14,600576,8.05,7.94,8.05,7.91,164470,130806894.0,1.74,-1.37,-0.11,2.49
2025-07-15,600576,7.91,7.67,7.93,7.62,247278,190852084.0,3.9,-3.4,-0.27,3.74
2025-07-16,600576,7.67,7.71,7.79,7.66,128984,99648808.0,1.69,0.52,0.04,1.95
2025-07-17,600576,7.68,7.76,7.78,7.68,121157,93771308.0,1.3,0.65,0.05,1.83
2025-07-18,600576,7.76,7.77,7.79,7.72,89056,69037487.0,0.9,0.13,0.01,1.35
2025-07-21,600576,7.79,7.9,7.93,7.79,170691,134347913.0,1.8,1.67,0.13,2.58
2025-07-22,600576,7.97,7.91,7.97,7.81,125074,98621069.0,2.03,0.13,0.01,1.89
2025-07-23,600576,7.95,7.81,7.95,7.8,100151,78836128.0,1.9,-1.26,-0.1,1.52
2025-07-24,600576,7.8,7.91,7.93,7.8,122100,96383996.0,1.66,1.28,0.1,1.85
2025-07-25,600576,7.91,7.97,8.09,7.88,206355,164582704.0,2.65,0.76,0.06,3.12
2025-07-28,600576,8.03,7.96,8.11,7.91,185391,148121711.0,2.51,-0.13,-0.01,2.81
2025-07-29,600576,7.96,7.72,8.0,7.53,340660,261896317.0,5.9,-3.02,-0.24,5.16
2025-07-30,600576,7.65,7.75,7.77,7.64,158075,121995502.0,1.68,0.39,0.03,2.39
2025-07-31,600576,7.75,7.72,7.83,7.66,169261,130661898.0,2.19,-0.39,-0.03,2.56
2025-08-01,600576,7.7,7.59,7.73,7.51,171072,129813402.0,2.85,-1.68,-0.13,2.59
2025-08-04,600576,7.53,7.65,7.65,7.48,85935,65371858.0,2.24,0.79,0.06,1.3
2025-08-05,600576,7.62,7.69,7.73,7.61,152126,116476567.0,1.57,0.52,0.04,2.3
2025-08-06,600576,7.66,7.68,7.71,7.6,116551,89081980.0,1.43,-0.13,-0.01,1.76
2025-08-07,600576,7.68,7.65,7.75,7.64,124026,95385675.0,1.43,-0.39,-0.03,1.88
2025-08-08,600576,7.65,7.62,7.66,7.58,97214,73970641.0,1.05,-0.39,-0.03,1.47
2025-08-11,600576,7.62,7.62,7.64,7.58,115072,87527081.0,0.79,0.0,0.0,1.74
2025-08-12,600576,7.63,7.6,7.7,7.53,171489,130298532.0,2.23,-0.26,-0.02,2.6
2025-08-13,600576,7.6,7.56,7.65,7.53,161889,122597806.0,1.58,-0.53,-0.04,2.45
2025-08-14,600576,7.56,7.4,7.61,7.39,216900,162419954.0,2.91,-2.12,-0.16,3.28
2025-08-15,600576,7.38,7.54,7.54,7.35,154311,115346524.0,2.57,1.89,0.14,2.34
2025-08-18,600576,7.54,7.71,7.73,7.53,265070,203762462.0,2.65,2.25,0.17,4.01
2025-08-19,600576,7.73,7.72,7.74,7.64,150670,115948444.0,1.3,0.13,0.01,2.28
2025-08-20,600576,7.74,7.92,8.05,7.68,376887,297685138.0,4.79,2.59,0.2,5.71
2025-08-21,600576,7.84,7.88,8.03,7.83,266908,211106850.0,2.53,-0.51,-0.04,4.04
2025-08-22,600576,7.87,7.92,7.93,7.78,216560,170251376.0,1.9,0.51,0.04,3.28
2025-08-25,600576,7.95,7.93,8.01,7.88,231295,183508081.0,1.64,0.13,0.01,3.5
2025-08-26,600576,7.96,8.1,8.24,7.93,342436,277927004.0,3.91,2.14,0.17,5.19
2025-08-27,600576,8.13,7.87,8.17,7.86,295846,236561811.0,3.83,-2.84,-0.23,4.48
2025-08-28,600576,7.82,7.88,7.98,7.65,237020,185807002.0,4.19,0.13,0.01,3.59
2025-08-29,600576,7.93,8.02,8.15,7.88,317507,255557406.0,3.43,1.78,0.14,4.81
2025-09-01,600576,8.02,8.32,8.4,7.89,505540,417942185.0,6.36,3.74,0.3,7.66
2025-09-02,600576,8.26,8.68,8.73,8.21,613461,522906650.0,6.25,4.33,0.36,9.29
2025-09-03,600576,8.75,8.56,8.92,8.5,511233,443266384.0,4.84,-1.38,-0.12,7.74
2025-09-04,600576,8.38,8.47,8.71,8.21,535229,455321694.0,5.84,-1.05,-0.09,8.1
2025-09-05,600576,8.4,8.43,8.47,8.05,427527,353647403.0,4.96,-0.47,-0.04,6.47
2025-09-08,600576,8.32,8.47,8.63,8.3,307395,260907921.0,3.91,0.47,0.04,4.65
2025-09-09,600576,8.44,8.22,8.47,8.2,277168,230675162.0,3.19,-2.95,-0.25,4.2
2025-09-10,600576,8.2,8.26,8.44,8.18,291980,242147942.0,3.16,0.49,0.04,4.42
2025-09-11,600576,8.27,8.21,8.28,8.01,331094,267890959.0,3.27,-0.61,-0.05,5.01
2025-09-12,600576,8.18,8.4,8.68,8.15,433536,365666892.0,6.46,2.31,0.19,6.56
2025-09-15,600576,8.4,8.38,8.45,8.26,246563,206636218.0,2.26,-0.24,-0.02,3.73
2025-09-16,600576,8.46,8.54,8.6,8.38,348880,295794232.0,2.63,1.91,0.16,5.28
2025-09-17,600576,8.63,8.31,8.68,8.3,376086,315987112.0,4.45,-2.69,-0.23,5.69
2025-09-18,600576,8.3,8.37,8.43,8.26,292108,243208219.0,2.05,0.72,0.06,4.42
2025-09-19,600576,8.33,8.75,8.99,8.13,628176,539617308.0,10.27,4.54,0.38,9.51
2025-09-22,600576,8.67,8.41,8.68,8.36,381373,322270317.0,3.66,-3.89,-0.34,5.77
2025-09-23,600576,8.32,8.03,8.33,7.98,280981,227098989.0,4.16,-4.52,-0.38,4.25
2025-09-24,600576,7.9,7.99,8.02,7.75,184691,146137807.0,3.36,-0.5,-0.04,2.8
2025-09-25,600576,8.0,8.03,8.06,7.82,164021,130306865.0,3.0,0.5,0.04,2.48
2025-09-26,600576,7.96,7.82,7.98,7.82,112516,88726847.0,1.99,-2.62,-0.21,1.7
2025-09-29,600576,7.78,7.71,7.81,7.65,119306,92290264.0,2.05,-1.41,-0.11,1.81
2025-09-30,600576,7.74,7.72,7.87,7.71,121395,94444610.0,2.08,0.13,0.01,1.84
2025-10-09,600576,7.7,7.53,7.7,7.5,175801,132412629.0,2.59,-2.46,-0.19,2.66
2025-10-10,600576,7.53,7.52,7.61,7.51,85645,64598814.0,1.33,-0.13,-0.01,1.3
2025-10-13,600576,7.42,7.53,7.53,7.29,107262,79650722.0,3.19,0.13,0.01,1.62
2025-10-14,600576,7.53,7.41,7.57,7.4,120267,89805811.0,2.26,-1.59,-0.12,1.82
2025-10-15,600576,7.43,7.44,7.45,7.37,64770,48032804.0,1.08,0.4,0.03,0.98
2025-10-16,600576,7.44,7.33,7.48,7.31,78234,57725252.0,2.28,-1.48,-0.11,1.18
2025-10-17,600576,7.33,7.05,7.36,7.03,142651,102347818.0,4.5,-3.82,-0.28,2.16
2025-10-20,600576,7.1,7.09,7.16,7.04,107524,76243408.0,1.7,0.57,0.04,1.63
2025-10-21,600576,7.07,7.13,7.13,7.03,69488,49313073.0,1.41,0.56,0.04,1.05
2025-10-22,600576,7.1,7.29,7.44,7.1,179502,130826989.0,4.77,2.24,0.16,2.72
2025-10-23,600576,7.3,7.28,7.36,7.23,94796,68853982.0,1.78,-0.14,-0.01,1.44
2025-10-24,600576,7.28,7.19,7.29,7.13,99402,71432026.0,2.2,-1.24,-0.09,1.51
2025-10-27,600576,7.25,7.16,7.27,7.14,96188,69190616.0,1.81,-0.42,-0.03,1.46
2025-10-28,600576,7.17,7.16,7.19,7.1,60852,43562240.0,1.26,0.0,0.0,0.92
2025-10-29,600576,7.19,7.18,7.2,7.08,66571,47467948.0,1.68,0.28,0.02,1.01
2025-10-30,600576,7.17,7.11,7.17,7.1,57492,41008049.0,0.97,-0.97,-0.07,0.87
2025-10-31,600576,7.12,7.23,7.27,7.11,107667,77558452.0,2.25,1.69,0.12,1.63
2025-11-03,600576,7.25,7.35,7.35,7.2,113909,82888369.0,2.07,1.66,0.12,1.72
2025-11-04,600576,7.35,7.35,7.4,7.27,89909,66067246.0,1.77,0.0,0.0,1.36
2025-11-05,600576,7.34,7.39,7.43,7.28,137922,101843020.0,2.04,0.54,0.04,2.09
2025-11-06,600576,7.37,7.23,7.37,7.23,101306,73502341.0,1.89,-2.17,-0.16,1.53
2025-11-07,600576,7.22,7.2,7.27,7.18,57495,41521856.0,1.24,-0.41,-0.03,0.87
2025-11-10,600576,7.2,7.53,7.6,7.16,290941,216759727.0,6.11,4.58,0.33,4.41
2025-11-11,600576,7.5,7.54,7.59,7.42,130625,97838138.0,2.26,0.13,0.01,1.98
2025-11-12,600576,7.54,7.81,8.08,7.53,458654,358952466.0,7.29,3.58,0.27,6.95
2025-11-13,600576,8.1,8.59,8.59,7.85,881699,735366804.0,9.48,9.99,0.78,13.35
2025-11-14,600576,9.45,8.47,9.45,8.34,1551688,1399396754.0,12.92,-1.4,-0.12,23.5
2025-11-17,600576,7.81,7.62,7.97,7.62,1081405,831130280.0,4.13,-10.04,-0.85,16.38
2025-11-18,600576,7.68,7.46,7.7,7.44,439257,331193776.0,3.41,-2.1,-0.16,6.65
2025-11-19,600576,7.44,7.54,7.57,7.3,364233,270698093.0,3.62,1.07,0.08,5.52
2025-11-20,600576,7.48,7.48,7.52,7.36,239234,177509134.0,2.12,-0.8,-0.06,3.62
2025-11-21,600576,7.38,7.19,7.48,7.16,245263,178548210.0,4.28,-3.88,-0.29,3.71
2025-11-24,600576,7.26,7.37,7.4,7.19,204616,149541418.0,2.92,2.5,0.18,3.1
2025-11-25,600576,7.37,7.42,7.48,7.37,150375,111702155.0,1.49,0.68,0.05,2.28
2025-11-26,600576,7.42,7.3,7.46,7.27,177166,130384818.0,2.56,-1.62,-0.12,2.68
2025-11-27,600576,7.37,7.36,7.43,7.28,148163,109097259.0,2.05,0.82,0.06,2.24
2025-11-28,600576,7.36,7.39,7.48,7.26,133699,98302563.0,2.99,0.41,0.03,2.02
2025-12-01,600576,7.46,7.51,7.53,7.42,208763,156283564.0,1.49,1.62,0.12,3.16
2025-12-02,600576,7.46,7.37,7.48,7.33,174342,128957518.0,2.0,-1.86,-0.14,2.64
2025-12-03,600576,7.41,7.45,7.55,7.4,259236,193977625.0,2.04,1.09,0.08,3.93
2025-12-04,600576,7.29,7.02,7.39,6.76,632346,440248149.0,8.46,-5.77,-0.43,9.58
2025-12-05,600576,6.84,6.63,6.84,6.49,517960,342407888.0,4.99,-5.56,-0.39,7.84
2025-12-08,600576,6.35,6.39,6.49,6.35,495576,317632503.0,2.11,-3.62,-0.24,7.5
2025-12-09,600576,6.31,5.91,6.34,5.88,729428,440430658.0,7.2,-7.51,-0.48,11.05
2025-12-10,600576,5.84,5.9,6.01,5.82,397951,235257165.0,3.21,-0.17,-0.01,6.03
2025-12-11,600576,5.86,5.81,5.9,5.81,302728,177183172.0,1.53,-1.53,-0.09,4.58
2025-12-12,600576,5.81,5.98,6.08,5.77,393036,232655246.0,5.34,2.93,0.17,5.95
2025-12-15,600576,5.92,5.79,5.96,5.77,341248,198648170.0,3.18,-3.18,-0.19,5.17
2025-12-16,600576,5.77,5.8,5.84,5.75,237140,137610561.0,1.55,0.17,0.01,3.59
2025-12-17,600576,5.7,5.71,5.85,5.58,345318,196770761.0,4.66,-1.55,-0.09,5.23
2025-12-18,600576,5.66,5.8,5.88,5.65,269012,156337363.0,4.03,1.58,0.09,4.07
2025-12-19,600576,5.84,6.02,6.02,5.77,306086,181392017.0,4.31,3.79,0.22,4.63
2025-12-22,600576,6.03,6.08,6.13,5.98,237457,144088346.0,2.49,1.0,0.06,3.6
2025-12-23,600576,5.85,5.91,6.02,5.79,398895,235131524.0,3.78,-2.8,-0.17,6.04
2025-12-24,600576,5.79,5.92,5.96,5.68,284708,166750420.0,4.74,0.17,0.01,4.31
2025-12-25,600576,5.95,6.0,6.05,5.88,210824,125772978.0,2.87,1.35,0.08,3.19
2025-12-26,600576,5.99,6.6,6.6,5.95,676238,428596669.0,10.83,10.0,0.6,10.24
2025-12-29,600576,6.56,6.39,6.62,6.3,569992,364526793.0,4.85,-3.18,-0.21,8.63
2025-12-30,600576,6.37,6.42,6.46,6.31,176311,112793027.0,2.35,0.47,0.03,2.67
2025-12-31,600576,6.34,6.24,6.36,6.23,259391,162608334.0,2.05,-1.73,-0.11,3.93
2026-01-05,600576,6.27,6.29,6.3,6.2,221707,138573942.0,1.6,0.8,0.05,3.36
2026-01-06,600576,6.28,6.39,6.46,6.26,264689,168454550.0,3.18,1.59,0.1,4.01
2026-01-07,600576,6.4,6.47,6.52,6.36,255774,164877161.0,2.5,1.25,0.08,3.87
2026-01-08,600576,6.46,6.6,6.62,6.36,268622,174771128.0,4.02,2.01,0.13,4.07
2026-01-09,600576,6.59,6.63,6.67,6.53,292827,193154891.0,2.12,0.45,0.03,4.43
2026-01-12,600576,6.64,6.66,6.7,6.59,294119,195348530.0,1.66,0.45,0.03,4.45
2026-01-13,600576,6.63,6.52,6.72,6.52,256703,169626934.0,3.0,-2.1,-0.14,3.89
2026-01-14,600576,6.54,6.7,6.75,6.52,350390,233422626.0,3.53,2.76,0.18,5.31
2026-01-15,600576,6.7,6.64,6.8,6.56,266195,177078970.0,3.58,-0.9,-0.06,4.03
2026-01-16,600576,6.62,6.43,6.63,6.41,235893,153034371.0,3.31,-3.16,-0.21,3.57
2026-01-19,600576,6.48,6.56,6.59,6.45,195227,127694235.0,2.18,2.02,0.13,2.96
2026-01-20,600576,6.58,6.56,6.64,6.51,111228,73304499.0,1.98,0.0,0.0,1.68
2026-01-21,600576,6.54,6.62,6.66,6.48,154362,101644734.0,2.73,0.46,0.03,2.34
2026-01-22,600576,6.61,6.72,6.73,6.56,174842,116759232.0,2.57,1.51,0.1,2.65
2026-01-23,600576,6.72,6.78,6.85,6.68,173325,117030806.0,2.53,0.89,0.06,2.62
2026-01-26,600576,6.78,6.59,6.78,6.5,259369,170770719.0,4.13,-2.8,-0.19,3.93
